,Solar
0,0.0
1,0.0
2,0.0
3,0.0
4,0.0
5,0.0
6,0.0
7,172.9
8,327.03
9,566.48
10,769.23
11,769.23
12,769.23
13,769.04
14,602.66
15,374.41
16,208.79
17,129.71
18,38.37
19,-0.0
20,0.0
21,0.0
22,0.0
23,0.0
24,0.0
25,0.0
26,0.0
27,0.0
28,0.0
29,0.0
30,0.0
31,769.23
32,769.23
33,769.23
34,769.23
35,769.23
36,769.23
37,735.95
38,753.7
39,674.13
40,585.65
41,297.05
42,56.54
43,-0.0
44,0.0
45,0.0
46,0.0
47,0.0
48,0.0
49,0.0
50,0.0
51,0.0
52,0.0
53,0.0
54,0.0
55,569.45
56,581.55
57,698.77
58,685.29
59,580.13
60,489.99
61,436.35
62,337.74
63,171.39
64,86.18
65,79.87
66,18.41
67,-0.0
68,0.0
69,0.0
70,0.0
71,0.0
72,0.0
73,0.0
74,0.0
75,0.0
76,0.0
77,0.0
78,0.0
79,125.47
80,177.32
81,122.47
82,123.42
83,132.24
84,116.63
85,100.03
86,98.86
87,93.51
88,92.8
89,51.35
90,14.42
91,-0.0
92,0.0
93,0.0
94,0.0
95,0.0
96,0.0
97,0.0
98,0.0
99,0.0
100,0.0
101,0.0
102,0.0
103,769.23
104,769.23
105,769.23
106,769.23
107,769.23
108,769.23
109,769.23
110,769.23
111,636.6
112,397.49
113,157.2
114,34.77
115,-0.0
116,0.0
117,0.0
118,0.0
119,0.0
120,0.0
121,0.0
122,0.0
123,0.0
124,0.0
125,0.0
126,0.0
127,511.49
128,647.33
129,623.24
130,651.74
131,545.9
132,363.23
133,325.39
134,332.4
135,279.13
136,187.5
137,73.72
138,11.54
139,-0.0
140,0.0
141,0.0
142,0.0
143,0.0
144,0.0
145,0.0
146,0.0
147,0.0
148,0.0
149,0.0
150,0.0
151,340.63
152,744.84
153,769.23
154,769.23
155,747.45
156,728.41
157,671.57
158,615.01
159,495.61
160,314.06
161,183.47
162,37.79
163,-0.0
164,0.0
165,0.0
166,0.0
167,0.0
168,0.0
169,0.0
170,0.0
171,0.0
172,0.0
173,0.0
174,0.0
175,147.35
176,438.99
177,562.08
178,567.97
179,588.88
180,576.27
181,456.03
182,462.95
183,338.01
184,210.4
185,123.68
186,12.14
187,-0.0
188,0.0
189,0.0
190,0.0
191,0.0
192,0.0
193,0.0
194,0.0
195,0.0
196,0.0
197,0.0
198,0.0
199,140.01
200,209.04
201,232.96
202,289.31
203,248.99
204,228.13
205,207.09
206,189.39
207,191.75
208,205.9
209,107.25
210,12.76
211,-0.0
212,0.0
213,0.0
214,0.0
215,0.0
216,0.0
217,0.0
218,0.0
219,0.0
220,0.0
221,0.0
222,0.0
223,585.02
224,532.45
225,558.88
226,617.75
227,681.08
228,646.9
229,367.83
230,317.21
231,349.55
232,201.98
233,89.17
234,22.11
235,-0.0
236,0.0
237,0.0
238,0.0
239,0.0
240,0.0
241,0.0
242,0.0
243,0.0
244,0.0
245,0.0
246,0.0
247,222.02
248,463.49
249,589.56
250,627.09
251,642.87
252,581.77
253,447.37
254,457.72
255,355.54
256,214.16
257,134.42
258,31.2
259,-0.0
260,0.0
261,0.0
262,0.0
263,0.0
264,0.0
265,0.0
266,0.0
267,0.0
268,0.0
269,0.0
270,0.0
271,769.23
272,769.23
273,769.23
274,769.23
275,769.23
276,769.23
277,628.67
278,532.62
279,417.87
280,308.23
281,170.28
282,34.77
283,-0.0
284,0.0
285,0.0
286,0.0
287,0.0
288,0.0
289,0.0
290,0.0
291,0.0
292,0.0
293,0.0
294,0.0
295,273.79
296,716.27
297,769.23
298,727.8
299,686.98
300,695.99
301,629.11
302,668.54
303,616.19
304,470.01
305,343.77
306,84.03
307,-0.0
308,0.0
309,0.0
310,0.0
311,0.0
312,0.0
313,0.0
314,0.0
315,0.0
316,0.0
317,0.0
318,0.0
319,402.99
320,769.23
321,769.23
322,769.23
323,769.23
324,769.23
325,769.23
326,769.23
327,769.23
328,738.98
329,462.97
330,99.63
331,-0.0
332,0.0
333,0.0
334,0.0
335,0.0
336,0.0
337,0.0
338,0.0
339,0.0
340,0.0
341,0.0
342,0.0
343,769.23
344,769.23
345,769.23
346,769.23
347,769.23
348,769.23
349,769.23
350,769.23
351,745.38
352,610.33
353,430.19
354,97.63
355,-0.0
356,0.0
357,0.0
358,0.0
359,0.0
360,0.0
361,0.0
362,0.0
363,0.0
364,0.0
365,0.0
366,0.0
367,654.27
368,769.23
369,769.23
370,769.23
371,769.23
372,769.23
373,769.23
374,717.35
375,473.95
376,284.97
377,114.76
378,23.2
379,-0.0
380,0.0
381,0.0
382,0.0
383,0.0
384,0.0
385,0.0
386,0.0
387,0.0
388,0.0
389,0.0
390,0.0
391,406.66
392,768.47
393,769.23
394,769.23
395,769.23
396,769.23
397,769.23
398,769.23
399,557.55
400,432.13
401,238.93
402,29.08
403,-0.0
404,0.0
405,0.0
406,0.0
407,0.0
408,0.0
409,0.0
410,0.0
411,0.0
412,0.0
413,0.0
414,0.0
415,280.83
416,706.66
417,769.23
418,769.23
419,769.23
420,769.23
421,769.23
422,735.13
423,694.98
424,452.48
425,240.03
426,46.41
427,-0.0
428,0.0
429,0.0
430,0.0
431,0.0
432,0.0
433,0.0
434,0.0
435,0.0
436,0.0
437,0.0
438,0.0
439,265.22
440,600.41
441,741.3
442,744.14
443,710.47
444,627.51
445,457.74
446,297.65
447,241.66
448,233.25
449,158.44
450,29.06
451,-0.0
452,0.0
453,0.0
454,0.0
455,0.0
456,0.0
457,0.0
458,0.0
459,0.0
460,0.0
461,0.0
462,0.0
463,550.19
464,641.05
465,769.23
466,769.23
467,769.23
468,769.23
469,769.23
470,769.23
471,734.67
472,581.02
473,358.06
474,56.78
475,-0.0
476,0.0
477,0.0
478,0.0
479,0.0
480,0.0
481,0.0
482,0.0
483,0.0
484,0.0
485,0.0
486,0.0
487,326.48
488,765.78
489,769.23
490,769.23
491,769.23
492,769.23
493,705.6
494,638.39
495,642.2
496,456.47
497,222.25
498,22.58
499,-0.0
500,0.0
501,0.0
502,0.0
503,0.0
504,0.0
505,0.0
506,0.0
507,0.0
508,0.0
509,0.0
510,0.0
511,330.8
512,769.23
513,769.23
514,769.23
515,769.23
516,758.73
517,706.14
518,669.45
519,533.1
520,233.52
521,81.29
522,9.18
523,-0.0
524,0.0
525,0.0
526,0.0
527,0.0
528,0.0
529,0.0
530,0.0
531,0.0
532,0.0
533,0.0
534,0.0
535,336.02
536,769.23
537,769.23
538,769.23
539,769.23
540,769.23
541,769.23
542,680.98
543,637.38
544,446.66
545,216.37
546,42.03
547,-0.0
548,0.0
549,0.0
550,0.0
551,0.0
552,0.0
553,0.0
554,0.0
555,0.0
556,0.0
557,0.0
558,0.0
559,622.08
560,769.23
561,769.23
562,769.23
563,769.23
564,769.23
565,750.28
566,667.05
567,702.03
568,555.97
569,242.09
570,38.06
571,-0.0
572,0.0
573,0.0
574,0.0
575,0.0
576,0.0
577,0.0
578,0.0
579,0.0
580,0.0
581,0.0
582,0.0
583,769.23
584,215.69
585,225.3
586,350.2
587,331.68
588,528.3
589,630.71
590,523.09
591,516.58
592,394.81
593,224.4
594,25.27
595,-0.0
596,0.0
597,0.0
598,0.0
599,0.0
600,0.0
601,0.0
602,0.0
603,0.0
604,0.0
605,0.0
606,0.0
607,238.05
608,762.04
609,769.23
610,769.23
611,769.23
612,769.23
613,769.23
614,720.95
615,455.9
616,382.5
617,214.35
618,44.25
619,-0.0
620,0.0
621,0.0
622,0.0
623,0.0
624,0.0
625,0.0
626,0.0
627,0.0
628,0.0
629,0.0
630,0.0
631,232.04
632,710.71
633,769.23
634,769.23
635,769.23
636,769.23
637,769.23
638,769.23
639,718.69
640,501.28
641,312.14
642,44.2
643,-0.0
644,0.0
645,0.0
646,0.0
647,0.0
648,0.0
649,0.0
650,0.0
651,0.0
652,0.0
653,0.0
654,0.0
655,245.38
656,769.23
657,769.23
658,769.23
659,759.42
660,731.03
661,633.52
662,540.77
663,636.01
664,553.13
665,294.8
666,30.33
667,-0.0
668,0.0
669,0.0
670,0.0
671,0.0
672,0.0
673,0.0
674,0.0
675,0.0
676,0.0
677,0.0
678,0.0
679,189.08
680,769.23
681,769.23
682,769.23
683,769.23
684,755.82
685,769.23
686,769.23
687,769.23
688,687.56
689,383.69
690,44.3
691,-0.0
692,0.0
693,0.0
694,0.0
695,0.0
696,0.0
697,0.0
698,0.0
699,0.0
700,0.0
701,0.0
702,0.0
703,227.0
704,695.7
705,738.75
706,769.23
707,769.23
708,769.23
709,643.99
710,588.67
711,568.5
712,428.11
713,294.31
714,33.45
715,-0.0
716,0.0
717,0.0
718,0.0
719,0.0
720,0.0
721,0.0
722,0.0
723,0.0
724,0.0
725,0.0
726,0.0
727,208.8
728,719.24
729,769.23
730,769.23
731,769.23
732,769.23
733,769.23
734,769.23
735,691.37
736,581.27
737,360.73
738,44.37
739,-0.0
740,0.0
741,0.0
742,0.0
743,0.0
744,0.0
745,0.0
746,0.0
747,0.0
748,0.0
749,0.0
750,0.0
751,200.21
752,708.73
753,769.23
754,769.23
755,769.23
756,768.56
757,745.36
758,706.84
759,649.31
760,540.98
761,316.93
762,30.97
763,-0.0
764,0.0
765,0.0
766,0.0
767,0.0
768,0.0
769,0.0
770,0.0
771,0.0
772,0.0
773,0.0
774,0.0
775,767.76
776,769.23
777,769.23
778,769.23
779,633.64
780,399.27
781,247.36
782,430.72
783,552.76
784,428.09
785,232.61
786,18.46
787,-0.0
788,0.0
789,0.0
790,0.0
791,0.0
792,0.0
793,0.0
794,0.0
795,0.0
796,0.0
797,0.0
798,0.0
799,179.03
800,614.95
801,677.73
802,482.21
803,570.31
804,459.3
805,311.23
806,187.86
807,136.74
808,72.82
809,37.67
810,7.15
811,-0.0
812,0.0
813,0.0
814,0.0
815,0.0
816,0.0
817,0.0
818,0.0
819,0.0
820,0.0
821,0.0
822,0.0
823,140.21
824,615.57
825,676.32
826,746.75
827,769.23
828,744.93
829,660.47
830,624.01
831,582.82
832,573.62
833,338.24
834,28.69
835,-0.0
836,0.0
837,0.0
838,0.0
839,0.0
840,0.0
841,0.0
842,0.0
843,0.0
844,0.0
845,0.0
846,0.0
847,183.6
848,760.06
849,769.23
850,769.23
851,769.23
852,769.23
853,738.31
854,699.93
855,644.13
856,485.04
857,128.63
858,8.44
859,-0.0
860,0.0
861,0.0
862,0.0
863,0.0
864,0.0
865,0.0
866,0.0
867,0.0
868,0.0
869,0.0
870,0.0
871,143.98
872,577.89
873,665.91
874,682.65
875,574.82
876,381.58
877,264.6
878,537.54
879,535.74
880,443.39
881,238.61
882,16.66
883,-0.0
884,0.0
885,0.0
886,0.0
887,0.0
888,0.0
889,0.0
890,0.0
891,0.0
892,0.0
893,0.0
894,0.0
895,769.23
896,769.23
897,769.23
898,769.23
899,769.23
900,629.29
901,336.37
902,226.99
903,184.97
904,150.3
905,51.72
906,6.69
907,-0.0
908,0.0
909,0.0
910,0.0
911,0.0
912,0.0
913,0.0
914,0.0
915,0.0
916,0.0
917,0.0
918,0.0
919,162.65
920,100.1
921,196.17
922,263.36
923,403.87
924,650.8
925,624.21
926,575.58
927,515.53
928,341.6
929,130.97
930,10.14
931,-0.0
932,0.0
933,0.0
934,0.0
935,0.0
936,0.0
937,0.0
938,0.0
939,0.0
940,0.0
941,0.0
942,0.0
943,452.55
944,769.23
945,769.23
946,769.23
947,769.23
948,769.23
949,687.94
950,636.15
951,387.1
952,205.01
953,91.6
954,10.18
955,-0.0
956,0.0
957,0.0
958,0.0
959,0.0
960,0.0
961,0.0
962,0.0
963,0.0
964,0.0
965,0.0
966,0.0
967,769.23
968,769.23
969,769.23
970,769.23
971,769.23
972,769.23
973,531.91
974,395.74
975,362.83
976,297.13
977,156.86
978,7.59
979,-0.0
980,0.0
981,0.0
982,0.0
983,0.0
984,0.0
985,0.0
986,0.0
987,0.0
988,0.0
989,0.0
990,0.0
991,409.72
992,769.23
993,769.23
994,769.23
995,769.23
996,769.23
997,769.23
998,769.06
999,710.6
1000,476.6
1001,227.57
1002,14.72
1003,-0.0
1004,0.0
1005,0.0
1006,0.0
1007,0.0
1008,0.0
1009,0.0
1010,0.0
1011,0.0
1012,0.0
1013,0.0
1014,0.0
1015,769.23
1016,769.23
1017,769.23
1018,769.23
1019,769.23
1020,769.23
1021,769.23
1022,769.23
1023,683.17
1024,226.28
1025,52.72
1026,6.39
1027,-0.0
1028,0.0
1029,0.0
1030,0.0
1031,0.0
1032,0.0
1033,0.0
1034,0.0
1035,0.0
1036,0.0
1037,0.0
1038,0.0
1039,769.23
1040,769.23
1041,769.23
1042,769.23
1043,769.23
1044,769.23
1045,769.23
1046,769.23
1047,769.23
1048,508.65
1049,45.18
1050,0.88
1051,-0.0
1052,0.0
1053,0.0
1054,0.0
1055,0.0
1056,0.0
1057,0.0
1058,0.0
1059,0.0
1060,0.0
1061,0.0
1062,0.0
1063,78.93
1064,574.96
1065,529.59
1066,364.45
1067,295.7
1068,244.59
1069,175.72
1070,99.12
1071,145.56
1072,191.96
1073,127.06
1074,4.93
1075,-0.0
1076,0.0
1077,0.0
1078,0.0
1079,0.0
1080,0.0
1081,0.0
1082,0.0
1083,0.0
1084,0.0
1085,0.0
1086,0.0
1087,769.23
1088,408.55
1089,400.95
1090,481.98
1091,629.71
1092,769.23
1093,769.23
1094,769.23
1095,711.98
1096,514.57
1097,183.95
1098,8.4
1099,-0.0
1100,0.0
1101,0.0
1102,0.0
1103,0.0
1104,0.0
1105,0.0
1106,0.0
1107,0.0
1108,0.0
1109,0.0
1110,0.0
1111,97.52
1112,766.58
1113,769.23
1114,769.23
1115,769.23
1116,769.23
1117,769.23
1118,755.53
1119,410.05
1120,342.2
1121,190.32
1122,6.37
1123,-0.0
1124,0.0
1125,0.0
1126,0.0
1127,0.0
1128,0.0
1129,0.0
1130,0.0
1131,0.0
1132,0.0
1133,0.0
1134,0.0
1135,769.23
1136,735.99
1137,769.23
1138,769.23
1139,769.23
1140,769.23
1141,769.23
1142,643.62
1143,396.12
1144,309.69
1145,167.83
1146,5.58
1147,-0.0
1148,0.0
1149,0.0
1150,0.0
1151,0.0
1152,0.0
1153,0.0
1154,0.0
1155,0.0
1156,0.0
1157,0.0
1158,0.0
1159,130.87
1160,512.26
1161,687.5
1162,682.19
1163,677.02
1164,642.0
1165,611.48
1166,627.91
1167,592.19
1168,454.37
1169,193.38
1170,6.16
1171,-0.0
1172,0.0
1173,0.0
1174,0.0
1175,0.0
1176,0.0
1177,0.0
1178,0.0
1179,0.0
1180,0.0
1181,0.0
1182,0.0
1183,187.98
1184,134.89
1185,144.85
1186,179.22
1187,185.06
1188,178.15
1189,171.09
1190,121.09
1191,91.62
1192,50.75
1193,23.04
1194,2.61
1195,-0.0
1196,0.0
1197,0.0
1198,0.0
1199,0.0
1200,0.0
1201,0.0
1202,0.0
1203,0.0
1204,0.0
1205,0.0
1206,0.0
1207,769.23
1208,458.82
1209,176.31
1210,181.75
1211,143.1
1212,306.92
1213,497.83
1214,475.31
1215,329.02
1216,250.08
1217,168.03
1218,6.12
1219,-0.0
1220,0.0
1221,0.0
1222,0.0
1223,0.0
1224,0.0
1225,0.0
1226,0.0
1227,0.0
1228,0.0
1229,0.0
1230,0.0
1231,764.85
1232,769.23
1233,769.23
1234,769.23
1235,769.23
1236,769.23
1237,769.23
1238,765.73
1239,631.77
1240,273.34
1241,127.13
1242,3.42
1243,-0.0
1244,0.0
1245,0.0
1246,0.0
1247,0.0
1248,0.0
1249,0.0
1250,0.0
1251,0.0
1252,0.0
1253,0.0
1254,0.0
1255,149.94
1256,769.23
1257,769.23
1258,769.23
1259,769.23
1260,769.23
1261,769.23
1262,769.23
1263,756.05
1264,579.84
1265,312.43
1266,4.87
1267,-0.0
1268,0.0
1269,0.0
1270,0.0
1271,0.0
1272,0.0
1273,0.0
1274,0.0
1275,0.0
1276,0.0
1277,0.0
1278,0.0
1279,158.01
1280,769.23
1281,769.23
1282,769.23
1283,769.23
1284,769.23
1285,769.23
1286,680.97
1287,483.77
1288,349.08
1289,177.85
1290,2.37
1291,-0.0
1292,0.0
1293,0.0
1294,0.0
1295,0.0
1296,0.0
1297,0.0
1298,0.0
1299,0.0
1300,0.0
1301,0.0
1302,0.0
1303,31.75
1304,407.99
1305,504.32
1306,623.78
1307,758.29
1308,769.23
1309,645.26
1310,510.65
1311,479.01
1312,384.82
1313,129.33
1314,0.91
1315,-0.0
1316,0.0
1317,0.0
1318,0.0
1319,0.0
1320,0.0
1321,0.0
1322,0.0
1323,0.0
1324,0.0
1325,0.0
1326,0.0
1327,122.7
1328,769.23
1329,769.23
1330,769.23
1331,769.23
1332,769.23
1333,769.23
1334,769.23
1335,690.15
1336,486.02
1337,235.75
1338,1.11
1339,-0.0
1340,0.0
1341,0.0
1342,0.0
1343,0.0
1344,0.0
1345,0.0
1346,0.0
1347,0.0
1348,0.0
1349,0.0
1350,0.0
1351,89.59
1352,754.77
1353,769.23
1354,769.23
1355,769.23
1356,587.48
1357,434.89
1358,506.85
1359,532.43
1360,351.39
1361,133.46
1362,0.51
1363,-0.0
1364,0.0
1365,0.0
1366,0.0
1367,0.0
1368,0.0
1369,0.0
1370,0.0
1371,0.0
1372,0.0
1373,0.0
1374,0.0
1375,49.93
1376,637.84
1377,769.23
1378,769.23
1379,769.23
1380,710.2
1381,658.04
1382,563.81
1383,424.17
1384,188.48
1385,51.19
1386,-0.0
1387,-0.0
1388,0.0
1389,0.0
1390,0.0
1391,0.0
1392,0.0
1393,0.0
1394,0.0
1395,0.0
1396,0.0
1397,0.0
1398,0.0
1399,73.13
1400,470.93
1401,519.69
1402,598.71
1403,627.79
1404,634.86
1405,589.58
1406,564.85
1407,276.58
1408,188.76
1409,42.82
1410,-0.0
1411,-0.0
1412,0.0
1413,0.0
1414,0.0
1415,0.0
1416,0.0
1417,0.0
1418,0.0
1419,0.0
1420,0.0
1421,0.0
1422,0.0
1423,23.48
1424,194.47
1425,475.84
1426,282.49
1427,152.53
1428,142.61
1429,267.63
1430,225.37
1431,97.91
1432,57.75
1433,22.08
1434,-0.0
1435,-0.0
1436,0.0
1437,0.0
1438,0.0
1439,0.0
1440,0.0
1441,0.0
1442,0.0
1443,0.0
1444,0.0
1445,0.0
1446,0.0
1447,89.61
1448,769.23
1449,769.23
1450,769.23
1451,769.23
1452,769.23
1453,767.59
1454,670.38
1455,595.6
1456,343.66
1457,131.47
1458,-0.0
1459,-0.0
1460,0.0
1461,0.0
1462,0.0
1463,0.0
1464,0.0
1465,0.0
1466,0.0
1467,0.0
1468,0.0
1469,0.0
1470,0.0
1471,84.5
1472,769.23
1473,769.23
1474,769.23
1475,769.23
1476,769.23
1477,767.95
1478,520.99
1479,465.89
1480,352.71
1481,134.48
1482,-0.0
1483,-0.0
1484,0.0
1485,0.0
1486,0.0
1487,0.0
1488,0.0
1489,0.0
1490,0.0
1491,0.0
1492,0.0
1493,0.0
1494,0.0
1495,65.79
1496,586.38
1497,659.91
1498,705.14
1499,731.01
1500,717.0
1501,597.46
1502,431.26
1503,355.16
1504,315.98
1505,148.85
1506,-0.0
1507,-0.0
1508,0.0
1509,0.0
1510,0.0
1511,0.0
1512,0.0
1513,0.0
1514,0.0
1515,0.0
1516,0.0
1517,0.0
1518,0.0
1519,72.27
1520,694.18
1521,769.23
1522,769.23
1523,769.23
1524,769.23
1525,769.23
1526,734.02
1527,633.45
1528,309.31
1529,102.86
1530,-0.0
1531,-0.0
1532,0.0
1533,0.0
1534,0.0
1535,0.0
1536,0.0
1537,0.0
1538,0.0
1539,0.0
1540,0.0
1541,0.0
1542,0.0
1543,84.98
1544,754.26
1545,745.85
1546,701.95
1547,673.47
1548,656.63
1549,647.43
1550,572.72
1551,570.29
1552,258.26
1553,171.51
1554,-0.0
1555,-0.0
1556,0.0
1557,0.0
1558,0.0
1559,0.0
1560,0.0
1561,0.0
1562,0.0
1563,0.0
1564,0.0
1565,0.0
1566,0.0
1567,60.56
1568,631.32
1569,707.65
1570,769.23
1571,769.23
1572,769.23
1573,714.12
1574,715.47
1575,588.08
1576,286.03
1577,117.03
1578,-0.0
1579,-0.0
1580,0.0
1581,0.0
1582,0.0
1583,0.0
1584,0.0
1585,0.0
1586,0.0
1587,0.0
1588,0.0
1589,0.0
1590,0.0
1591,55.42
1592,624.57
1593,769.23
1594,769.23
1595,769.23
1596,769.23
1597,769.23
1598,742.72
1599,572.68
1600,315.17
1601,125.71
1602,-0.0
1603,-0.0
1604,0.0
1605,0.0
1606,0.0
1607,0.0
1608,0.0
1609,0.0
1610,0.0
1611,0.0
1612,0.0
1613,0.0
1614,0.0
1615,77.97
1616,769.23
1617,769.23
1618,769.23
1619,769.23
1620,769.23
1621,753.25
1622,673.48
1623,469.58
1624,337.04
1625,120.72
1626,-0.0
1627,-0.0
1628,0.0
1629,0.0
1630,0.0
1631,0.0
1632,0.0
1633,0.0
1634,0.0
1635,0.0
1636,0.0
1637,0.0
1638,0.0
1639,98.64
1640,769.23
1641,769.23
1642,769.23
1643,769.23
1644,769.23
1645,680.05
1646,637.84
1647,583.0
1648,343.96
1649,121.54
1650,-0.0
1651,-0.0
1652,0.0
1653,0.0
1654,0.0
1655,0.0
1656,0.0
1657,0.0
1658,0.0
1659,0.0
1660,0.0
1661,0.0
1662,0.0
1663,54.75
1664,709.9
1665,540.14
1666,449.97
1667,371.09
1668,230.01
1669,164.42
1670,153.01
1671,142.07
1672,74.7
1673,16.2
1674,-0.0
1675,-0.0
1676,0.0
1677,0.0
1678,0.0
1679,0.0
1680,0.0
1681,0.0
1682,0.0
1683,0.0
1684,0.0
1685,0.0
1686,0.0
1687,45.25
1688,566.83
1689,769.23
1690,769.23
1691,769.23
1692,769.23
1693,769.23
1694,756.59
1695,596.76
1696,349.7
1697,134.49
1698,-0.0
1699,-0.0
1700,0.0
1701,0.0
1702,0.0
1703,0.0
1704,0.0
1705,0.0
1706,0.0
1707,0.0
1708,0.0
1709,0.0
1710,0.0
1711,28.87
1712,571.99
1713,715.75
1714,707.78
1715,686.26
1716,645.69
1717,603.97
1718,583.93
1719,469.34
1720,328.88
1721,115.21
1722,-0.0
1723,-0.0
1724,0.0
1725,0.0
1726,0.0
1727,0.0
1728,0.0
1729,0.0
1730,0.0
1731,0.0
1732,0.0
1733,0.0
1734,0.0
1735,40.92
1736,622.83
1737,769.23
1738,769.23
1739,769.23
1740,629.15
1741,577.69
1742,538.89
1743,513.23
1744,352.92
1745,165.98
1746,-0.0
1747,-0.0
1748,0.0
1749,0.0
1750,0.0
1751,0.0
1752,0.0
1753,0.0
1754,0.0
1755,0.0
1756,0.0
1757,0.0
1758,0.0
1759,23.49
1760,356.21
1761,388.86
1762,354.93
1763,386.02
1764,444.3
1765,486.54
1766,386.63
1767,207.09
1768,147.31
1769,44.08
1770,-0.0
1771,-0.0
1772,0.0
1773,0.0
1774,0.0
1775,0.0
1776,0.0
1777,0.0
1778,0.0
1779,0.0
1780,0.0
1781,0.0
1782,0.0
1783,94.42
1784,679.88
1785,590.65
1786,653.52
1787,598.57
1788,524.1
1789,317.96
1790,223.6
1791,160.33
1792,50.73
1793,3.02
1794,-0.0
1795,-0.0
1796,0.0
1797,0.0
1798,0.0
1799,0.0
1800,0.0
1801,0.0
1802,0.0
1803,0.0
1804,0.0
1805,0.0
1806,0.0
1807,4.62
1808,22.43
1809,106.13
1810,135.45
1811,85.71
1812,68.12
1813,53.26
1814,65.91
1815,79.24
1816,46.9
1817,10.26
1818,-0.0
1819,-0.0
1820,0.0
1821,0.0
1822,0.0
1823,0.0
1824,0.0
1825,0.0
1826,0.0
1827,0.0
1828,0.0
1829,0.0
1830,0.0
1831,32.1
1832,234.06
1833,170.87
1834,140.74
1835,225.13
1836,162.21
1837,121.09
1838,211.55
1839,178.16
1840,89.5
1841,27.76
1842,-0.0
1843,-0.0
1844,0.0
1845,0.0
1846,0.0
1847,0.0
1848,0.0
1849,0.0
1850,0.0
1851,0.0
1852,0.0
1853,0.0
1854,0.0
1855,9.46
1856,208.08
1857,289.19
1858,449.36
1859,338.35
1860,160.4
1861,189.78
1862,242.18
1863,253.91
1864,152.41
1865,40.46
1866,-0.0
1867,-0.0
1868,0.0
1869,0.0
1870,0.0
1871,0.0
1872,0.0
1873,0.0
1874,0.0
1875,0.0
1876,0.0
1877,0.0
1878,0.0
1879,76.2
1880,527.81
1881,664.67
1882,769.23
1883,588.84
1884,165.89
1885,135.51
1886,181.32
1887,167.06
1888,59.27
1889,15.01
1890,-0.0
1891,-0.0
1892,0.0
1893,0.0
1894,0.0
1895,0.0
1896,0.0
1897,0.0
1898,0.0
1899,0.0
1900,0.0
1901,0.0
1902,0.0
1903,17.78
1904,316.97
1905,246.85
1906,292.35
1907,132.62
1908,104.33
1909,77.61
1910,59.0
1911,43.38
1912,24.99
1913,10.23
1914,-0.0
1915,-0.0
1916,0.0
1917,0.0
1918,0.0
1919,0.0
1920,0.0
1921,0.0
1922,0.0
1923,0.0
1924,0.0
1925,0.0
1926,0.0
1927,47.28
1928,453.81
1929,634.75
1930,633.67
1931,596.1
1932,646.27
1933,521.23
1934,404.33
1935,261.91
1936,124.05
1937,22.43
1938,-0.0
1939,-0.0
1940,0.0
1941,0.0
1942,0.0
1943,0.0
1944,0.0
1945,0.0
1946,0.0
1947,0.0
1948,0.0
1949,0.0
1950,0.0
1951,0.0
1952,97.3
1953,101.39
1954,82.12
1955,102.9
1956,163.91
1957,182.62
1958,103.99
1959,52.68
1960,29.78
1961,6.31
1962,-0.0
1963,-0.0
1964,0.0
1965,0.0
1966,0.0
1967,0.0
1968,0.0
1969,0.0
1970,0.0
1971,0.0
1972,0.0
1973,0.0
1974,0.0
1975,0.0
1976,316.36
1977,442.73
1978,701.61
1979,727.32
1980,625.21
1981,565.92
1982,493.35
1983,451.85
1984,338.08
1985,98.03
1986,-0.0
1987,-0.0
1988,0.0
1989,0.0
1990,0.0
1991,0.0
1992,0.0
1993,0.0
1994,0.0
1995,0.0
1996,0.0
1997,0.0
1998,0.0
1999,0.0
2000,632.23
2001,769.23
2002,769.23
2003,769.23
2004,769.23
2005,769.23
2006,754.84
2007,689.45
2008,507.21
2009,185.85
2010,-0.0
2011,-0.0
2012,0.0
2013,0.0
2014,0.0
2015,0.0
2016,0.0
2017,0.0
2018,0.0
2019,0.0
2020,0.0
2021,0.0
2022,0.0
2023,0.0
2024,676.43
2025,769.23
2026,769.23
2027,769.23
2028,751.95
2029,640.75
2030,627.59
2031,607.65
2032,475.18
2033,174.58
2034,-0.0
2035,-0.0
2036,0.0
2037,0.0
2038,0.0
2039,0.0
2040,0.0
2041,0.0
2042,0.0
2043,0.0
2044,0.0
2045,0.0
2046,0.0
2047,0.0
2048,635.76
2049,769.23
2050,769.23
2051,769.23
2052,769.23
2053,746.43
2054,674.37
2055,627.2
2056,353.93
2057,136.39
2058,-0.0
2059,0.0
2060,0.0
2061,0.0
2062,0.0
2063,0.0
2064,0.0
2065,0.0
2066,0.0
2067,0.0
2068,0.0
2069,0.0
2070,0.0
2071,0.0
2072,769.23
2073,769.23
2074,769.23
2075,769.23
2076,769.23
2077,769.23
2078,748.85
2079,635.78
2080,261.85
2081,97.96
2082,-0.0
2083,0.0
2084,0.0
2085,0.0
2086,0.0
2087,0.0
2088,0.0
2089,0.0
2090,0.0
2091,0.0
2092,0.0
2093,0.0
2094,0.0
2095,0.0
2096,320.79
2097,500.76
2098,627.99
2099,550.52
2100,447.16
2101,331.73
2102,270.4
2103,170.18
2104,58.02
2105,20.62
2106,-0.0
2107,0.0
2108,0.0
2109,0.0
2110,0.0
2111,0.0
2112,0.0
2113,0.0
2114,0.0
2115,0.0
2116,0.0
2117,0.0
2118,0.0
2119,0.0
2120,587.03
2121,737.78
2122,769.23
2123,769.23
2124,769.23
2125,738.51
2126,679.19
2127,586.09
2128,345.27
2129,163.62
2130,-0.0
2131,0.0
2132,0.0
2133,0.0
2134,0.0
2135,0.0
2136,0.0
2137,0.0
2138,0.0
2139,0.0
2140,0.0
2141,0.0
2142,0.0
2143,0.0
2144,592.24
2145,750.03
2146,769.23
2147,769.23
2148,769.23
2149,701.15
2150,693.11
2151,607.75
2152,314.44
2153,109.92
2154,-0.0
2155,0.0
2156,0.0
2157,0.0
2158,0.0
2159,0.0
2160,0.0
2161,0.0
2162,0.0
2163,0.0
2164,0.0
2165,0.0
2166,0.0
2167,0.0
2168,582.09
2169,769.23
2170,769.23
2171,769.23
2172,769.23
2173,768.36
2174,609.44
2175,500.23
2176,327.56
2177,96.46
2178,-0.0
2179,0.0
2180,0.0
2181,0.0
2182,0.0
2183,0.0
2184,0.0
2185,0.0
2186,0.0
2187,0.0
2188,0.0
2189,0.0
2190,0.0
2191,0.0
2192,585.16
2193,769.23
2194,733.82
2195,689.09
2196,670.98
2197,544.5
2198,461.26
2199,266.48
2200,259.37
2201,109.97
2202,-0.0
2203,0.0
2204,0.0
2205,0.0
2206,0.0
2207,0.0
2208,0.0
2209,0.0
2210,0.0
2211,0.0
2212,0.0
2213,0.0
2214,0.0
2215,0.0
2216,474.91
2217,660.76
2218,643.62
2219,624.04
2220,444.54
2221,264.2
2222,251.59
2223,215.58
2224,154.89
2225,42.21
2226,-0.0
2227,0.0
2228,0.0
2229,0.0
2230,0.0
2231,0.0
2232,0.0
2233,0.0
2234,0.0
2235,0.0
2236,0.0
2237,0.0
2238,0.0
2239,0.0
2240,242.16
2241,126.89
2242,74.94
2243,83.85
2244,128.6
2245,105.96
2246,101.22
2247,87.8
2248,32.91
2249,1.14
2250,-0.0
2251,0.0
2252,0.0
2253,0.0
2254,0.0
2255,0.0
2256,0.0
2257,0.0
2258,0.0
2259,0.0
2260,0.0
2261,0.0
2262,0.0
2263,0.0
2264,356.5
2265,344.98
2266,296.56
2267,188.51
2268,80.47
2269,67.69
2270,136.96
2271,92.44
2272,22.26
2273,-0.0
2274,-0.0
2275,0.0
2276,0.0
2277,0.0
2278,0.0
2279,0.0
2280,0.0
2281,0.0
2282,0.0
2283,0.0
2284,0.0
2285,0.0
2286,0.0
2287,0.0
2288,254.78
2289,351.0
2290,656.68
2291,651.24
2292,423.26
2293,288.63
2294,319.16
2295,257.51
2296,128.59
2297,34.77
2298,-0.0
2299,0.0
2300,0.0
2301,0.0
2302,0.0
2303,0.0
2304,0.0
2305,0.0
2306,0.0
2307,0.0
2308,0.0
2309,0.0
2310,0.0
2311,0.0
2312,148.01
2313,254.05
2314,355.45
2315,674.18
2316,724.29
2317,713.75
2318,572.92
2319,441.48
2320,219.81
2321,61.84
2322,-0.0
2323,0.0
2324,0.0
2325,0.0
2326,0.0
2327,0.0
2328,0.0
2329,0.0
2330,0.0
2331,0.0
2332,0.0
2333,0.0
2334,0.0
2335,0.0
2336,481.02
2337,677.7
2338,717.6
2339,685.58
2340,650.63
2341,609.47
2342,548.49
2343,489.38
2344,254.63
2345,45.41
2346,-0.0
2347,0.0
2348,0.0
2349,0.0
2350,0.0
2351,0.0
2352,0.0
2353,0.0
2354,0.0
2355,0.0
2356,0.0
2357,0.0
2358,0.0
2359,0.0
2360,769.23
2361,768.03
2362,733.27
2363,702.64
2364,669.31
2365,639.59
2366,613.27
2367,560.53
2368,421.77
2369,137.4
2370,-0.0
2371,0.0
2372,0.0
2373,0.0
2374,0.0
2375,0.0
2376,0.0
2377,0.0
2378,0.0
2379,0.0
2380,0.0
2381,0.0
2382,0.0
2383,0.0
2384,569.45
2385,769.23
2386,769.23
2387,707.55
2388,696.83
2389,724.07
2390,633.36
2391,529.18
2392,393.02
2393,111.08
2394,-0.0
2395,0.0
2396,0.0
2397,0.0
2398,0.0
2399,0.0
2400,0.0
2401,0.0
2402,0.0
2403,0.0
2404,0.0
2405,0.0
2406,0.0
2407,0.0
2408,615.08
2409,606.62
2410,722.17
2411,747.5
2412,696.17
2413,690.58
2414,696.53
2415,592.37
2416,390.84
2417,75.25
2418,-0.0
2419,0.0
2420,0.0
2421,0.0
2422,0.0
2423,0.0
2424,0.0
2425,0.0
2426,0.0
2427,0.0
2428,0.0
2429,0.0
2430,0.0
2431,0.0
2432,435.12
2433,684.12
2434,705.36
2435,676.54
2436,640.96
2437,610.45
2438,586.12
2439,541.07
2440,401.71
2441,98.25
2442,-0.0
2443,0.0
2444,0.0
2445,0.0
2446,0.0
2447,0.0
2448,0.0
2449,0.0
2450,0.0
2451,0.0
2452,0.0
2453,0.0
2454,0.0
2455,0.0
2456,476.14
2457,687.57
2458,702.75
2459,673.95
2460,633.91
2461,599.38
2462,561.73
2463,529.24
2464,394.84
2465,101.62
2466,-0.0
2467,0.0
2468,0.0
2469,0.0
2470,0.0
2471,0.0
2472,0.0
2473,0.0
2474,0.0
2475,0.0
2476,0.0
2477,0.0
2478,0.0
2479,0.0
2480,478.96
2481,690.04
2482,759.18
2483,715.08
2484,677.24
2485,645.92
2486,623.44
2487,597.65
2488,453.31
2489,116.03
2490,-0.0
2491,0.0
2492,0.0
2493,0.0
2494,0.0
2495,0.0
2496,0.0
2497,0.0
2498,0.0
2499,0.0
2500,0.0
2501,0.0
2502,0.0
2503,0.0
2504,548.96
2505,747.66
2506,769.23
2507,769.23
2508,769.23
2509,690.6
2510,606.09
2511,580.65
2512,437.56
2513,103.95
2514,-0.0
2515,0.0
2516,0.0
2517,0.0
2518,0.0
2519,0.0
2520,0.0
2521,0.0
2522,0.0
2523,0.0
2524,0.0
2525,0.0
2526,0.0
2527,0.0
2528,762.44
2529,769.23
2530,769.23
2531,769.23
2532,769.23
2533,689.98
2534,632.38
2535,567.11
2536,400.2
2537,84.94
2538,-0.0
2539,0.0
2540,0.0
2541,0.0
2542,0.0
2543,0.0
2544,0.0
2545,0.0
2546,0.0
2547,0.0
2548,0.0
2549,0.0
2550,0.0
2551,0.0
2552,563.21
2553,769.23
2554,769.23
2555,769.23
2556,769.23
2557,684.51
2558,612.49
2559,363.85
2560,178.64
2561,31.67
2562,-0.0
2563,0.0
2564,0.0
2565,0.0
2566,0.0
2567,0.0
2568,0.0
2569,0.0
2570,0.0
2571,0.0
2572,0.0
2573,0.0
2574,0.0
2575,0.0
2576,699.22
2577,734.8
2578,733.35
2579,633.32
2580,526.09
2581,492.33
2582,329.1
2583,372.87
2584,112.03
2585,15.02
2586,-0.0
2587,0.0
2588,0.0
2589,0.0
2590,0.0
2591,0.0
2592,0.0
2593,0.0
2594,0.0
2595,0.0
2596,0.0
2597,0.0
2598,0.0
2599,0.0
2600,425.92
2601,630.41
2602,649.37
2603,626.13
2604,716.95
2605,628.47
2606,542.84
2607,470.55
2608,287.15
2609,68.58
2610,-0.0
2611,0.0
2612,0.0
2613,0.0
2614,0.0
2615,0.0
2616,0.0
2617,0.0
2618,0.0
2619,0.0
2620,0.0
2621,0.0
2622,0.0
2623,0.0
2624,456.79
2625,769.23
2626,769.23
2627,740.76
2628,734.81
2629,656.7
2630,578.53
2631,532.16
2632,388.14
2633,51.33
2634,-0.0
2635,0.0
2636,0.0
2637,0.0
2638,0.0
2639,0.0
2640,0.0
2641,0.0
2642,0.0
2643,0.0
2644,0.0
2645,0.0
2646,0.0
2647,0.0
2648,405.33
2649,668.34
2650,706.06
2651,664.36
2652,583.13
2653,452.74
2654,440.28
2655,410.11
2656,272.38
2657,44.06
2658,-0.0
2659,0.0
2660,0.0
2661,0.0
2662,0.0
2663,0.0
2664,0.0
2665,0.0
2666,0.0
2667,0.0
2668,0.0
2669,0.0
2670,0.0
2671,0.0
2672,172.32
2673,266.02
2674,331.63
2675,311.37
2676,246.12
2677,214.77
2678,200.45
2679,127.1
2680,53.28
2681,3.41
2682,-0.0
2683,0.0
2684,0.0
2685,0.0
2686,0.0
2687,0.0
2688,0.0
2689,0.0
2690,0.0
2691,0.0
2692,0.0
2693,0.0
2694,0.0
2695,0.0
2696,182.15
2697,193.49
2698,311.71
2699,348.5
2700,338.34
2701,311.54
2702,189.31
2703,105.21
2704,52.57
2705,3.4
2706,-0.0
2707,0.0
2708,0.0
2709,0.0
2710,0.0
2711,0.0
2712,0.0
2713,0.0
2714,0.0
2715,0.0
2716,0.0
2717,0.0
2718,0.0
2719,0.0
2720,341.86
2721,338.47
2722,431.3
2723,372.88
2724,245.83
2725,196.64
2726,208.42
2727,266.15
2728,194.23
2729,20.86
2730,-0.0
2731,0.0
2732,0.0
2733,0.0
2734,0.0
2735,0.0
2736,0.0
2737,0.0
2738,0.0
2739,0.0
2740,0.0
2741,0.0
2742,0.0
2743,0.0
2744,593.38
2745,769.23
2746,769.23
2747,769.23
2748,665.46
2749,658.38
2750,608.09
2751,524.36
2752,376.06
2753,48.11
2754,-0.0
2755,0.0
2756,0.0
2757,0.0
2758,0.0
2759,0.0
2760,0.0
2761,0.0
2762,0.0
2763,0.0
2764,0.0
2765,0.0
2766,0.0
2767,0.0
2768,466.39
2769,769.23
2770,769.23
2771,769.23
2772,700.94
2773,614.23
2774,628.81
2775,552.74
2776,324.78
2777,27.27
2778,-0.0
2779,0.0
2780,0.0
2781,0.0
2782,0.0
2783,0.0
2784,0.0
2785,0.0
2786,0.0
2787,0.0
2788,0.0
2789,0.0
2790,0.0
2791,0.0
2792,388.88
2793,755.03
2794,769.23
2795,769.23
2796,672.09
2797,574.66
2798,551.96
2799,489.62
2800,326.25
2801,32.16
2802,-0.0
2803,0.0
2804,0.0
2805,0.0
2806,0.0
2807,0.0
2808,0.0
2809,0.0
2810,0.0
2811,0.0
2812,0.0
2813,0.0
2814,0.0
2815,0.0
2816,453.78
2817,711.81
2818,731.35
2819,759.46
2820,737.35
2821,596.01
2822,516.59
2823,465.97
2824,309.97
2825,25.55
2826,-0.0
2827,0.0
2828,0.0
2829,0.0
2830,0.0
2831,0.0
2832,0.0
2833,0.0
2834,0.0
2835,0.0
2836,0.0
2837,0.0
2838,0.0
2839,0.0
2840,225.46
2841,381.45
2842,441.02
2843,417.05
2844,351.76
2845,279.61
2846,205.72
2847,118.69
2848,58.63
2849,0.69
2850,-0.0
2851,0.0
2852,0.0
2853,0.0
2854,0.0
2855,0.0
2856,0.0
2857,0.0
2858,0.0
2859,0.0
2860,0.0
2861,0.0
2862,0.0
2863,0.0
2864,234.42
2865,429.05
2866,462.28
2867,272.49
2868,125.69
2869,95.33
2870,76.14
2871,46.95
2872,15.26
2873,-0.0
2874,-0.0
2875,0.0
2876,0.0
2877,0.0
2878,0.0
2879,0.0
2880,0.0
2881,0.0
2882,0.0
2883,0.0
2884,0.0
2885,0.0
2886,0.0
2887,0.0
2888,231.15
2889,401.12
2890,512.86
2891,523.4
2892,514.42
2893,418.07
2894,369.65
2895,306.31
2896,177.07
2897,6.5
2898,-0.0
2899,0.0
2900,0.0
2901,0.0
2902,0.0
2903,0.0
2904,0.0
2905,0.0
2906,0.0
2907,0.0
2908,0.0
2909,0.0
2910,0.0
2911,0.0
2912,173.3
2913,446.06
2914,433.07
2915,321.76
2916,235.75
2917,130.17
2918,161.93
2919,186.63
2920,89.04
2921,5.18
2922,-0.0
2923,0.0
2924,0.0
2925,0.0
2926,0.0
2927,0.0
2928,0.0
2929,0.0
2930,0.0
2931,0.0
2932,0.0
2933,0.0
2934,0.0
2935,0.0
2936,328.71
2937,430.71
2938,575.25
2939,564.62
2940,595.54
2941,565.9
2942,494.09
2943,394.78
2944,153.51
2945,6.5
2946,-0.0
2947,0.0
2948,0.0
2949,0.0
2950,0.0
2951,0.0
2952,0.0
2953,0.0
2954,0.0
2955,0.0
2956,0.0
2957,0.0
2958,0.0
2959,0.0
2960,514.63
2961,680.63
2962,739.35
2963,739.74
2964,643.84
2965,536.1
2966,427.69
2967,239.96
2968,126.19
2969,4.43
2970,-0.0
2971,0.0
2972,0.0
2973,0.0
2974,0.0
2975,0.0
2976,0.0
2977,0.0
2978,0.0
2979,0.0
2980,0.0
2981,0.0
2982,0.0
2983,0.0
2984,305.08
2985,604.26
2986,665.93
2987,583.93
2988,547.96
2989,380.86
2990,211.19
2991,232.04
2992,185.01
2993,17.32
2994,-0.0
2995,0.0
2996,0.0
2997,0.0
2998,0.0
2999,0.0
3000,0.0
3001,0.0
3002,0.0
3003,0.0
3004,0.0
3005,0.0
3006,0.0
3007,0.0
3008,356.53
3009,675.09
3010,711.62
3011,582.98
3012,423.89
3013,308.38
3014,317.81
3015,509.62
3016,349.88
3017,11.98
3018,-0.0
3019,0.0
3020,0.0
3021,0.0
3022,0.0
3023,0.0
3024,0.0
3025,0.0
3026,0.0
3027,0.0
3028,0.0
3029,0.0
3030,0.0
3031,0.0
3032,384.59
3033,739.64
3034,731.22
3035,696.9
3036,661.92
3037,604.9
3038,571.3
3039,499.48
3040,349.5
3041,22.18
3042,-0.0
3043,0.0
3044,0.0
3045,0.0
3046,0.0
3047,0.0
3048,0.0
3049,0.0
3050,0.0
3051,0.0
3052,0.0
3053,0.0
3054,0.0
3055,0.0
3056,370.74
3057,660.44
3058,613.8
3059,666.91
3060,691.11
3061,643.11
3062,556.17
3063,458.92
3064,299.19
3065,13.68
3066,-0.0
3067,0.0
3068,0.0
3069,0.0
3070,0.0
3071,0.0
3072,0.0
3073,0.0
3074,0.0
3075,0.0
3076,0.0
3077,0.0
3078,0.0
3079,0.0
3080,207.42
3081,322.33
3082,569.44
3083,389.73
3084,142.5
3085,122.08
3086,162.84
3087,217.77
3088,187.64
3089,12.25
3090,-0.0
3091,0.0
3092,0.0
3093,0.0
3094,0.0
3095,0.0
3096,0.0
3097,0.0
3098,0.0
3099,0.0
3100,0.0
3101,0.0
3102,0.0
3103,0.0
3104,280.06
3105,558.47
3106,680.61
3107,732.28
3108,693.08
3109,558.92
3110,540.89
3111,468.51
3112,244.87
3113,9.72
3114,-0.0
3115,0.0
3116,0.0
3117,0.0
3118,0.0
3119,0.0
3120,0.0
3121,0.0
3122,0.0
3123,0.0
3124,0.0
3125,0.0
3126,0.0
3127,0.0
3128,322.07
3129,562.74
3130,662.09
3131,627.62
3132,530.6
3133,529.01
3134,484.31
3135,381.51
3136,199.25
3137,5.63
3138,-0.0
3139,0.0
3140,0.0
3141,0.0
3142,0.0
3143,0.0
3144,0.0
3145,0.0
3146,0.0
3147,0.0
3148,0.0
3149,0.0
3150,0.0
3151,0.0
3152,230.53
3153,80.0
3154,172.76
3155,210.08
3156,211.32
3157,123.4
3158,138.35
3159,94.21
3160,25.57
3161,-0.0
3162,-0.0
3163,0.0
3164,0.0
3165,0.0
3166,0.0
3167,0.0
3168,0.0
3169,0.0
3170,0.0
3171,0.0
3172,0.0
3173,0.0
3174,0.0
3175,0.0
3176,302.85
3177,636.62
3178,677.86
3179,666.38
3180,657.33
3181,590.87
3182,541.73
3183,470.91
3184,236.08
3185,10.84
3186,-0.0
3187,0.0
3188,0.0
3189,0.0
3190,0.0
3191,0.0
3192,0.0
3193,0.0
3194,0.0
3195,0.0
3196,0.0
3197,0.0
3198,0.0
3199,0.0
3200,374.0
3201,679.0
3202,699.84
3203,655.57
3204,624.01
3205,598.93
3206,573.99
3207,518.97
3208,374.0
3209,15.31
3210,-0.0
3211,0.0
3212,0.0
3213,0.0
3214,0.0
3215,0.0
3216,0.0
3217,0.0
3218,0.0
3219,0.0
3220,0.0
3221,0.0
3222,0.0
3223,0.0
3224,311.51
3225,647.15
3226,670.04
3227,634.26
3228,598.67
3229,572.52
3230,553.65
3231,505.28
3232,366.73
3233,14.02
3234,-0.0
3235,0.0
3236,0.0
3237,0.0
3238,0.0
3239,0.0
3240,0.0
3241,0.0
3242,0.0
3243,0.0
3244,0.0
3245,0.0
3246,0.0
3247,0.0
3248,309.04
3249,743.65
3250,769.23
3251,713.58
3252,612.17
3253,572.43
3254,533.16
3255,482.48
3256,350.43
3257,12.03
3258,-0.0
3259,0.0
3260,0.0
3261,0.0
3262,0.0
3263,0.0
3264,0.0
3265,0.0
3266,0.0
3267,0.0
3268,0.0
3269,0.0
3270,0.0
3271,0.0
3272,289.07
3273,686.1
3274,742.56
3275,659.03
3276,615.59
3277,628.05
3278,577.8
3279,498.89
3280,352.62
3281,10.62
3282,-0.0
3283,0.0
3284,0.0
3285,0.0
3286,0.0
3287,0.0
3288,0.0
3289,0.0
3290,0.0
3291,0.0
3292,0.0
3293,0.0
3294,0.0
3295,0.0
3296,323.58
3297,681.46
3298,691.87
3299,702.83
3300,647.45
3301,593.48
3302,537.68
3303,455.03
3304,295.29
3305,5.41
3306,-0.0
3307,0.0
3308,0.0
3309,0.0
3310,0.0
3311,0.0
3312,0.0
3313,0.0
3314,0.0
3315,0.0
3316,0.0
3317,0.0
3318,0.0
3319,0.0
3320,241.3
3321,546.37
3322,557.36
3323,521.53
3324,501.34
3325,410.87
3326,350.01
3327,301.09
3328,167.67
3329,1.01
3330,-0.0
3331,0.0
3332,0.0
3333,0.0
3334,0.0
3335,0.0
3336,0.0
3337,0.0
3338,0.0
3339,0.0
3340,0.0
3341,0.0
3342,0.0
3343,0.0
3344,245.34
3345,594.04
3346,628.78
3347,566.85
3348,530.54
3349,516.26
3350,474.35
3351,412.21
3352,189.04
3353,-0.0
3354,-0.0
3355,0.0
3356,0.0
3357,0.0
3358,0.0
3359,0.0
3360,0.0
3361,0.0
3362,0.0
3363,0.0
3364,0.0
3365,0.0
3366,0.0
3367,0.0
3368,246.1
3369,567.19
3370,599.18
3371,579.27
3372,610.92
3373,618.79
3374,552.01
3375,447.39
3376,274.35
3377,2.87
3378,-0.0
3379,0.0
3380,0.0
3381,0.0
3382,0.0
3383,0.0
3384,0.0
3385,0.0
3386,0.0
3387,0.0
3388,0.0
3389,0.0
3390,0.0
3391,0.0
3392,237.16
3393,657.32
3394,651.87
3395,562.49
3396,509.14
3397,470.63
3398,433.68
3399,364.82
3400,119.2
3401,-0.0
3402,-0.0
3403,0.0
3404,0.0
3405,0.0
3406,0.0
3407,0.0
3408,0.0
3409,0.0
3410,0.0
3411,0.0
3412,0.0
3413,0.0
3414,0.0
3415,0.0
3416,211.17
3417,548.45
3418,603.95
3419,585.81
3420,552.49
3421,523.77
3422,497.52
3423,423.94
3424,258.69
3425,1.63
3426,-0.0
3427,0.0
3428,0.0
3429,0.0
3430,0.0
3431,0.0
3432,0.0
3433,0.0
3434,0.0
3435,0.0
3436,0.0
3437,0.0
3438,0.0
3439,0.0
3440,217.16
3441,570.72
3442,702.37
3443,689.68
3444,588.93
3445,511.35
3446,483.42
3447,411.43
3448,253.44
3449,1.62
3450,-0.0
3451,0.0
3452,0.0
3453,0.0
3454,0.0
3455,0.0
3456,0.0
3457,0.0
3458,0.0
3459,0.0
3460,0.0
3461,0.0
3462,0.0
3463,0.0
3464,249.38
3465,609.64
3466,700.91
3467,694.33
3468,663.38
3469,606.25
3470,517.73
3471,422.26
3472,255.8
3473,1.56
3474,-0.0
3475,0.0
3476,0.0
3477,0.0
3478,0.0
3479,0.0
3480,0.0
3481,0.0
3482,0.0
3483,0.0
3484,0.0
3485,0.0
3486,0.0
3487,0.0
3488,275.21
3489,660.62
3490,729.0
3491,712.09
3492,629.3
3493,527.92
3494,503.6
3495,432.87
3496,259.89
3497,1.55
3498,-0.0
3499,0.0
3500,0.0
3501,0.0
3502,0.0
3503,0.0
3504,0.0
3505,0.0
3506,0.0
3507,0.0
3508,0.0
3509,0.0
3510,0.0
3511,0.0
3512,213.44
3513,550.15
3514,606.92
3515,646.4
3516,648.74
3517,590.37
3518,515.28
3519,337.82
3520,220.01
3521,1.49
3522,-0.0
3523,0.0
3524,0.0
3525,0.0
3526,0.0
3527,0.0
3528,0.0
3529,0.0
3530,0.0
3531,0.0
3532,0.0
3533,0.0
3534,0.0
3535,0.0
3536,227.16
3537,544.1
3538,573.05
3539,614.95
3540,660.43
3541,570.78
3542,506.84
3543,460.41
3544,308.17
3545,2.76
3546,-0.0
3547,0.0
3548,0.0
3549,0.0
3550,0.0
3551,0.0
3552,0.0
3553,0.0
3554,0.0
3555,0.0
3556,0.0
3557,0.0
3558,0.0
3559,0.0
3560,180.18
3561,144.75
3562,395.92
3563,505.68
3564,514.11
3565,460.71
3566,396.28
3567,152.92
3568,13.52
3569,-0.0
3570,-0.0
3571,0.0
3572,0.0
3573,0.0
3574,0.0
3575,0.0
3576,0.0
3577,0.0
3578,0.0
3579,0.0
3580,0.0
3581,0.0
3582,0.0
3583,0.0
3584,187.62
3585,570.71
3586,678.23
3587,677.6
3588,549.82
3589,522.81
3590,510.51
3591,301.1
3592,137.28
3593,-0.0
3594,-0.0
3595,0.0
3596,0.0
3597,0.0
3598,0.0
3599,0.0
3600,0.0
3601,0.0
3602,0.0
3603,0.0
3604,0.0
3605,0.0
3606,0.0
3607,0.0
3608,192.98
3609,591.08
3610,645.92
3611,620.34
3612,616.99
3613,602.98
3614,539.9
3615,427.4
3616,251.66
3617,0.41
3618,-0.0
3619,0.0
3620,0.0
3621,0.0
3622,0.0
3623,0.0
3624,0.0
3625,0.0
3626,0.0
3627,0.0
3628,0.0
3629,0.0
3630,0.0
3631,0.0
3632,423.09
3633,600.58
3634,571.91
3635,507.27
3636,515.07
3637,387.2
3638,456.97
3639,386.24
3640,226.48
3641,-0.0
3642,-0.0
3643,0.0
3644,0.0
3645,0.0
3646,0.0
3647,0.0
3648,0.0
3649,0.0
3650,0.0
3651,0.0
3652,0.0
3653,0.0
3654,0.0
3655,0.0
3656,170.79
3657,284.98
3658,327.82
3659,255.29
3660,159.9
3661,138.89
3662,114.54
3663,88.01
3664,80.81
3665,-0.0
3666,-0.0
3667,0.0
3668,0.0
3669,0.0
3670,0.0
3671,0.0
3672,0.0
3673,0.0
3674,0.0
3675,0.0
3676,0.0
3677,0.0
3678,0.0
3679,0.0
3680,165.7
3681,369.58
3682,324.67
3683,288.78
3684,185.87
3685,160.24
3686,144.0
3687,41.85
3688,26.57
3689,-0.0
3690,-0.0
3691,0.0
3692,0.0
3693,0.0
3694,0.0
3695,0.0
3696,0.0
3697,0.0
3698,0.0
3699,0.0
3700,0.0
3701,0.0
3702,0.0
3703,0.0
3704,109.81
3705,239.62
3706,308.35
3707,329.33
3708,226.9
3709,238.66
3710,187.35
3711,117.33
3712,118.02
3713,-0.0
3714,-0.0
3715,0.0
3716,0.0
3717,0.0
3718,0.0
3719,0.0
3720,0.0
3721,0.0
3722,0.0
3723,0.0
3724,0.0
3725,0.0
3726,0.0
3727,0.0
3728,177.75
3729,582.25
3730,642.29
3731,598.58
3732,542.63
3733,497.05
3734,497.04
3735,444.01
3736,280.87
3737,0.28
3738,-0.0
3739,0.0
3740,0.0
3741,0.0
3742,0.0
3743,0.0
3744,0.0
3745,0.0
3746,0.0
3747,0.0
3748,0.0
3749,0.0
3750,0.0
3751,0.0
3752,176.15
3753,574.18
3754,565.09
3755,550.13
3756,520.84
3757,493.43
3758,496.45
3759,433.89
3760,263.31
3761,-0.0
3762,-0.0
3763,0.0
3764,0.0
3765,0.0
3766,0.0
3767,0.0
3768,0.0
3769,0.0
3770,0.0
3771,0.0
3772,0.0
3773,0.0
3774,0.0
3775,0.0
3776,189.57
3777,553.21
3778,610.12
3779,555.24
3780,540.55
3781,446.08
3782,412.24
3783,343.83
3784,79.27
3785,-0.0
3786,-0.0
3787,0.0
3788,0.0
3789,0.0
3790,0.0
3791,0.0
3792,0.0
3793,0.0
3794,0.0
3795,0.0
3796,0.0
3797,0.0
3798,0.0
3799,0.0
3800,56.09
3801,166.45
3802,93.31
3803,44.33
3804,59.69
3805,86.74
3806,38.1
3807,12.1
3808,0.35
3809,-0.0
3810,-0.0
3811,0.0
3812,0.0
3813,0.0
3814,0.0
3815,0.0
3816,0.0
3817,0.0
3818,0.0
3819,0.0
3820,0.0
3821,0.0
3822,0.0
3823,0.0
3824,192.56
3825,171.24
3826,345.58
3827,578.79
3828,597.61
3829,550.7
3830,507.17
3831,425.24
3832,249.11
3833,-0.0
3834,-0.0
3835,0.0
3836,0.0
3837,0.0
3838,0.0
3839,0.0
3840,0.0
3841,0.0
3842,0.0
3843,0.0
3844,0.0
3845,0.0
3846,0.0
3847,0.0
3848,168.38
3849,674.95
3850,734.87
3851,701.9
3852,635.64
3853,595.16
3854,554.13
3855,458.76
3856,283.65
3857,-0.0
3858,-0.0
3859,0.0
3860,0.0
3861,0.0
3862,0.0
3863,0.0
3864,0.0
3865,0.0
3866,0.0
3867,0.0
3868,0.0
3869,0.0
3870,0.0
3871,0.0
3872,335.05
3873,389.21
3874,152.69
3875,102.46
3876,163.01
3877,258.56
3878,454.31
3879,62.72
3880,-0.0
3881,-0.0
3882,-0.0
3883,0.0
3884,0.0
3885,0.0
3886,0.0
3887,0.0
3888,0.0
3889,0.0
3890,0.0
3891,0.0
3892,0.0
3893,0.0
3894,0.0
3895,0.0
3896,139.07
3897,546.35
3898,615.07
3899,574.37
3900,534.31
3901,502.61
3902,481.05
3903,423.14
3904,268.59
3905,-0.0
3906,-0.0
3907,0.0
3908,0.0
3909,0.0
3910,0.0
3911,0.0
3912,0.0
3913,0.0
3914,0.0
3915,0.0
3916,0.0
3917,0.0
3918,0.0
3919,0.0
3920,164.56
3921,656.35
3922,657.66
3923,580.87
3924,538.6
3925,475.34
3926,448.67
3927,357.0
3928,184.04
3929,-0.0
3930,-0.0
3931,0.0
3932,0.0
3933,0.0
3934,0.0
3935,0.0
3936,0.0
3937,0.0
3938,0.0
3939,0.0
3940,0.0
3941,0.0
3942,0.0
3943,0.0
3944,87.49
3945,319.0
3946,504.93
3947,444.32
3948,303.71
3949,137.14
3950,76.18
3951,44.84
3952,30.3
3953,-0.0
3954,-0.0
3955,0.0
3956,0.0
3957,0.0
3958,0.0
3959,0.0
3960,0.0
3961,0.0
3962,0.0
3963,0.0
3964,0.0
3965,0.0
3966,0.0
3967,0.0
3968,129.8
3969,301.8
3970,236.61
3971,251.19
3972,278.02
3973,317.41
3974,331.45
3975,257.88
3976,90.51
3977,-0.0
3978,-0.0
3979,0.0
3980,0.0
3981,0.0
3982,0.0
3983,0.0
3984,0.0
3985,0.0
3986,0.0
3987,0.0
3988,0.0
3989,0.0
3990,0.0
3991,0.0
3992,115.48
3993,478.78
3994,486.98
3995,488.22
3996,374.17
3997,249.74
3998,250.21
3999,177.1
4000,65.44
4001,-0.0
4002,-0.0
4003,0.0
4004,0.0
4005,0.0
4006,0.0
4007,0.0
4008,0.0
4009,0.0
4010,0.0
4011,0.0
4012,0.0
4013,0.0
4014,0.0
4015,0.0
4016,106.76
4017,380.57
4018,434.35
4019,421.35
4020,377.5
4021,459.57
4022,447.41
4023,354.16
4024,191.41
4025,-0.0
4026,-0.0
4027,0.0
4028,0.0
4029,0.0
4030,0.0
4031,0.0
4032,0.0
4033,0.0
4034,0.0
4035,0.0
4036,0.0
4037,0.0
4038,0.0
4039,0.0
4040,116.31
4041,562.16
4042,594.24
4043,573.01
4044,539.3
4045,505.7
4046,485.47
4047,425.81
4048,257.76
4049,-0.0
4050,-0.0
4051,0.0
4052,0.0
4053,0.0
4054,0.0
4055,0.0
4056,0.0
4057,0.0
4058,0.0
4059,0.0
4060,0.0
4061,0.0
4062,0.0
4063,0.0
4064,116.53
4065,596.92
4066,633.73
4067,682.17
4068,594.62
4069,517.2
4070,504.47
4071,433.55
4072,256.15
4073,-0.0
4074,-0.0
4075,0.0
4076,0.0
4077,0.0
4078,0.0
4079,0.0
4080,0.0
4081,0.0
4082,0.0
4083,0.0
4084,0.0
4085,0.0
4086,0.0
4087,0.0
4088,118.38
4089,630.78
4090,702.49
4091,686.63
4092,608.0
4093,513.09
4094,483.12
4095,403.56
4096,224.96
4097,-0.0
4098,-0.0
4099,0.0
4100,0.0
4101,0.0
4102,0.0
4103,0.0
4104,0.0
4105,0.0
4106,0.0
4107,0.0
4108,0.0
4109,0.0
4110,0.0
4111,0.0
4112,95.61
4113,543.39
4114,563.22
4115,520.71
4116,477.31
4117,444.98
4118,411.76
4119,303.48
4120,62.99
4121,-0.0
4122,-0.0
4123,0.0
4124,0.0
4125,0.0
4126,0.0
4127,0.0
4128,0.0
4129,0.0
4130,0.0
4131,0.0
4132,0.0
4133,0.0
4134,0.0
4135,0.0
4136,112.58
4137,626.41
4138,669.25
4139,677.46
4140,616.16
4141,518.95
4142,449.83
4143,340.54
4144,159.05
4145,-0.0
4146,-0.0
4147,0.0
4148,0.0
4149,0.0
4150,0.0
4151,0.0
4152,0.0
4153,0.0
4154,0.0
4155,0.0
4156,0.0
4157,0.0
4158,0.0
4159,0.0
4160,85.58
4161,322.79
4162,364.13
4163,251.67
4164,206.14
4165,176.46
4166,129.46
4167,110.74
4168,23.63
4169,-0.0
4170,-0.0
4171,0.0
4172,0.0
4173,0.0
4174,0.0
4175,0.0
4176,0.0
4177,0.0
4178,0.0
4179,0.0
4180,0.0
4181,0.0
4182,0.0
4183,0.0
4184,120.82
4185,348.65
4186,354.49
4187,245.18
4188,84.28
4189,114.52
4190,111.0
4191,42.23
4192,24.48
4193,-0.0
4194,-0.0
4195,0.0
4196,0.0
4197,0.0
4198,0.0
4199,0.0
4200,0.0
4201,0.0
4202,0.0
4203,0.0
4204,0.0
4205,0.0
4206,0.0
4207,0.0
4208,82.28
4209,407.76
4210,487.63
4211,400.17
4212,237.32
4213,91.82
4214,67.0
4215,34.99
4216,16.71
4217,-0.0
4218,-0.0
4219,0.0
4220,0.0
4221,0.0
4222,0.0
4223,0.0
4224,0.0
4225,0.0
4226,0.0
4227,0.0
4228,0.0
4229,0.0
4230,0.0
4231,0.0
4232,133.92
4233,110.08
4234,92.11
4235,77.27
4236,71.0
4237,103.09
4238,81.37
4239,20.04
4240,0.43
4241,-0.0
4242,-0.0
4243,0.0
4244,0.0
4245,0.0
4246,0.0
4247,0.0
4248,0.0
4249,0.0
4250,0.0
4251,0.0
4252,0.0
4253,0.0
4254,0.0
4255,0.0
4256,70.17
4257,258.26
4258,333.62
4259,342.27
4260,367.49
4261,320.43
4262,262.59
4263,132.4
4264,42.37
4265,-0.0
4266,-0.0
4267,0.0
4268,0.0
4269,0.0
4270,0.0
4271,0.0
4272,0.0
4273,0.0
4274,0.0
4275,0.0
4276,0.0
4277,0.0
4278,0.0
4279,0.0
4280,271.64
4281,392.62
4282,469.4
4283,448.94
4284,409.87
4285,305.56
4286,306.18
4287,111.59
4288,54.38
4289,-0.0
4290,-0.0
4291,0.0
4292,0.0
4293,0.0
4294,0.0
4295,0.0
4296,0.0
4297,0.0
4298,0.0
4299,0.0
4300,0.0
4301,0.0
4302,0.0
4303,0.0
4304,97.57
4305,617.09
4306,703.62
4307,676.06
4308,563.14
4309,501.26
4310,473.73
4311,366.69
4312,154.71
4313,-0.0
4314,-0.0
4315,0.0
4316,0.0
4317,0.0
4318,0.0
4319,0.0
4320,0.0
4321,0.0
4322,0.0
4323,0.0
4324,0.0
4325,0.0
4326,0.0
4327,0.0
4328,144.03
4329,480.64
4330,526.47
4331,519.57
4332,468.18
4333,372.35
4334,347.81
4335,247.89
4336,65.02
4337,-0.0
4338,-0.0
4339,0.0
4340,0.0
4341,0.0
4342,0.0
4343,0.0
4344,0.0
4345,0.0
4346,0.0
4347,0.0
4348,0.0
4349,0.0
4350,0.0
4351,0.0
4352,148.57
4353,449.38
4354,567.0
4355,595.21
4356,468.17
4357,342.63
4358,282.15
4359,121.72
4360,19.39
4361,-0.0
4362,-0.0
4363,0.0
4364,0.0
4365,0.0
4366,0.0
4367,0.0
4368,0.0
4369,0.0
4370,0.0
4371,0.0
4372,0.0
4373,0.0
4374,0.0
4375,0.0
4376,128.04
4377,126.5
4378,101.38
4379,99.11
4380,118.48
4381,145.57
4382,90.97
4383,46.97
4384,11.9
4385,-0.0
4386,-0.0
4387,0.0
4388,0.0
4389,0.0
4390,0.0
4391,0.0
4392,0.0
4393,0.0
4394,0.0
4395,0.0
4396,0.0
4397,0.0
4398,0.0
4399,0.0
4400,125.66
4401,88.96
4402,136.52
4403,127.7
4404,137.23
4405,88.47
4406,42.65
4407,25.5
4408,4.87
4409,-0.0
4410,-0.0
4411,0.0
4412,0.0
4413,0.0
4414,0.0
4415,0.0
4416,0.0
4417,0.0
4418,0.0
4419,0.0
4420,0.0
4421,0.0
4422,0.0
4423,0.0
4424,79.13
4425,565.99
4426,682.71
4427,602.29
4428,562.98
4429,517.25
4430,484.51
4431,397.8
4432,216.86
4433,-0.0
4434,-0.0
4435,0.0
4436,0.0
4437,0.0
4438,0.0
4439,0.0
4440,0.0
4441,0.0
4442,0.0
4443,0.0
4444,0.0
4445,0.0
4446,0.0
4447,0.0
4448,100.54
4449,583.57
4450,629.44
4451,571.72
4452,515.56
4453,476.77
4454,451.08
4455,392.82
4456,231.57
4457,-0.0
4458,-0.0
4459,0.0
4460,0.0
4461,0.0
4462,0.0
4463,0.0
4464,0.0
4465,0.0
4466,0.0
4467,0.0
4468,0.0
4469,0.0
4470,0.0
4471,0.0
4472,100.39
4473,619.01
4474,714.18
4475,643.85
4476,627.93
4477,584.42
4478,514.99
4479,406.96
4480,228.48
4481,-0.0
4482,-0.0
4483,0.0
4484,0.0
4485,0.0
4486,0.0
4487,0.0
4488,0.0
4489,0.0
4490,0.0
4491,0.0
4492,0.0
4493,0.0
4494,0.0
4495,0.0
4496,92.3
4497,550.97
4498,570.48
4499,555.87
4500,499.17
4501,455.55
4502,411.01
4503,304.76
4504,144.43
4505,-0.0
4506,-0.0
4507,0.0
4508,0.0
4509,0.0
4510,0.0
4511,0.0
4512,0.0
4513,0.0
4514,0.0
4515,0.0
4516,0.0
4517,0.0
4518,0.0
4519,0.0
4520,83.45
4521,269.89
4522,516.62
4523,331.97
4524,240.81
4525,157.88
4526,160.97
4527,124.36
4528,24.19
4529,-0.0
4530,-0.0
4531,0.0
4532,0.0
4533,0.0
4534,0.0
4535,0.0
4536,0.0
4537,0.0
4538,0.0
4539,0.0
4540,0.0
4541,0.0
4542,0.0
4543,0.0
4544,226.77
4545,437.18
4546,540.99
4547,400.62
4548,328.31
4549,292.98
4550,377.65
4551,278.27
4552,81.93
4553,-0.0
4554,-0.0
4555,0.0
4556,0.0
4557,0.0
4558,0.0
4559,0.0
4560,0.0
4561,0.0
4562,0.0
4563,0.0
4564,0.0
4565,0.0
4566,0.0
4567,0.0
4568,110.77
4569,643.22
4570,723.98
4571,725.17
4572,621.26
4573,576.68
4574,543.34
4575,451.29
4576,271.42
4577,0.95
4578,-0.0
4579,0.0
4580,0.0
4581,0.0
4582,0.0
4583,0.0
4584,0.0
4585,0.0
4586,0.0
4587,0.0
4588,0.0
4589,0.0
4590,0.0
4591,0.0
4592,93.2
4593,595.63
4594,729.06
4595,650.49
4596,597.2
4597,546.26
4598,483.55
4599,393.72
4600,215.77
4601,-0.0
4602,-0.0
4603,0.0
4604,0.0
4605,0.0
4606,0.0
4607,0.0
4608,0.0
4609,0.0
4610,0.0
4611,0.0
4612,0.0
4613,0.0
4614,0.0
4615,0.0
4616,96.28
4617,251.76
4618,345.13
4619,429.0
4620,201.18
4621,130.26
4622,101.13
4623,39.21
4624,8.61
4625,-0.0
4626,-0.0
4627,0.0
4628,0.0
4629,0.0
4630,0.0
4631,0.0
4632,0.0
4633,0.0
4634,0.0
4635,0.0
4636,0.0
4637,0.0
4638,0.0
4639,0.0
4640,84.72
4641,521.66
4642,678.61
4643,684.17
4644,559.05
4645,444.26
4646,427.15
4647,370.3
4648,208.81
4649,-0.0
4650,-0.0
4651,0.0
4652,0.0
4653,0.0
4654,0.0
4655,0.0
4656,0.0
4657,0.0
4658,0.0
4659,0.0
4660,0.0
4661,0.0
4662,0.0
4663,0.0
4664,208.29
4665,582.63
4666,457.56
4667,391.46
4668,370.2
4669,217.65
4670,170.11
4671,77.9
4672,66.53
4673,-0.0
4674,-0.0
4675,0.0
4676,0.0
4677,0.0
4678,0.0
4679,0.0
4680,0.0
4681,0.0
4682,0.0
4683,0.0
4684,0.0
4685,0.0
4686,0.0
4687,0.0
4688,99.77
4689,410.98
4690,319.21
4691,317.22
4692,305.07
4693,159.98
4694,96.41
4695,93.08
4696,70.83
4697,-0.0
4698,-0.0
4699,0.0
4700,0.0
4701,0.0
4702,0.0
4703,0.0
4704,0.0
4705,0.0
4706,0.0
4707,0.0
4708,0.0
4709,0.0
4710,0.0
4711,0.0
4712,108.01
4713,405.32
4714,511.67
4715,500.12
4716,455.11
4717,365.94
4718,222.89
4719,88.1
4720,28.16
4721,-0.0
4722,-0.0
4723,0.0
4724,0.0
4725,0.0
4726,0.0
4727,0.0
4728,0.0
4729,0.0
4730,0.0
4731,0.0
4732,0.0
4733,0.0
4734,0.0
4735,0.0
4736,128.31
4737,631.98
4738,673.54
4739,639.8
4740,601.56
4741,564.48
4742,531.4
4743,456.29
4744,273.25
4745,2.39
4746,-0.0
4747,0.0
4748,0.0
4749,0.0
4750,0.0
4751,0.0
4752,0.0
4753,0.0
4754,0.0
4755,0.0
4756,0.0
4757,0.0
4758,0.0
4759,0.0
4760,130.94
4761,627.02
4762,647.63
4763,625.03
4764,582.08
4765,541.44
4766,510.09
4767,446.81
4768,279.99
4769,3.64
4770,-0.0
4771,0.0
4772,0.0
4773,0.0
4774,0.0
4775,0.0
4776,0.0
4777,0.0
4778,0.0
4779,0.0
4780,0.0
4781,0.0
4782,0.0
4783,0.0
4784,138.01
4785,632.46
4786,680.27
4787,625.53
4788,582.24
4789,556.13
4790,533.1
4791,443.56
4792,261.01
4793,3.64
4794,-0.0
4795,0.0
4796,0.0
4797,0.0
4798,0.0
4799,0.0
4800,0.0
4801,0.0
4802,0.0
4803,0.0
4804,0.0
4805,0.0
4806,0.0
4807,0.0
4808,141.42
4809,609.05
4810,635.91
4811,619.62
4812,605.88
4813,554.14
4814,516.86
4815,445.16
4816,266.32
4817,3.6
4818,-0.0
4819,0.0
4820,0.0
4821,0.0
4822,0.0
4823,0.0
4824,0.0
4825,0.0
4826,0.0
4827,0.0
4828,0.0
4829,0.0
4830,0.0
4831,0.0
4832,162.27
4833,693.3
4834,748.92
4835,728.31
4836,673.45
4837,595.09
4838,531.18
4839,456.29
4840,290.34
4841,6.04
4842,-0.0
4843,0.0
4844,0.0
4845,0.0
4846,0.0
4847,0.0
4848,0.0
4849,0.0
4850,0.0
4851,0.0
4852,0.0
4853,0.0
4854,0.0
4855,0.0
4856,152.97
4857,664.75
4858,769.23
4859,769.23
4860,647.46
4861,562.32
4862,523.33
4863,441.05
4864,263.84
4865,4.25
4866,-0.0
4867,0.0
4868,0.0
4869,0.0
4870,0.0
4871,0.0
4872,0.0
4873,0.0
4874,0.0
4875,0.0
4876,0.0
4877,0.0
4878,0.0
4879,0.0
4880,166.53
4881,451.57
4882,542.5
4883,494.1
4884,401.05
4885,362.42
4886,358.06
4887,293.87
4888,187.38
4889,1.12
4890,-0.0
4891,0.0
4892,0.0
4893,0.0
4894,0.0
4895,0.0
4896,0.0
4897,0.0
4898,0.0
4899,0.0
4900,0.0
4901,0.0
4902,0.0
4903,0.0
4904,126.93
4905,511.27
4906,617.34
4907,590.88
4908,551.34
4909,490.02
4910,480.87
4911,418.27
4912,236.63
4913,4.32
4914,-0.0
4915,0.0
4916,0.0
4917,0.0
4918,0.0
4919,0.0
4920,0.0
4921,0.0
4922,0.0
4923,0.0
4924,0.0
4925,0.0
4926,0.0
4927,0.0
4928,186.3
4929,679.09
4930,769.23
4931,769.23
4932,701.61
4933,620.88
4934,550.61
4935,460.67
4936,291.98
4937,8.21
4938,-0.0
4939,0.0
4940,0.0
4941,0.0
4942,0.0
4943,0.0
4944,0.0
4945,0.0
4946,0.0
4947,0.0
4948,0.0
4949,0.0
4950,0.0
4951,0.0
4952,169.28
4953,542.24
4954,617.17
4955,679.54
4956,583.21
4957,472.86
4958,422.57
4959,274.99
4960,113.52
4961,1.88
4962,-0.0
4963,0.0
4964,0.0
4965,0.0
4966,0.0
4967,0.0
4968,0.0
4969,0.0
4970,0.0
4971,0.0
4972,0.0
4973,0.0
4974,0.0
4975,0.0
4976,208.84
4977,642.06
4978,700.12
4979,635.16
4980,565.24
4981,541.51
4982,530.57
4983,438.52
4984,247.96
4985,6.99
4986,-0.0
4987,0.0
4988,0.0
4989,0.0
4990,0.0
4991,0.0
4992,0.0
4993,0.0
4994,0.0
4995,0.0
4996,0.0
4997,0.0
4998,0.0
4999,0.0
5000,276.46
5001,362.41
5002,571.42
5003,399.23
5004,477.78
5005,526.4
5006,514.29
5007,403.59
5008,197.66
5009,5.05
5010,-0.0
5011,0.0
5012,0.0
5013,0.0
5014,0.0
5015,0.0
5016,0.0
5017,0.0
5018,0.0
5019,0.0
5020,0.0
5021,0.0
5022,0.0
5023,0.0
5024,300.14
5025,500.97
5026,590.56
5027,584.71
5028,509.78
5029,462.87
5030,440.84
5031,311.9
5032,198.78
5033,6.38
5034,-0.0
5035,0.0
5036,0.0
5037,0.0
5038,0.0
5039,0.0
5040,0.0
5041,0.0
5042,0.0
5043,0.0
5044,0.0
5045,0.0
5046,0.0
5047,0.0
5048,252.88
5049,713.13
5050,714.16
5051,614.1
5052,556.41
5053,504.38
5054,476.12
5055,417.82
5056,242.44
5057,7.81
5058,-0.0
5059,0.0
5060,0.0
5061,0.0
5062,0.0
5063,0.0
5064,0.0
5065,0.0
5066,0.0
5067,0.0
5068,0.0
5069,0.0
5070,0.0
5071,0.0
5072,231.61
5073,688.87
5074,715.68
5075,740.95
5076,643.44
5077,581.31
5078,474.79
5079,311.39
5080,151.17
5081,5.83
5082,-0.0
5083,0.0
5084,0.0
5085,0.0
5086,0.0
5087,0.0
5088,0.0
5089,0.0
5090,0.0
5091,0.0
5092,0.0
5093,0.0
5094,0.0
5095,0.0
5096,211.61
5097,636.47
5098,681.79
5099,702.52
5100,647.08
5101,574.7
5102,532.0
5103,445.25
5104,245.97
5105,9.9
5106,-0.0
5107,0.0
5108,0.0
5109,0.0
5110,0.0
5111,0.0
5112,0.0
5113,0.0
5114,0.0
5115,0.0
5116,0.0
5117,0.0
5118,0.0
5119,0.0
5120,266.82
5121,654.85
5122,748.69
5123,628.88
5124,646.4
5125,616.17
5126,541.82
5127,447.49
5128,272.42
5129,13.49
5130,-0.0
5131,0.0
5132,0.0
5133,0.0
5134,0.0
5135,0.0
5136,0.0
5137,0.0
5138,0.0
5139,0.0
5140,0.0
5141,0.0
5142,0.0
5143,0.0
5144,240.53
5145,697.55
5146,755.37
5147,658.48
5148,595.44
5149,575.15
5150,496.02
5151,428.27
5152,227.73
5153,7.4
5154,-0.0
5155,0.0
5156,0.0
5157,0.0
5158,0.0
5159,0.0
5160,0.0
5161,0.0
5162,0.0
5163,0.0
5164,0.0
5165,0.0
5166,0.0
5167,0.0
5168,446.68
5169,383.68
5170,519.91
5171,691.13
5172,715.5
5173,605.09
5174,606.47
5175,508.59
5176,342.41
5177,25.93
5178,-0.0
5179,0.0
5180,0.0
5181,0.0
5182,0.0
5183,0.0
5184,0.0
5185,0.0
5186,0.0
5187,0.0
5188,0.0
5189,0.0
5190,0.0
5191,0.0
5192,321.93
5193,763.2
5194,769.23
5195,769.23
5196,746.01
5197,649.07
5198,646.66
5199,540.27
5200,357.82
5201,29.14
5202,-0.0
5203,0.0
5204,0.0
5205,0.0
5206,0.0
5207,0.0
5208,0.0
5209,0.0
5210,0.0
5211,0.0
5212,0.0
5213,0.0
5214,0.0
5215,0.0
5216,280.96
5217,769.23
5218,769.23
5219,699.22
5220,666.06
5221,529.84
5222,448.6
5223,264.95
5224,71.21
5225,2.65
5226,-0.0
5227,0.0
5228,0.0
5229,0.0
5230,0.0
5231,0.0
5232,0.0
5233,0.0
5234,0.0
5235,0.0
5236,0.0
5237,0.0
5238,0.0
5239,0.0
5240,279.7
5241,692.83
5242,672.69
5243,650.44
5244,601.6
5245,566.78
5246,540.37
5247,484.17
5248,312.06
5249,24.15
5250,-0.0
5251,0.0
5252,0.0
5253,0.0
5254,0.0
5255,0.0
5256,0.0
5257,0.0
5258,0.0
5259,0.0
5260,0.0
5261,0.0
5262,0.0
5263,0.0
5264,350.28
5265,769.23
5266,769.23
5267,769.23
5268,755.87
5269,645.94
5270,613.23
5271,532.62
5272,331.37
5273,27.82
5274,-0.0
5275,0.0
5276,0.0
5277,0.0
5278,0.0
5279,0.0
5280,0.0
5281,0.0
5282,0.0
5283,0.0
5284,0.0
5285,0.0
5286,0.0
5287,0.0
5288,258.81
5289,588.28
5290,571.43
5291,681.61
5292,630.55
5293,540.51
5294,364.76
5295,278.32
5296,139.05
5297,7.44
5298,-0.0
5299,0.0
5300,0.0
5301,0.0
5302,0.0
5303,0.0
5304,0.0
5305,0.0
5306,0.0
5307,0.0
5308,0.0
5309,0.0
5310,0.0
5311,0.0
5312,193.21
5313,474.98
5314,627.96
5315,551.79
5316,538.53
5317,530.42
5318,505.83
5319,461.84
5320,265.35
5321,18.61
5322,-0.0
5323,0.0
5324,0.0
5325,0.0
5326,0.0
5327,0.0
5328,0.0
5329,0.0
5330,0.0
5331,0.0
5332,0.0
5333,0.0
5334,0.0
5335,0.0
5336,307.99
5337,753.01
5338,769.23
5339,769.23
5340,689.63
5341,536.89
5342,383.93
5343,315.28
5344,207.52
5345,12.34
5346,-0.0
5347,0.0
5348,0.0
5349,0.0
5350,0.0
5351,0.0
5352,0.0
5353,0.0
5354,0.0
5355,0.0
5356,0.0
5357,0.0
5358,0.0
5359,0.0
5360,328.95
5361,629.69
5362,684.58
5363,661.39
5364,447.31
5365,251.13
5366,393.45
5367,319.06
5368,128.19
5369,7.57
5370,-0.0
5371,0.0
5372,0.0
5373,0.0
5374,0.0
5375,0.0
5376,0.0
5377,0.0
5378,0.0
5379,0.0
5380,0.0
5381,0.0
5382,0.0
5383,0.0
5384,364.21
5385,769.23
5386,751.66
5387,769.23
5388,716.86
5389,680.63
5390,599.26
5391,521.65
5392,324.96
5393,35.44
5394,-0.0
5395,0.0
5396,0.0
5397,0.0
5398,0.0
5399,0.0
5400,0.0
5401,0.0
5402,0.0
5403,0.0
5404,0.0
5405,0.0
5406,0.0
5407,0.0
5408,376.08
5409,769.23
5410,769.23
5411,758.95
5412,743.1
5413,664.26
5414,563.91
5415,491.94
5416,292.34
5417,30.27
5418,-0.0
5419,0.0
5420,0.0
5421,0.0
5422,0.0
5423,0.0
5424,0.0
5425,0.0
5426,0.0
5427,0.0
5428,0.0
5429,0.0
5430,0.0
5431,0.0
5432,181.61
5433,763.94
5434,631.97
5435,617.46
5436,562.89
5437,507.99
5438,527.63
5439,457.8
5440,299.41
5441,34.93
5442,-0.0
5443,0.0
5444,0.0
5445,0.0
5446,0.0
5447,0.0
5448,0.0
5449,0.0
5450,0.0
5451,0.0
5452,0.0
5453,0.0
5454,0.0
5455,0.0
5456,375.6
5457,722.68
5458,769.23
5459,654.98
5460,561.16
5461,413.79
5462,346.85
5463,192.61
5464,135.97
5465,12.54
5466,-0.0
5467,0.0
5468,0.0
5469,0.0
5470,0.0
5471,0.0
5472,0.0
5473,0.0
5474,0.0
5475,0.0
5476,0.0
5477,0.0
5478,0.0
5479,0.0
5480,414.46
5481,769.23
5482,769.23
5483,735.02
5484,738.54
5485,704.79
5486,652.64
5487,587.36
5488,420.36
5489,66.96
5490,-0.0
5491,0.0
5492,0.0
5493,0.0
5494,0.0
5495,0.0
5496,0.0
5497,0.0
5498,0.0
5499,0.0
5500,0.0
5501,0.0
5502,0.0
5503,0.0
5504,382.71
5505,769.23
5506,769.23
5507,769.23
5508,766.62
5509,656.1
5510,567.71
5511,384.86
5512,181.99
5513,24.39
5514,-0.0
5515,0.0
5516,0.0
5517,0.0
5518,0.0
5519,0.0
5520,0.0
5521,0.0
5522,0.0
5523,0.0
5524,0.0
5525,0.0
5526,0.0
5527,0.0
5528,395.31
5529,733.41
5530,769.23
5531,697.32
5532,427.71
5533,488.73
5534,475.11
5535,245.04
5536,103.6
5537,12.84
5538,-0.0
5539,0.0
5540,0.0
5541,0.0
5542,0.0
5543,0.0
5544,0.0
5545,0.0
5546,0.0
5547,0.0
5548,0.0
5549,0.0
5550,0.0
5551,0.0
5552,432.28
5553,723.37
5554,769.23
5555,769.23
5556,749.61
5557,637.66
5558,497.4
5559,332.89
5560,183.23
5561,31.71
5562,-0.0
5563,0.0
5564,0.0
5565,0.0
5566,0.0
5567,0.0
5568,0.0
5569,0.0
5570,0.0
5571,0.0
5572,0.0
5573,0.0
5574,0.0
5575,0.0
5576,347.95
5577,606.45
5578,650.7
5579,649.71
5580,596.72
5581,564.38
5582,536.36
5583,483.92
5584,221.85
5585,46.37
5586,-0.0
5587,0.0
5588,0.0
5589,0.0
5590,0.0
5591,0.0
5592,0.0
5593,0.0
5594,0.0
5595,0.0
5596,0.0
5597,0.0
5598,0.0
5599,0.0
5600,445.29
5601,769.23
5602,769.23
5603,769.23
5604,769.23
5605,701.39
5606,633.88
5607,560.52
5608,351.96
5609,60.86
5610,-0.0
5611,0.0
5612,0.0
5613,0.0
5614,0.0
5615,0.0
5616,0.0
5617,0.0
5618,0.0
5619,0.0
5620,0.0
5621,0.0
5622,0.0
5623,0.0
5624,309.13
5625,666.54
5626,765.47
5627,679.38
5628,682.33
5629,664.71
5630,585.97
5631,493.47
5632,320.08
5633,52.53
5634,-0.0
5635,0.0
5636,0.0
5637,0.0
5638,0.0
5639,0.0
5640,0.0
5641,0.0
5642,0.0
5643,0.0
5644,0.0
5645,0.0
5646,0.0
5647,0.0
5648,171.79
5649,403.79
5650,248.47
5651,209.12
5652,252.46
5653,198.51
5654,437.63
5655,427.71
5656,347.13
5657,69.59
5658,-0.0
5659,0.0
5660,0.0
5661,0.0
5662,0.0
5663,0.0
5664,0.0
5665,0.0
5666,0.0
5667,0.0
5668,0.0
5669,0.0
5670,0.0
5671,0.0
5672,383.35
5673,705.33
5674,741.88
5675,710.89
5676,678.34
5677,651.47
5678,633.26
5679,594.38
5680,456.2
5681,109.01
5682,-0.0
5683,0.0
5684,0.0
5685,0.0
5686,0.0
5687,0.0
5688,0.0
5689,0.0
5690,0.0
5691,0.0
5692,0.0
5693,0.0
5694,0.0
5695,0.0
5696,432.66
5697,664.1
5698,688.28
5699,769.23
5700,769.23
5701,711.93
5702,686.71
5703,585.32
5704,442.64
5705,101.33
5706,-0.0
5707,0.0
5708,0.0
5709,0.0
5710,0.0
5711,0.0
5712,0.0
5713,0.0
5714,0.0
5715,0.0
5716,0.0
5717,0.0
5718,0.0
5719,0.0
5720,707.49
5721,769.23
5722,769.23
5723,766.81
5724,720.89
5725,691.3
5726,612.52
5727,590.81
5728,397.56
5729,84.96
5730,-0.0
5731,0.0
5732,0.0
5733,0.0
5734,0.0
5735,0.0
5736,0.0
5737,0.0
5738,0.0
5739,0.0
5740,0.0
5741,0.0
5742,0.0
5743,0.0
5744,291.53
5745,463.02
5746,472.05
5747,448.28
5748,465.93
5749,491.85
5750,422.67
5751,467.79
5752,248.97
5753,54.42
5754,-0.0
5755,0.0
5756,0.0
5757,0.0
5758,0.0
5759,0.0
5760,0.0
5761,0.0
5762,0.0
5763,0.0
5764,0.0
5765,0.0
5766,0.0
5767,0.0
5768,256.13
5769,546.68
5770,769.23
5771,756.24
5772,610.93
5773,515.97
5774,299.75
5775,248.36
5776,146.63
5777,16.24
5778,-0.0
5779,0.0
5780,0.0
5781,0.0
5782,0.0
5783,0.0
5784,0.0
5785,0.0
5786,0.0
5787,0.0
5788,0.0
5789,0.0
5790,0.0
5791,0.0
5792,437.29
5793,629.72
5794,630.6
5795,615.46
5796,591.11
5797,568.45
5798,542.95
5799,485.84
5800,199.55
5801,35.13
5802,-0.0
5803,0.0
5804,0.0
5805,0.0
5806,0.0
5807,0.0
5808,0.0
5809,0.0
5810,0.0
5811,0.0
5812,0.0
5813,0.0
5814,0.0
5815,0.0
5816,68.29
5817,71.6
5818,55.89
5819,70.61
5820,177.04
5821,343.12
5822,285.37
5823,204.5
5824,149.92
5825,48.95
5826,-0.0
5827,0.0
5828,0.0
5829,0.0
5830,0.0
5831,0.0
5832,0.0
5833,0.0
5834,0.0
5835,0.0
5836,0.0
5837,0.0
5838,0.0
5839,0.0
5840,450.14
5841,641.97
5842,769.23
5843,769.23
5844,664.72
5845,628.27
5846,601.32
5847,544.23
5848,395.11
5849,95.71
5850,-0.0
5851,0.0
5852,0.0
5853,0.0
5854,0.0
5855,0.0
5856,0.0
5857,0.0
5858,0.0
5859,0.0
5860,0.0
5861,0.0
5862,0.0
5863,0.0
5864,562.1
5865,769.23
5866,769.23
5867,769.23
5868,769.23
5869,753.14
5870,712.05
5871,580.61
5872,335.78
5873,54.66
5874,-0.0
5875,0.0
5876,0.0
5877,0.0
5878,0.0
5879,0.0
5880,0.0
5881,0.0
5882,0.0
5883,0.0
5884,0.0
5885,0.0
5886,0.0
5887,0.0
5888,323.47
5889,398.69
5890,550.93
5891,551.47
5892,490.72
5893,473.99
5894,477.69
5895,429.2
5896,282.26
5897,61.43
5898,-0.0
5899,0.0
5900,0.0
5901,0.0
5902,0.0
5903,0.0
5904,0.0
5905,0.0
5906,0.0
5907,0.0
5908,0.0
5909,0.0
5910,0.0
5911,0.0
5912,649.33
5913,769.23
5914,717.82
5915,718.56
5916,730.71
5917,726.5
5918,662.51
5919,569.83
5920,384.94
5921,84.48
5922,-0.0
5923,0.0
5924,0.0
5925,0.0
5926,0.0
5927,0.0
5928,0.0
5929,0.0
5930,0.0
5931,0.0
5932,0.0
5933,0.0
5934,0.0
5935,0.0
5936,702.96
5937,769.23
5938,769.23
5939,769.23
5940,687.72
5941,588.64
5942,550.98
5943,350.62
5944,176.76
5945,31.76
5946,-0.0
5947,0.0
5948,0.0
5949,0.0
5950,0.0
5951,0.0
5952,0.0
5953,0.0
5954,0.0
5955,0.0
5956,0.0
5957,0.0
5958,0.0
5959,0.0
5960,614.14
5961,769.23
5962,769.23
5963,769.23
5964,755.62
5965,724.43
5966,663.04
5967,564.38
5968,443.56
5969,181.98
5970,-0.0
5971,0.0
5972,0.0
5973,0.0
5974,0.0
5975,0.0
5976,0.0
5977,0.0
5978,0.0
5979,0.0
5980,0.0
5981,0.0
5982,0.0
5983,21.72
5984,598.18
5985,769.23
5986,769.23
5987,769.23
5988,769.23
5989,769.23
5990,765.55
5991,736.81
5992,547.63
5993,205.61
5994,-0.0
5995,0.0
5996,0.0
5997,0.0
5998,0.0
5999,0.0
6000,0.0
6001,0.0
6002,0.0
6003,0.0
6004,0.0
6005,0.0
6006,0.0
6007,45.54
6008,623.05
6009,769.23
6010,769.23
6011,769.23
6012,769.23
6013,769.23
6014,720.33
6015,693.34
6016,486.74
6017,159.33
6018,-0.0
6019,0.0
6020,0.0
6021,0.0
6022,0.0
6023,0.0
6024,0.0
6025,0.0
6026,0.0
6027,0.0
6028,0.0
6029,0.0
6030,0.0
6031,64.34
6032,769.23
6033,769.23
6034,769.23
6035,769.23
6036,769.23
6037,769.23
6038,719.39
6039,628.64
6040,482.52
6041,176.08
6042,-0.0
6043,0.0
6044,0.0
6045,0.0
6046,0.0
6047,0.0
6048,0.0
6049,0.0
6050,0.0
6051,0.0
6052,0.0
6053,0.0
6054,0.0
6055,65.44
6056,769.23
6057,769.23
6058,769.23
6059,769.23
6060,769.23
6061,769.23
6062,726.02
6063,660.45
6064,523.36
6065,217.0
6066,-0.0
6067,0.0
6068,0.0
6069,0.0
6070,0.0
6071,0.0
6072,0.0
6073,0.0
6074,0.0
6075,0.0
6076,0.0
6077,0.0
6078,0.0
6079,64.83
6080,710.45
6081,769.23
6082,769.23
6083,769.23
6084,769.23
6085,769.23
6086,768.74
6087,681.22
6088,524.38
6089,216.54
6090,-0.0
6091,0.0
6092,0.0
6093,0.0
6094,0.0
6095,0.0
6096,0.0
6097,0.0
6098,0.0
6099,0.0
6100,0.0
6101,0.0
6102,0.0
6103,35.29
6104,502.99
6105,602.62
6106,699.17
6107,736.39
6108,720.55
6109,747.01
6110,683.4
6111,602.22
6112,369.31
6113,83.69
6114,-0.0
6115,0.0
6116,0.0
6117,0.0
6118,0.0
6119,0.0
6120,0.0
6121,0.0
6122,0.0
6123,0.0
6124,0.0
6125,0.0
6126,0.0
6127,61.15
6128,572.16
6129,751.44
6130,749.49
6131,769.23
6132,769.23
6133,755.14
6134,603.26
6135,515.96
6136,293.79
6137,36.46
6138,-0.0
6139,0.0
6140,0.0
6141,0.0
6142,0.0
6143,0.0
6144,0.0
6145,0.0
6146,0.0
6147,0.0
6148,0.0
6149,0.0
6150,0.0
6151,55.39
6152,704.58
6153,769.23
6154,769.23
6155,769.23
6156,769.23
6157,769.23
6158,740.17
6159,736.42
6160,602.12
6161,290.97
6162,-0.0
6163,0.0
6164,0.0
6165,0.0
6166,0.0
6167,0.0
6168,0.0
6169,0.0
6170,0.0
6171,0.0
6172,0.0
6173,0.0
6174,0.0
6175,77.96
6176,737.01
6177,769.23
6178,769.23
6179,769.23
6180,769.23
6181,769.23
6182,757.86
6183,674.35
6184,550.78
6185,263.21
6186,-0.0
6187,0.0
6188,0.0
6189,0.0
6190,0.0
6191,0.0
6192,0.0
6193,0.0
6194,0.0
6195,0.0
6196,0.0
6197,0.0
6198,0.0
6199,67.88
6200,694.09
6201,769.23
6202,769.23
6203,769.23
6204,712.28
6205,726.82
6206,712.64
6207,690.67
6208,500.9
6209,215.25
6210,-0.0
6211,0.0
6212,0.0
6213,0.0
6214,0.0
6215,0.0
6216,0.0
6217,0.0
6218,0.0
6219,0.0
6220,0.0
6221,0.0
6222,0.0
6223,86.28
6224,766.14
6225,769.23
6226,769.23
6227,769.23
6228,769.23
6229,666.34
6230,393.32
6231,374.27
6232,402.76
6233,192.58
6234,-0.0
6235,0.0
6236,0.0
6237,0.0
6238,0.0
6239,0.0
6240,0.0
6241,0.0
6242,0.0
6243,0.0
6244,0.0
6245,0.0
6246,0.0
6247,65.3
6248,678.98
6249,742.4
6250,769.23
6251,769.23
6252,762.1
6253,764.19
6254,756.39
6255,728.68
6256,546.76
6257,254.44
6258,-0.0
6259,0.0
6260,0.0
6261,0.0
6262,0.0
6263,0.0
6264,0.0
6265,0.0
6266,0.0
6267,0.0
6268,0.0
6269,0.0
6270,0.0
6271,108.98
6272,682.83
6273,769.23
6274,769.23
6275,721.69
6276,704.5
6277,687.45
6278,712.35
6279,635.07
6280,503.98
6281,232.31
6282,-0.0
6283,0.0
6284,0.0
6285,0.0
6286,0.0
6287,0.0
6288,0.0
6289,0.0
6290,0.0
6291,0.0
6292,0.0
6293,0.0
6294,0.0
6295,105.31
6296,758.94
6297,769.23
6298,769.23
6299,769.23
6300,769.23
6301,769.23
6302,766.04
6303,632.56
6304,419.07
6305,213.94
6306,-0.0
6307,0.0
6308,0.0
6309,0.0
6310,0.0
6311,0.0
6312,0.0
6313,0.0
6314,0.0
6315,0.0
6316,0.0
6317,0.0
6318,0.0
6319,63.65
6320,657.9
6321,769.23
6322,769.23
6323,769.23
6324,769.23
6325,769.23
6326,769.23
6327,769.23
6328,652.44
6329,371.3
6330,-0.0
6331,0.0
6332,0.0
6333,0.0
6334,0.0
6335,0.0
6336,0.0
6337,0.0
6338,0.0
6339,0.0
6340,0.0
6341,0.0
6342,0.0
6343,80.36
6344,753.4
6345,769.23
6346,769.23
6347,769.23
6348,769.23
6349,769.23
6350,743.46
6351,709.65
6352,604.9
6353,346.76
6354,-0.0
6355,0.0
6356,0.0
6357,0.0
6358,0.0
6359,0.0
6360,0.0
6361,0.0
6362,0.0
6363,0.0
6364,0.0
6365,0.0
6366,0.0
6367,78.1
6368,672.31
6369,769.23
6370,769.23
6371,769.23
6372,769.23
6373,753.62
6374,732.71
6375,696.86
6376,580.1
6377,317.34
6378,-0.0
6379,0.0
6380,0.0
6381,0.0
6382,0.0
6383,0.0
6384,0.0
6385,0.0
6386,0.0
6387,0.0
6388,0.0
6389,0.0
6390,0.0
6391,91.3
6392,672.64
6393,764.85
6394,769.23
6395,769.23
6396,745.74
6397,728.3
6398,769.23
6399,769.23
6400,543.47
6401,249.3
6402,-0.0
6403,0.0
6404,0.0
6405,0.0
6406,0.0
6407,0.0
6408,0.0
6409,0.0
6410,0.0
6411,0.0
6412,0.0
6413,0.0
6414,0.0
6415,94.69
6416,671.13
6417,741.55
6418,748.11
6419,732.74
6420,712.87
6421,702.37
6422,690.5
6423,658.91
6424,554.21
6425,322.95
6426,-0.0
6427,0.0
6428,0.0
6429,0.0
6430,0.0
6431,0.0
6432,0.0
6433,0.0
6434,0.0
6435,0.0
6436,0.0
6437,0.0
6438,0.0
6439,415.03
6440,769.23
6441,714.22
6442,769.23
6443,737.08
6444,726.63
6445,654.2
6446,641.91
6447,586.81
6448,289.1
6449,104.64
6450,-0.0
6451,0.0
6452,0.0
6453,0.0
6454,0.0
6455,0.0
6456,0.0
6457,0.0
6458,0.0
6459,0.0
6460,0.0
6461,0.0
6462,0.0
6463,569.39
6464,745.74
6465,769.23
6466,769.23
6467,769.23
6468,769.23
6469,659.03
6470,564.96
6471,470.24
6472,312.96
6473,99.26
6474,-0.0
6475,0.0
6476,0.0
6477,0.0
6478,0.0
6479,0.0
6480,0.0
6481,0.0
6482,0.0
6483,0.0
6484,0.0
6485,0.0
6486,0.0
6487,410.67
6488,584.51
6489,562.5
6490,530.75
6491,619.65
6492,489.79
6493,278.63
6494,340.49
6495,188.96
6496,129.36
6497,52.58
6498,-0.0
6499,0.0
6500,0.0
6501,0.0
6502,0.0
6503,0.0
6504,0.0
6505,0.0
6506,0.0
6507,0.0
6508,0.0
6509,0.0
6510,0.0
6511,769.23
6512,615.82
6513,769.23
6514,762.99
6515,769.23
6516,706.78
6517,615.2
6518,645.23
6519,562.91
6520,191.02
6521,9.67
6522,-0.0
6523,0.0
6524,0.0
6525,0.0
6526,0.0
6527,0.0
6528,0.0
6529,0.0
6530,0.0
6531,0.0
6532,0.0
6533,0.0
6534,0.0
6535,769.23
6536,582.72
6537,563.08
6538,205.66
6539,297.13
6540,600.82
6541,644.64
6542,604.26
6543,544.55
6544,415.74
6545,257.73
6546,-0.0
6547,0.0
6548,0.0
6549,0.0
6550,0.0
6551,0.0
6552,0.0
6553,0.0
6554,0.0
6555,0.0
6556,0.0
6557,0.0
6558,0.0
6559,769.23
6560,364.61
6561,418.98
6562,278.12
6563,290.63
6564,379.31
6565,301.57
6566,281.76
6567,253.97
6568,168.76
6569,105.76
6570,-0.0
6571,0.0
6572,0.0
6573,0.0
6574,0.0
6575,0.0
6576,0.0
6577,0.0
6578,0.0
6579,0.0
6580,0.0
6581,0.0
6582,0.0
6583,179.65
6584,710.88
6585,769.23
6586,769.23
6587,769.23
6588,769.23
6589,769.23
6590,769.23
6591,769.23
6592,666.1
6593,443.74
6594,-0.0
6595,0.0
6596,0.0
6597,0.0
6598,0.0
6599,0.0
6600,0.0
6601,0.0
6602,0.0
6603,0.0
6604,0.0
6605,0.0
6606,0.0
6607,477.06
6608,769.23
6609,769.23
6610,769.23
6611,769.23
6612,769.23
6613,769.23
6614,744.39
6615,649.86
6616,530.7
6617,367.87
6618,-0.0
6619,0.0
6620,0.0
6621,0.0
6622,0.0
6623,0.0
6624,0.0
6625,0.0
6626,0.0
6627,0.0
6628,0.0
6629,0.0
6630,0.0
6631,221.8
6632,633.32
6633,723.37
6634,732.94
6635,727.73
6636,717.15
6637,697.26
6638,673.71
6639,618.45
6640,483.8
6641,226.27
6642,-0.0
6643,0.0
6644,0.0
6645,0.0
6646,0.0
6647,0.0
6648,0.0
6649,0.0
6650,0.0
6651,0.0
6652,0.0
6653,0.0
6654,0.0
6655,769.23
6656,645.32
6657,643.19
6658,769.23
6659,769.23
6660,759.18
6661,761.06
6662,769.23
6663,760.01
6664,623.5
6665,451.29
6666,-0.0
6667,0.0
6668,0.0
6669,0.0
6670,0.0
6671,0.0
6672,0.0
6673,0.0
6674,0.0
6675,0.0
6676,0.0
6677,0.0
6678,0.0
6679,769.23
6680,769.23
6681,769.23
6682,769.23
6683,769.23
6684,769.23
6685,769.23
6686,769.23
6687,694.29
6688,600.33
6689,464.76
6690,-0.0
6691,0.0
6692,0.0
6693,0.0
6694,0.0
6695,0.0
6696,0.0
6697,0.0
6698,0.0
6699,0.0
6700,0.0
6701,0.0
6702,0.0
6703,271.11
6704,655.28
6705,769.23
6706,769.23
6707,758.84
6708,693.48
6709,660.98
6710,574.58
6711,399.38
6712,191.53
6713,80.24
6714,-0.0
6715,0.0
6716,0.0
6717,0.0
6718,0.0
6719,0.0
6720,0.0
6721,0.0
6722,0.0
6723,0.0
6724,0.0
6725,0.0
6726,0.0
6727,698.91
6728,763.64
6729,769.23
6730,769.23
6731,769.23
6732,691.06
6733,675.53
6734,646.42
6735,494.63
6736,354.52
6737,207.5
6738,-0.0
6739,0.0
6740,0.0
6741,0.0
6742,0.0
6743,0.0
6744,0.0
6745,0.0
6746,0.0
6747,0.0
6748,0.0
6749,0.0
6750,0.0
6751,769.23
6752,769.23
6753,708.22
6754,769.23
6755,769.23
6756,769.23
6757,721.62
6758,708.34
6759,667.32
6760,572.88
6761,423.95
6762,-0.0
6763,0.0
6764,0.0
6765,0.0
6766,0.0
6767,0.0
6768,0.0
6769,0.0
6770,0.0
6771,0.0
6772,0.0
6773,0.0
6774,0.0
6775,441.81
6776,730.9
6777,769.23
6778,769.23
6779,769.23
6780,769.23
6781,769.23
6782,769.23
6783,766.36
6784,643.99
6785,501.88
6786,-0.0
6787,0.0
6788,0.0
6789,0.0
6790,0.0
6791,0.0
6792,0.0
6793,0.0
6794,0.0
6795,0.0
6796,0.0
6797,0.0
6798,0.0
6799,769.23
6800,769.23
6801,769.23
6802,769.23
6803,752.68
6804,738.12
6805,737.87
6806,715.69
6807,769.23
6808,636.51
6809,488.95
6810,-0.0
6811,0.0
6812,0.0
6813,0.0
6814,0.0
6815,0.0
6816,0.0
6817,0.0
6818,0.0
6819,0.0
6820,0.0
6821,0.0
6822,0.0
6823,720.81
6824,728.14
6825,769.23
6826,739.33
6827,549.47
6828,614.76
6829,470.77
6830,307.98
6831,288.47
6832,235.91
6833,41.43
6834,-0.0
6835,0.0
6836,0.0
6837,0.0
6838,0.0
6839,0.0
6840,0.0
6841,0.0
6842,0.0
6843,0.0
6844,0.0
6845,0.0
6846,0.0
6847,640.14
6848,769.23
6849,769.23
6850,769.23
6851,708.68
6852,596.09
6853,504.22
6854,293.45
6855,206.37
6856,245.31
6857,276.85
6858,-0.0
6859,0.0
6860,0.0
6861,0.0
6862,0.0
6863,0.0
6864,0.0
6865,0.0
6866,0.0
6867,0.0
6868,0.0
6869,0.0
6870,0.0
6871,652.37
6872,625.94
6873,769.23
6874,769.23
6875,769.23
6876,769.23
6877,768.41
6878,687.31
6879,402.61
6880,374.88
6881,282.29
6882,-0.0
6883,0.0
6884,0.0
6885,0.0
6886,0.0
6887,0.0
6888,0.0
6889,0.0
6890,0.0
6891,0.0
6892,0.0
6893,0.0
6894,0.0
6895,282.55
6896,478.67
6897,597.88
6898,652.13
6899,769.23
6900,769.23
6901,721.25
6902,769.23
6903,620.47
6904,532.63
6905,310.32
6906,-0.0
6907,-0.0
6908,0.0
6909,0.0
6910,0.0
6911,0.0
6912,0.0
6913,0.0
6914,0.0
6915,0.0
6916,0.0
6917,0.0
6918,0.0
6919,567.95
6920,769.23
6921,769.23
6922,769.23
6923,769.23
6924,769.23
6925,769.23
6926,769.23
6927,769.23
6928,702.83
6929,475.95
6930,-0.0
6931,-0.0
6932,0.0
6933,0.0
6934,0.0
6935,0.0
6936,0.0
6937,0.0
6938,0.0
6939,0.0
6940,0.0
6941,0.0
6942,0.0
6943,621.89
6944,769.23
6945,769.23
6946,769.23
6947,769.23
6948,769.23
6949,769.23
6950,769.23
6951,719.87
6952,587.74
6953,291.88
6954,-0.0
6955,-0.0
6956,0.0
6957,0.0
6958,0.0
6959,0.0
6960,0.0
6961,0.0
6962,0.0
6963,0.0
6964,0.0
6965,0.0
6966,0.0
6967,769.23
6968,295.19
6969,169.9
6970,87.85
6971,165.15
6972,105.68
6973,93.05
6974,89.71
6975,110.62
6976,33.63
6977,6.13
6978,-0.0
6979,-0.0
6980,0.0
6981,0.0
6982,0.0
6983,0.0
6984,0.0
6985,0.0
6986,0.0
6987,0.0
6988,0.0
6989,0.0
6990,0.0
6991,299.19
6992,536.57
6993,629.84
6994,649.62
6995,666.99
6996,682.47
6997,668.73
6998,521.62
6999,581.97
7000,386.14
7001,176.12
7002,-0.0
7003,-0.0
7004,0.0
7005,0.0
7006,0.0
7007,0.0
7008,0.0
7009,0.0
7010,0.0
7011,0.0
7012,0.0
7013,0.0
7014,0.0
7015,384.39
7016,363.75
7017,299.16
7018,201.35
7019,273.39
7020,243.1
7021,239.77
7022,159.03
7023,164.24
7024,94.9
7025,13.41
7026,-0.0
7027,-0.0
7028,0.0
7029,0.0
7030,0.0
7031,0.0
7032,0.0
7033,0.0
7034,0.0
7035,0.0
7036,0.0
7037,0.0
7038,0.0
7039,722.48
7040,738.9
7041,726.1
7042,743.5
7043,723.54
7044,645.17
7045,601.3
7046,515.68
7047,395.22
7048,344.76
7049,156.41
7050,22.65
7051,-0.0
7052,0.0
7053,0.0
7054,0.0
7055,0.0
7056,0.0
7057,0.0
7058,0.0
7059,0.0
7060,0.0
7061,0.0
7062,0.0
7063,769.23
7064,769.23
7065,759.86
7066,769.23
7067,732.44
7068,717.57
7069,639.54
7070,492.77
7071,508.46
7072,432.79
7073,244.31
7074,6.09
7075,-0.0
7076,0.0
7077,0.0
7078,0.0
7079,0.0
7080,0.0
7081,0.0
7082,0.0
7083,0.0
7084,0.0
7085,0.0
7086,0.0
7087,223.66
7088,574.81
7089,701.22
7090,721.04
7091,709.2
7092,700.91
7093,690.72
7094,680.46
7095,639.92
7096,538.11
7097,302.41
7098,4.23
7099,-0.0
7100,0.0
7101,0.0
7102,0.0
7103,0.0
7104,0.0
7105,0.0
7106,0.0
7107,0.0
7108,0.0
7109,0.0
7110,0.0
7111,769.23
7112,557.6
7113,394.39
7114,593.27
7115,632.72
7116,694.36
7117,550.47
7118,189.34
7119,123.88
7120,240.13
7121,343.92
7122,4.28
7123,-0.0
7124,0.0
7125,0.0
7126,0.0
7127,0.0
7128,0.0
7129,0.0
7130,0.0
7131,0.0
7132,0.0
7133,0.0
7134,0.0
7135,752.47
7136,769.23
7137,769.23
7138,769.23
7139,769.23
7140,579.61
7141,235.11
7142,140.57
7143,120.56
7144,52.74
7145,8.44
7146,-0.0
7147,-0.0
7148,0.0
7149,0.0
7150,0.0
7151,0.0
7152,0.0
7153,0.0
7154,0.0
7155,0.0
7156,0.0
7157,0.0
7158,0.0
7159,117.98
7160,210.92
7161,643.96
7162,749.47
7163,662.56
7164,540.5
7165,312.78
7166,215.58
7167,216.08
7168,229.97
7169,178.02
7170,1.81
7171,-0.0
7172,0.0
7173,0.0
7174,0.0
7175,0.0
7176,0.0
7177,0.0
7178,0.0
7179,0.0
7180,0.0
7181,0.0
7182,0.0
7183,304.21
7184,592.84
7185,687.64
7186,720.8
7187,712.95
7188,700.44
7189,657.31
7190,629.5
7191,433.96
7192,405.64
7193,348.65
7194,5.13
7195,-0.0
7196,0.0
7197,0.0
7198,0.0
7199,0.0
7200,0.0
7201,0.0
7202,0.0
7203,0.0
7204,0.0
7205,0.0
7206,0.0
7207,769.23
7208,673.57
7209,769.23
7210,732.67
7211,735.78
7212,730.84
7213,719.47
7214,709.59
7215,680.32
7216,600.93
7217,395.48
7218,7.11
7219,-0.0
7220,0.0
7221,0.0
7222,0.0
7223,0.0
7224,0.0
7225,0.0
7226,0.0
7227,0.0
7228,0.0
7229,0.0
7230,0.0
7231,503.82
7232,405.17
7233,628.31
7234,700.71
7235,689.77
7236,693.89
7237,530.83
7238,422.41
7239,149.43
7240,85.41
7241,40.02
7242,-0.0
7243,-0.0
7244,0.0
7245,0.0
7246,0.0
7247,0.0
7248,0.0
7249,0.0
7250,0.0
7251,0.0
7252,0.0
7253,0.0
7254,0.0
7255,437.93
7256,769.23
7257,769.23
7258,761.75
7259,707.69
7260,667.19
7261,630.0
7262,594.31
7263,553.47
7264,343.7
7265,183.3
7266,0.63
7267,-0.0
7268,0.0
7269,0.0
7270,0.0
7271,0.0
7272,0.0
7273,0.0
7274,0.0
7275,0.0
7276,0.0
7277,0.0
7278,0.0
7279,769.23
7280,577.52
7281,769.23
7282,769.23
7283,769.23
7284,700.04
7285,425.41
7286,429.09
7287,410.44
7288,505.47
7289,272.97
7290,3.9
7291,-0.0
7292,0.0
7293,0.0
7294,0.0
7295,0.0
7296,0.0
7297,0.0
7298,0.0
7299,0.0
7300,0.0
7301,0.0
7302,0.0
7303,377.07
7304,769.23
7305,769.23
7306,735.38
7307,600.59
7308,557.62
7309,636.53
7310,590.67
7311,477.27
7312,94.05
7313,47.46
7314,-0.0
7315,-0.0
7316,0.0
7317,0.0
7318,0.0
7319,0.0
7320,0.0
7321,0.0
7322,0.0
7323,0.0
7324,0.0
7325,0.0
7326,0.0
7327,698.65
7328,264.42
7329,258.2
7330,262.43
7331,535.89
7332,601.33
7333,545.39
7334,414.91
7335,497.56
7336,431.16
7337,163.98
7338,5.58
7339,-0.0
7340,0.0
7341,0.0
7342,0.0
7343,0.0
7344,0.0
7345,0.0
7346,0.0
7347,0.0
7348,0.0
7349,0.0
7350,0.0
7351,556.95
7352,769.23
7353,769.23
7354,769.23
7355,769.23
7356,588.9
7357,538.29
7358,398.95
7359,437.59
7360,382.88
7361,303.82
7362,9.78
7363,-0.0
7364,0.0
7365,0.0
7366,0.0
7367,0.0
7368,0.0
7369,0.0
7370,0.0
7371,0.0
7372,0.0
7373,0.0
7374,0.0
7375,468.75
7376,766.3
7377,769.23
7378,769.23
7379,769.23
7380,769.23
7381,769.23
7382,769.23
7383,769.23
7384,722.71
7385,469.21
7386,16.09
7387,-0.0
7388,0.0
7389,0.0
7390,0.0
7391,0.0
7392,0.0
7393,0.0
7394,0.0
7395,0.0
7396,0.0
7397,0.0
7398,0.0
7399,404.53
7400,719.2
7401,769.23
7402,769.23
7403,723.76
7404,597.42
7405,523.21
7406,461.95
7407,425.37
7408,325.2
7409,98.6
7410,0.11
7411,-0.0
7412,0.0
7413,0.0
7414,0.0
7415,0.0
7416,0.0
7417,0.0
7418,0.0
7419,0.0
7420,0.0
7421,0.0
7422,0.0
7423,343.96
7424,622.97
7425,739.13
7426,715.69
7427,731.41
7428,719.12
7429,621.65
7430,622.27
7431,418.86
7432,357.47
7433,231.53
7434,4.24
7435,-0.0
7436,0.0
7437,0.0
7438,0.0
7439,0.0
7440,0.0
7441,0.0
7442,0.0
7443,0.0
7444,0.0
7445,0.0
7446,0.0
7447,589.15
7448,615.25
7449,677.12
7450,701.72
7451,400.63
7452,267.23
7453,200.4
7454,116.37
7455,95.34
7456,45.12
7457,18.74
7458,-0.0
7459,-0.0
7460,0.0
7461,0.0
7462,0.0
7463,0.0
7464,0.0
7465,0.0
7466,0.0
7467,0.0
7468,0.0
7469,0.0
7470,0.0
7471,586.29
7472,179.5
7473,411.35
7474,735.4
7475,719.16
7476,460.52
7477,567.25
7478,404.61
7479,270.64
7480,114.27
7481,69.21
7482,-0.0
7483,-0.0
7484,0.0
7485,0.0
7486,0.0
7487,0.0
7488,0.0
7489,0.0
7490,0.0
7491,0.0
7492,0.0
7493,0.0
7494,0.0
7495,124.49
7496,92.72
7497,123.34
7498,188.85
7499,275.21
7500,294.54
7501,304.7
7502,175.08
7503,87.55
7504,67.96
7505,11.29
7506,-0.0
7507,-0.0
7508,0.0
7509,0.0
7510,0.0
7511,0.0
7512,0.0
7513,0.0
7514,0.0
7515,0.0
7516,0.0
7517,0.0
7518,0.0
7519,506.55
7520,769.23
7521,744.0
7522,769.23
7523,769.23
7524,601.34
7525,554.77
7526,490.07
7527,416.77
7528,281.68
7529,99.68
7530,-0.0
7531,-0.0
7532,0.0
7533,0.0
7534,0.0
7535,0.0
7536,0.0
7537,0.0
7538,0.0
7539,0.0
7540,0.0
7541,0.0
7542,0.0
7543,769.23
7544,598.77
7545,747.47
7546,711.86
7547,769.23
7548,711.85
7549,740.77
7550,493.82
7551,360.57
7552,128.68
7553,90.91
7554,0.15
7555,-0.0
7556,0.0
7557,0.0
7558,0.0
7559,0.0
7560,0.0
7561,0.0
7562,0.0
7563,0.0
7564,0.0
7565,0.0
7566,0.0
7567,439.84
7568,464.85
7569,527.18
7570,684.45
7571,568.56
7572,555.34
7573,470.04
7574,306.52
7575,202.5
7576,63.33
7577,52.49
7578,0.15
7579,-0.0
7580,0.0
7581,0.0
7582,0.0
7583,0.0
7584,0.0
7585,0.0
7586,0.0
7587,0.0
7588,0.0
7589,0.0
7590,0.0
7591,391.99
7592,650.41
7593,763.17
7594,769.23
7595,769.23
7596,769.23
7597,769.23
7598,769.23
7599,769.23
7600,733.57
7601,557.29
7602,38.12
7603,-0.0
7604,0.0
7605,0.0
7606,0.0
7607,0.0
7608,0.0
7609,0.0
7610,0.0
7611,0.0
7612,0.0
7613,0.0
7614,0.0
7615,721.6
7616,769.23
7617,769.23
7618,769.23
7619,769.23
7620,769.23
7621,769.23
7622,769.23
7623,769.23
7624,702.79
7625,526.64
7626,39.62
7627,-0.0
7628,0.0
7629,0.0
7630,0.0
7631,0.0
7632,0.0
7633,0.0
7634,0.0
7635,0.0
7636,0.0
7637,0.0
7638,0.0
7639,542.96
7640,766.52
7641,769.23
7642,769.23
7643,769.23
7644,769.23
7645,769.23
7646,769.23
7647,769.23
7648,664.96
7649,399.09
7650,31.55
7651,-0.0
7652,0.0
7653,0.0
7654,0.0
7655,0.0
7656,0.0
7657,0.0
7658,0.0
7659,0.0
7660,0.0
7661,0.0
7662,0.0
7663,480.16
7664,682.99
7665,742.88
7666,722.37
7667,710.02
7668,680.05
7669,556.78
7670,476.59
7671,261.29
7672,263.29
7673,112.08
7674,0.88
7675,-0.0
7676,0.0
7677,0.0
7678,0.0
7679,0.0
7680,0.0
7681,0.0
7682,0.0
7683,0.0
7684,0.0
7685,0.0
7686,0.0
7687,769.23
7688,440.16
7689,536.47
7690,694.46
7691,742.61
7692,560.99
7693,545.84
7694,602.17
7695,542.07
7696,468.69
7697,330.61
7698,22.71
7699,-0.0
7700,0.0
7701,0.0
7702,0.0
7703,0.0
7704,0.0
7705,0.0
7706,0.0
7707,0.0
7708,0.0
7709,0.0
7710,0.0
7711,769.23
7712,713.5
7713,769.23
7714,769.23
7715,769.23
7716,769.23
7717,728.8
7718,618.4
7719,585.57
7720,567.38
7721,275.49
7722,19.28
7723,-0.0
7724,0.0
7725,0.0
7726,0.0
7727,0.0
7728,0.0
7729,0.0
7730,0.0
7731,0.0
7732,0.0
7733,0.0
7734,0.0
7735,623.17
7736,769.23
7737,769.23
7738,769.23
7739,769.23
7740,769.23
7741,769.23
7742,769.23
7743,724.04
7744,580.74
7745,301.67
7746,32.2
7747,-0.0
7748,0.0
7749,0.0
7750,0.0
7751,0.0
7752,0.0
7753,0.0
7754,0.0
7755,0.0
7756,0.0
7757,0.0
7758,82.82
7759,769.23
7760,769.23
7761,769.23
7762,769.23
7763,769.23
7764,769.23
7765,769.23
7766,769.23
7767,769.23
7768,466.6
7769,142.81
7770,6.46
7771,-0.0
7772,0.0
7773,0.0
7774,0.0
7775,0.0
7776,0.0
7777,0.0
7778,0.0
7779,0.0
7780,0.0
7781,0.0
7782,72.94
7783,769.23
7784,753.76
7785,769.23
7786,769.23
7787,769.23
7788,769.23
7789,744.47
7790,313.96
7791,247.33
7792,355.63
7793,354.01
7794,15.81
7795,-0.0
7796,0.0
7797,0.0
7798,0.0
7799,0.0
7800,0.0
7801,0.0
7802,0.0
7803,0.0
7804,0.0
7805,0.0
7806,51.98
7807,587.06
7808,515.24
7809,329.97
7810,422.15
7811,486.63
7812,363.76
7813,321.05
7814,299.3
7815,177.37
7816,96.53
7817,34.66
7818,-0.0
7819,-0.0
7820,0.0
7821,0.0
7822,0.0
7823,0.0
7824,0.0
7825,0.0
7826,0.0
7827,0.0
7828,0.0
7829,0.0
7830,60.16
7831,450.63
7832,375.61
7833,518.6
7834,700.74
7835,769.23
7836,769.23
7837,740.26
7838,769.23
7839,739.37
7840,603.8
7841,411.94
7842,40.78
7843,-0.0
7844,0.0
7845,0.0
7846,0.0
7847,0.0
7848,0.0
7849,0.0
7850,0.0
7851,0.0
7852,0.0
7853,0.0
7854,86.31
7855,661.64
7856,458.09
7857,410.42
7858,559.69
7859,747.01
7860,769.23
7861,703.49
7862,524.88
7863,600.62
7864,540.44
7865,299.94
7866,23.08
7867,-0.0
7868,0.0
7869,0.0
7870,0.0
7871,0.0
7872,0.0
7873,0.0
7874,0.0
7875,0.0
7876,0.0
7877,0.0
7878,11.49
7879,65.0
7880,102.68
7881,174.26
7882,137.84
7883,166.39
7884,190.93
7885,182.09
7886,266.11
7887,233.56
7888,65.95
7889,12.7
7890,-0.0
7891,-0.0
7892,0.0
7893,0.0
7894,0.0
7895,0.0
7896,0.0
7897,0.0
7898,0.0
7899,0.0
7900,0.0
7901,0.0
7902,51.43
7903,305.82
7904,367.65
7905,452.73
7906,557.78
7907,643.89
7908,360.19
7909,320.31
7910,330.89
7911,204.48
7912,118.74
7913,39.08
7914,-0.0
7915,-0.0
7916,0.0
7917,0.0
7918,0.0
7919,0.0
7920,0.0
7921,0.0
7922,0.0
7923,0.0
7924,0.0
7925,0.0
7926,56.82
7927,393.98
7928,387.05
7929,424.56
7930,323.39
7931,356.4
7932,386.06
7933,251.75
7934,241.08
7935,148.27
7936,329.19
7937,208.05
7938,27.77
7939,-0.0
7940,0.0
7941,0.0
7942,0.0
7943,0.0
7944,0.0
7945,0.0
7946,0.0
7947,0.0
7948,0.0
7949,0.0
7950,72.78
7951,769.23
7952,765.21
7953,769.23
7954,769.23
7955,769.23
7956,762.78
7957,645.05
7958,503.57
7959,428.2
7960,355.79
7961,207.66
7962,21.4
7963,-0.0
7964,0.0
7965,0.0
7966,0.0
7967,0.0
7968,0.0
7969,0.0
7970,0.0
7971,0.0
7972,0.0
7973,0.0
7974,96.04
7975,507.79
7976,493.3
7977,234.54
7978,336.65
7979,387.25
7980,369.18
7981,406.68
7982,271.67
7983,93.08
7984,46.72
7985,27.43
7986,0.53
7987,-0.0
7988,0.0
7989,0.0
7990,0.0
7991,0.0
7992,0.0
7993,0.0
7994,0.0
7995,0.0
7996,0.0
7997,0.0
7998,30.17
7999,332.66
8000,410.68
8001,380.06
8002,393.35
8003,323.98
8004,374.21
8005,128.67
8006,254.03
8007,109.55
8008,48.2
8009,25.28
8010,-0.0
8011,-0.0
8012,0.0
8013,0.0
8014,0.0
8015,0.0
8016,0.0
8017,0.0
8018,0.0
8019,0.0
8020,0.0
8021,0.0
8022,23.99
8023,191.39
8024,340.2
8025,653.09
8026,769.23
8027,769.23
8028,769.23
8029,633.01
8030,487.4
8031,380.97
8032,254.15
8033,149.91
8034,20.83
8035,-0.0
8036,0.0
8037,0.0
8038,0.0
8039,0.0
8040,0.0
8041,0.0
8042,0.0
8043,0.0
8044,0.0
8045,0.0
8046,37.59
8047,651.23
8048,741.09
8049,769.23
8050,769.23
8051,769.23
8052,769.23
8053,769.23
8054,755.76
8055,762.35
8056,374.33
8057,200.39
8058,20.75
8059,-0.0
8060,0.0
8061,0.0
8062,0.0
8063,0.0
8064,0.0
8065,0.0
8066,0.0
8067,0.0
8068,0.0
8069,0.0
8070,50.98
8071,769.23
8072,606.9
8073,764.75
8074,769.23
8075,769.23
8076,769.23
8077,769.23
8078,769.23
8079,769.23
8080,601.94
8081,378.41
8082,63.31
8083,-0.0
8084,0.0
8085,0.0
8086,0.0
8087,0.0
8088,0.0
8089,0.0
8090,0.0
8091,0.0
8092,0.0
8093,0.0
8094,24.22
8095,496.8
8096,707.77
8097,769.23
8098,769.23
8099,769.23
8100,769.23
8101,751.12
8102,733.82
8103,748.3
8104,622.34
8105,424.63
8106,62.14
8107,-0.0
8108,0.0
8109,0.0
8110,0.0
8111,0.0
8112,0.0
8113,0.0
8114,0.0
8115,0.0
8116,0.0
8117,0.0
8118,64.26
8119,504.25
8120,695.14
8121,769.23
8122,702.4
8123,664.33
8124,630.88
8125,614.14
8126,609.08
8127,700.39
8128,542.13
8129,252.58
8130,30.15
8131,-0.0
8132,0.0
8133,0.0
8134,0.0
8135,0.0
8136,0.0
8137,0.0
8138,0.0
8139,0.0
8140,0.0
8141,0.0
8142,62.68
8143,660.07
8144,769.23
8145,769.23
8146,769.23
8147,769.23
8148,769.23
8149,769.23
8150,769.23
8151,627.47
8152,577.77
8153,299.02
8154,46.85
8155,-0.0
8156,0.0
8157,0.0
8158,0.0
8159,0.0
8160,0.0
8161,0.0
8162,0.0
8163,0.0
8164,0.0
8165,0.0
8166,118.06
8167,769.23
8168,594.5
8169,454.6
8170,398.44
8171,389.62
8172,600.14
8173,736.36
8174,715.89
8175,658.98
8176,378.73
8177,217.47
8178,33.17
8179,-0.0
8180,0.0
8181,0.0
8182,0.0
8183,0.0
8184,0.0
8185,0.0
8186,0.0
8187,0.0
8188,0.0
8189,0.0
8190,15.99
8191,272.34
8192,412.13
8193,443.51
8194,526.13
8195,459.83
8196,445.28
8197,468.56
8198,199.25
8199,247.85
8200,241.7
8201,132.85
8202,22.59
8203,-0.0
8204,0.0
8205,0.0
8206,0.0
8207,0.0
8208,0.0
8209,0.0
8210,0.0
8211,0.0
8212,0.0
8213,0.0
8214,0.0
8215,769.23
8216,769.23
8217,769.23
8218,769.23
8219,769.23
8220,763.13
8221,769.23
8222,732.63
8223,676.52
8224,564.86
8225,242.27
8226,51.55
8227,-0.0
8228,0.0
8229,0.0
8230,0.0
8231,0.0
8232,0.0
8233,0.0
8234,0.0
8235,0.0
8236,0.0
8237,0.0
8238,0.0
8239,635.7
8240,754.44
8241,703.4
8242,641.94
8243,674.74
8244,675.16
8245,611.65
8246,440.99
8247,278.61
8248,138.72
8249,39.74
8250,3.59
8251,-0.0
8252,0.0
8253,0.0
8254,0.0
8255,0.0
8256,0.0
8257,0.0
8258,0.0
8259,0.0
8260,0.0
8261,0.0
8262,0.0
8263,755.38
8264,769.23
8265,769.23
8266,769.23
8267,769.23
8268,769.23
8269,769.23
8270,769.23
8271,769.23
8272,544.98
8273,383.88
8274,72.51
8275,-0.0
8276,0.0
8277,0.0
8278,0.0
8279,0.0
8280,0.0
8281,0.0
8282,0.0
8283,0.0
8284,0.0
8285,0.0
8286,0.0
8287,769.23
8288,769.23
8289,769.23
8290,769.23
8291,769.23
8292,769.23
8293,769.23
8294,769.23
8295,769.23
8296,731.74
8297,315.91
8298,67.43
8299,-0.0
8300,0.0
8301,0.0
8302,0.0
8303,0.0
8304,0.0
8305,0.0
8306,0.0
8307,0.0
8308,0.0
8309,0.0
8310,0.0
8311,769.23
8312,769.23
8313,769.23
8314,769.23
8315,769.23
8316,769.23
8317,769.23
8318,769.23
8319,769.23
8320,371.36
8321,228.74
8322,48.61
8323,-0.0
8324,0.0
8325,0.0
8326,0.0
8327,0.0
8328,0.0
8329,0.0
8330,0.0
8331,0.0
8332,0.0
8333,0.0
8334,0.0
8335,769.23
8336,744.32
8337,769.23
8338,769.23
8339,769.23
8340,660.86
8341,654.64
8342,575.26
8343,292.2
8344,466.34
8345,227.76
8346,48.35
8347,-0.0
8348,0.0
8349,0.0
8350,0.0
8351,0.0
8352,0.0
8353,0.0
8354,0.0
8355,0.0
8356,0.0
8357,0.0
8358,0.0
8359,527.05
8360,769.23
8361,769.23
8362,769.23
8363,769.23
8364,762.95
8365,750.98
8366,729.31
8367,690.84
8368,476.52
8369,269.21
8370,86.98
8371,-0.0
8372,0.0
8373,0.0
8374,0.0
8375,0.0
8376,0.0
8377,0.0
8378,0.0
8379,0.0
8380,0.0
8381,0.0
8382,0.0
8383,769.23
8384,769.23
8385,769.23
8386,769.23
8387,769.23
8388,769.23
8389,763.88
8390,744.27
8391,700.5
8392,592.57
8393,437.89
8394,104.16
8395,-0.0
8396,0.0
8397,0.0
8398,0.0
8399,0.0
8400,0.0
8401,0.0
8402,0.0
8403,0.0
8404,0.0
8405,0.0
8406,0.0
8407,719.59
8408,769.23
8409,769.23
8410,769.23
8411,769.23
8412,769.23
8413,769.23
8414,769.23
8415,769.23
8416,665.72
8417,461.07
8418,108.34
8419,-0.0
8420,0.0
8421,0.0
8422,0.0
8423,0.0
8424,0.0
8425,0.0
8426,0.0
8427,0.0
8428,0.0
8429,0.0
8430,0.0
8431,704.33
8432,722.35
8433,769.23
8434,769.23
8435,768.0
8436,760.91
8437,719.67
8438,743.61
8439,667.74
8440,587.15
8441,441.56
8442,112.57
8443,-0.0
8444,0.0
8445,0.0
8446,0.0
8447,0.0
8448,0.0
8449,0.0
8450,0.0
8451,0.0
8452,0.0
8453,0.0
8454,0.0
8455,424.08
8456,702.42
8457,769.23
8458,769.23
8459,761.95
8460,703.49
8461,689.28
8462,668.12
8463,632.52
8464,598.69
8465,369.23
8466,98.49
8467,-0.0
8468,0.0
8469,0.0
8470,0.0
8471,0.0
8472,0.0
8473,0.0
8474,0.0
8475,0.0
8476,0.0
8477,0.0
8478,0.0
8479,769.23
8480,769.23
8481,747.13
8482,769.23
8483,769.23
8484,743.66
8485,720.16
8486,732.98
8487,769.23
8488,607.04
8489,177.08
8490,18.08
8491,-0.0
8492,0.0
8493,0.0
8494,0.0
8495,0.0
8496,0.0
8497,0.0
8498,0.0
8499,0.0
8500,0.0
8501,0.0
8502,0.0
8503,685.6
8504,769.23
8505,769.23
8506,769.23
8507,769.23
8508,769.23
8509,769.23
8510,751.94
8511,715.49
8512,637.45
8513,461.48
8514,118.63
8515,-0.0
8516,0.0
8517,0.0
8518,0.0
8519,0.0
8520,0.0
8521,0.0
8522,0.0
8523,0.0
8524,0.0
8525,0.0
8526,0.0
8527,726.61
8528,769.23
8529,769.23
8530,769.23
8531,769.23
8532,769.23
8533,769.23
8534,769.23
8535,769.23
8536,667.91
8537,468.81
8538,109.76
8539,-0.0
8540,0.0
8541,0.0
8542,0.0
8543,0.0
8544,0.0
8545,0.0
8546,0.0
8547,0.0
8548,0.0
8549,0.0
8550,0.0
8551,516.33
8552,745.14
8553,752.65
8554,754.31
8555,749.44
8556,739.14
8557,703.93
8558,667.8
8559,559.36
8560,471.73
8561,365.28
8562,86.53
8563,-0.0
8564,0.0
8565,0.0
8566,0.0
8567,0.0
8568,0.0
8569,0.0
8570,0.0
8571,0.0
8572,0.0
8573,0.0
8574,0.0
8575,324.92
8576,489.07
8577,592.95
8578,615.87
8579,635.6
8580,268.69
8581,154.63
8582,226.39
8583,255.28
8584,214.74
8585,137.24
8586,38.32
8587,-0.0
8588,0.0
8589,0.0
8590,0.0
8591,0.0
8592,0.0
8593,0.0
8594,0.0
8595,0.0
8596,0.0
8597,0.0
8598,0.0
8599,121.48
8600,87.94
8601,122.74
8602,183.74
8603,284.18
8604,191.91
8605,178.34
8606,112.74
8607,94.11
8608,121.1
8609,54.44
8610,4.26
8611,-0.0
8612,0.0
8613,0.0
8614,0.0
8615,0.0
8616,0.0
8617,0.0
8618,0.0
8619,0.0
8620,0.0
8621,0.0
8622,0.0
8623,135.21
8624,280.98
8625,320.27
8626,199.52
8627,294.41
8628,276.19
8629,219.3
8630,143.81
8631,121.68
8632,102.22
8633,60.88
8634,5.84
8635,-0.0
8636,0.0
8637,0.0
8638,0.0
8639,0.0
8640,0.0
8641,0.0
8642,0.0
8643,0.0
8644,0.0
8645,0.0
8646,0.0
8647,377.91
8648,218.94
8649,263.76
8650,476.45
8651,491.57
8652,565.5
8653,333.29
8654,299.63
8655,190.71
8656,130.85
8657,67.27
8658,14.96
8659,-0.0
8660,0.0
8661,0.0
8662,0.0
8663,0.0
8664,0.0
8665,0.0
8666,0.0
8667,0.0
8668,0.0
8669,0.0
8670,0.0
8671,317.39
8672,620.62
8673,683.99
8674,718.7
8675,769.23
8676,673.98
8677,711.12
8678,633.38
8679,597.45
8680,451.81
8681,199.0
8682,25.42
8683,-0.0
8684,0.0
8685,0.0
8686,0.0
8687,0.0
8688,0.0
8689,0.0
8690,0.0
8691,0.0
8692,0.0
8693,0.0
8694,0.0
8695,97.21
8696,118.01
8697,204.82
8698,201.25
8699,142.27
8700,110.87
8701,93.68
8702,76.61
8703,60.77
8704,44.49
8705,26.32
8706,8.67
8707,-0.0
8708,0.0
8709,0.0
8710,0.0
8711,0.0
8712,0.0
8713,0.0
8714,0.0
8715,0.0
8716,0.0
8717,0.0
8718,0.0
8719,93.3
8720,123.23
8721,131.92
8722,190.95
8723,219.31
8724,221.43
8725,235.88
8726,282.31
8727,233.69
8728,142.7
8729,62.04
8730,16.76
8731,-0.0
8732,0.0
8733,0.0
8734,0.0
8735,0.0
8736,0.0
8737,0.0
8738,0.0
8739,0.0
8740,0.0
8741,0.0
8742,0.0
8743,191.39
8744,173.75
8745,137.77
8746,110.59
8747,105.87
8748,126.55
8749,149.2
8750,193.79
8751,202.04
8752,235.42
8753,119.1
8754,23.03
8755,-0.0
8756,0.0
8757,0.0
8758,0.0
8759,0.0
