,Location,Year,LCOH,Capex,Step,RE_supply_proportion,FLH,EI_market,EI_MEF,EI_AEF,EI_L,Sell_amount,Purchase_amount,Curtailment,LGCs,wind_capacity,pv_capacity,electrolyser_capacity,hydrogen_storage_capacity,hydrogen_storage_type,hydrogen_storage_cost,Grid_max_power_export,grid_cost,production_amount,H2_initial_storage_level,Simultaneity_obligation_interval,ratio,Simultaneity_obligation,Batch_interval,Ratio,EI_market,EI_MEF,EI_AEF,EI_L,LGCs (per REC/MWh),EI_MEF-EI_Market
0,QLD1,2021,3.52795207,23254825.85,60,0,5409.543007,37.5661476,36.7329596,39.57303007,41.69447143,0,-90060058.29,0,73128.76733,0,0,16406.43473,2022.234722,Pipeline,601.3456611,16649,4426556.365,1576800,0,0,0,1,24,0,1.128112541,1.10309188,1.188379281,1.252086229,-1.392731532,-0.025020661
1,QLD1,2021,3.494317488,29213901.67,60,0.087945779,5409.543007,33.28865212,32.90206219,35.27782951,37.15007632,1895491.476,-82139656.33,-3.57E-11,64801.90947,1860.730333,1874.656396,16406.43473,2019.963972,Pipeline,601.7933067,16649,3606463.302,1576800,0,0,0.1,1,24,0.227678151,0.999659223,0.988049916,1.05939428,1.115617908,-1.234147189,-0.011609307
2,QLD1,2021,3.4609196,35173288.29,60,0.175280237,5409.543007,29.00583964,29.06056011,30.98014098,32.60568122,3846038.499,-74274309.93,-7.14E-11,56464.70117,3721.460667,3749.312792,16406.43473,2019.225442,Pipeline,601.9388972,16649,2786868.672,1576800,0,0,0.2,1,24,0.455356303,0.871046235,0.872689493,0.930334564,0.979149586,-1.075365723,0.001643258
3,QLD1,2021,3.42773184,41137135.39,60,0.261034179,5409.543007,24.70928048,25.22991701,26.68258,28.06128611,5938926.938,-66551304.94,-1.05E-10,48100.73268,5582.191,5623.969188,16406.43473,2040.816327,Pipeline,597.6825665,16649,1967248.904,1576800,0,0,0.3,1,24,0.683034454,0.742020435,0.757655165,0.801278679,0.842681265,-0.916074611,0.01563473
4,QLD1,2021,3.39519397,46352087.66,60,0.347934402,5409.543007,20.42269121,21.38413913,22.38781575,23.51689101,7928581.174,-58725065.75,-1.43E-10,39756.17222,7442.921333,7498.625584,16406.43473,530.6965461,Pipeline,895.3808485,16649,1232783.892,1576800,0,0,0.4,1,24,0.910712605,0.61329403,0.64216634,0.672306779,0.706212943,-0.757153124,0.02887231
5,QLD1,2021,3.362964471,53056209.56,60,0.42856478,5409.543007,16.08156944,17.58475183,18.08724708,18.9724959,10482898.05,-51463489.2,-1.35E-10,31305.45518,9303.651667,9373.28198,16406.43473,2040.816327,Pipeline,597.6825665,16649,332595.1487,1576800,0,0,0.5,1,24,1.138390757,0.482930013,0.528070626,0.543160573,0.569744622,-0.596209893,0.045140613
6,QLD1,2021,3.332023947,59015746.65,60,0.507652115,5409.543007,11.72702693,13.7519517,13.79183876,14.4281008,13176181.52,-44340879.25,-2.10E-10,22828.61243,11164.382,11247.93838,16406.43473,2040.816327,Pipeline,597.6825665,18522,-481480.9071,1576800,0,0,0.6,1,24,1.366068908,0.352162971,0.412971523,0.414169332,0.4332763,-0.4347691,0.060808552
7,QLD1,2021,3.304409568,64975283.74,60,0.576970217,5409.543007,7.287515734,9.943406946,9.490613106,9.883705694,16749282.6,-38098086.9,-2.62E-10,14186.36396,13025.11233,13122.59477,16406.43473,2040.816327,Pipeline,597.6825665,21609,-1288064.582,1576800,0,0,0.7,1,24,1.593747059,0.218844316,0.298600809,0.285003397,0.296807979,-0.270178168,0.079756493
8,QLD1,2021,3.280021901,70934820.83,60,0.637026882,5409.543007,2.76745243,6.120122695,5.194599402,5.339310589,21156469.31,-32689380.19,-2.86E-10,5387.307396,14885.84267,14997.25117,16406.43473,2040.816327,Pipeline,597.6825665,24696,-2087379.858,1576800,0,0,0.8,1,24,1.821425211,0.08310668,0.183787468,0.155993976,0.160339657,-0.102600839,0.100680788
9,QLD1,2021,3.258737303,76894357.91,60,0.688576358,5409.543008,-1.826602824,2.293266833,0.907227538,0.794915489,26329813.85,-28046831.31,-2.96E-10,-3555.78683,16746.573,16871.90756,16406.43473,2040.816327,Pipeline,597.6825665,27783,-2879705.25,1576800,0,0,0.9,1,24,2.049103362,-0.054852938,0.068866872,0.02724407,0.023871336,0.067719676,0.12371981
10,QLD1,2021,3.240470518,82853895,60,0.7312777,5409.543008,-6.497615457,-1.53376567,-3.377742947,-3.749479616,32300022,-24201146.03,-4.46E-10,-12648.69142,18607.30333,18746.56396,16406.43473,2040.816327,Pipeline,597.6825665,30870,-3665232.803,1576800,0,0,1,1,24,2.276781513,-0.195123587,-0.046059029,-0.101433722,-0.112596985,0.240893318,0.149064558
11,QLD1,2021,3.227902033,88813432.08,60,0.760306142,5409.543008,-11.28754923,-5.361048436,-7.664482757,-8.29387472,39501612.2,-21586842.8,-3.55E-10,-21973.09584,20468.03366,20621.22036,16406.43473,2040.816327,Pipeline,597.6825665,33957,-4437924.528,1576800,0,0,1.1,1,24,2.504459665,-0.338965442,-0.160992446,-0.230164647,-0.249065307,0.418475855,0.177972996
12,QLD1,2021,3.218219783,94772969.17,60,0.782136687,5409.543008,-16.14008731,-9.182763498,-11.9512291,-12.83826982,47351445.49,-19620782.67,-4.45E-10,-31419.36996,22328.764,22495.87675,16406.43473,2040.816327,Pipeline,597.6825665,37044,-5204114.802,1576800,0,0,1.2,1,24,2.732137816,-0.484687307,-0.275758664,-0.358895769,-0.385533628,0.598379391,0.208928643
13,QLD1,2021,3.210421396,100732506.3,60,0.799324651,5409.543008,-21.03300461,-12.99779872,-16.23702926,-17.38266493,55619389.85,-18072833.61,-5.06E-10,-40944.24896,24189.49433,24370.53315,16406.43473,2040.816327,Pipeline,597.6825665,40131,-5966061.541,1576800,0,0,1.3,1,24,2.959815967,-0.63162176,-0.390324286,-0.487598476,-0.52200195,0.77977995,0.241297474
14,QLD1,2021,3.203955488,106692043.3,60,0.813325194,5409.543008,-25.95319546,-16.81159242,-20.52505219,-21.92665511,64173518.95,-16811943.9,-874.6267585,-50522.2205,26050.22466,26245.18954,16406.43473,2040.816327,Pipeline,597.6825665,43217,-6725006.776,1576800,0,0,1.4,1,24,3.187494118,-0.779375239,-0.504852625,-0.616367934,-0.658458111,0.962191653,0.274522614
15,QLD1,2021,3.198621929,112651580.4,60,0.82471549,5409.543008,-30.89589548,-20.62769193,-24.81021253,-26.47047075,72962350,-15786133.17,-2126.269183,-60144.00986,27910.955,28119.84594,16406.43473,2040.816327,Pipeline,597.6825665,46304,-7481401.312,1576800,0,0,1.5,1,24,3.41517227,-0.927804669,-0.619450208,-0.745051427,-0.794909032,1.145437863,0.308354461
16,TAS1,2021,2.933365507,23113503.77,60,0,5158.008136,37.5661476,14.66555301,6.783105038,6.853885714,0,-90060058.29,0,73128.76733,0,0,17206.50917,0,Pipeline,1000,17461,3060253.919,1576800,0,0,0,1,24,0,1.128112541,0.440406997,0.203696848,0.205822394,-1.392731532,-0.687705544
17,TAS1,2021,2.992611076,27330000.37,60,0.082818874,5158.008136,33.65083647,13.22746009,6.189753949,6.167124975,1565363.514,-82601385.68,-3.60E-11,65506.96166,1980.441605,4.577315754,17206.50917,0,Pipeline,1000,17461,2672916.094,1576800,0,0,0.1,1,24,0.115364418,1.01053563,0.397221024,0.185878497,0.185198948,-1.247574851,-0.613314606
18,TAS1,2021,3.052488183,31546496.98,60,0.163903516,5158.008136,29.72044172,11.84252412,5.596783683,5.480364235,3286912.039,-75298898.08,-7.20E-11,57855.79321,3960.88321,9.154631508,17206.50917,0,Pipeline,1000,17461,2287000.854,1576800,0,0,0.2,1,24,0.230728837,0.892505757,0.355631355,0.168071582,0.164575503,-1.10185896,-0.536874402
19,TAS1,2021,3.113022762,35762993.59,60,0.243062456,5158.008136,25.77329802,10.44696009,5.006454022,4.793603495,5181889.365,-68169839.29,-1.34E-10,50172.02014,5941.324815,13.73194726,17206.50917,0,Pipeline,1000,17461,1902566.617,1576800,0,0,0.3,1,24,0.346093255,0.773972914,0.313722525,0.150343965,0.143952057,-0.955522115,-0.460250389
20,TAS1,2021,3.174461052,39979490.19,60,0.31847265,5158.008136,21.79354929,9.073743333,4.417235858,4.106842755,7414479.029,-61378392.83,-1.44E-10,42424.77595,7921.76642,18.30926302,17206.50917,0,Pipeline,1000,17461,1520168.055,1576800,0,0,0.4,1,24,0.461457673,0.65446094,0.272484785,0.132649725,0.123328611,-0.807976469,-0.381976155
21,TAS1,2021,3.236798147,44195986.8,60,0.391039423,5158.008136,17.78906968,7.696836774,3.818466638,3.420082016,9903147.36,-54843025.04,-2.35E-10,34629.38898,9902.208025,22.88657877,17206.50917,0,Pipeline,1000,17461,1139794.114,1576800,0,0,0.5,1,24,0.576822091,0.534206297,0.231136239,0.114668668,0.102705166,-0.659513947,-0.303070058
22,TAS1,2021,3.300035221,48412483.4,60,0.459525223,5158.008136,13.74909548,6.349055696,3.225366755,2.733321276,12759348.31,-48675189.88,-2.68E-10,26764.90587,11882.64963,27.46389452,17206.50917,0,Pipeline,1000,17461,761447.4392,1576800,0,0,0.6,1,24,0.69218651,0.41288575,0.190662333,0.096857861,0.08208172,-0.509735494,-0.222223417
23,TAS1,2021,3.3646227,52628980.01,60,0.522324855,5158.008136,9.659665369,4.96498939,2.647888685,2.046560536,16127645.94,-43019451.38,-2.62E-10,18804.14858,13863.09124,32.04121028,17206.50917,0,Pipeline,1000,17461,386142.6487,1576800,0,0,0.7,1,24,0.807550928,0.290080041,0.14909878,0.079516177,0.061458274,-0.358123507,-0.140981261
24,TAS1,2021,3.430842679,56845476.62,60,0.578130572,5158.008136,5.509405118,3.56634388,2.075516504,1.359799796,20125815.93,-37993585.25,-2.88E-10,10724.9753,15843.53284,36.61852603,17206.50917,0,Pipeline,1000,17461,14515.18253,1576800,0,0,0.8,1,24,0.922915346,0.165447601,0.107097414,0.062327823,0.040834829,-0.204256298,-0.058350187
25,TAS1,2021,3.498470369,61061973.22,60,0.628892727,5158.008136,1.315278075,2.153049613,1.511875425,0.673039057,24578209.44,-33421942.65,-3.03E-10,2560.407986,17823.97445,41.19584179,17206.50917,0,Pipeline,1000,17461,-353941.3152,1576800,0,0,0.9,1,24,1.038279765,0.03949784,0.064656145,0.045401664,0.020211383,-0.048762766,0.025158305
26,TAS1,2021,3.567760223,65278469.83,60,0.673069265,5158.008136,-2.936103827,0.753844959,0.958587619,-0.013718116,29623657.12,-29443401.07,-46.86844717,-5715.61545,19804.41605,45.77315754,17206.50917,0,Pipeline,1000,17543,-718653.6697,1576800,0,0,1,1,24,1.153644183,-0.088171286,0.022637987,0.028786415,-0.000411955,0.10885344,0.110809273
27,TAS1,2021,3.649194998,69494966.43,60,0.691382611,5158.008136,-7.411557673,-0.658278438,0.38111674,-0.700345621,36996641.53,-27794100.07,-1797.579259,-14427.83227,21784.85766,50.35047329,17206.50917,0,Pipeline,1000,19297,-1056008.722,1576800,0,0,1.1,1,24,1.269008601,-0.222569299,-0.019768121,0.011444947,-0.0210314,0.274776913,0.202801178
28,TAS1,2021,3.731605467,73711463.04,60,0.706831698,5158.008136,-11.91192364,-2.082358943,-0.192105588,-1.386973125,44627581.27,-26402754.4,-3548.290071,-23188.54469,23765.29926,54.92778905,17206.50917,0,Pipeline,1000,21051,-1391165.954,1576800,0,0,1.2,1,24,1.384373019,-0.357715425,-0.062533302,-0.005768937,-0.041650845,0.441623981,0.295182123
29,TAS1,2021,3.814737445,77927959.64,60,0.720693209,5158.008136,-16.42609768,-3.491752396,-0.762167506,-2.07360063,52401498.14,-25154385.87,-5299.000883,-31976.13682,25745.74087,59.5051048,17206.50917,0,Pipeline,1000,22806,-1724697.937,1576800,0,0,1.3,1,24,1.499737438,-0.493276207,-0.104857429,-0.022887913,-0.062270289,0.608982971,0.388418778
30,TAS1,2021,3.898450958,82144456.25,60,0.733109571,5158.008136,-20.95284102,-4.904507969,-1.332155659,-2.760228134,60305565.27,-24036167.58,-7049.711695,-40788.19719,27726.18247,64.08242056,17206.50917,0,Pipeline,1000,24560,-2056919.969,1576800,0,0,1.4,1,24,1.615101856,-0.629214445,-0.147282522,-0.040004674,-0.082889734,0.776807957,0.481931923
31,TAS1,2021,3.982694562,86360952.86,60,0.744322902,5158.008136,-25.48966981,-6.305507868,-1.899701438,-3.446799637,68317241.55,-23026294.32,-9536.283502,-49619.89057,29706.62408,68.65973631,17206.50917,0,Pipeline,1000,26314,-2387947.934,1576800,0,0,1.5,1,24,1.730466274,-0.76545555,-0.189354591,-0.057048091,-0.103507497,0.945006852,0.576100959
32,SA1,2021,2.996652955,22921751.43,60,0,5546.02329,37.5661476,28.9628509,13.23734867,14.27892857,0,-90060058.29,0,73128.76733,0,0,16002.69412,2392.838521,Pipeline,595.6659448,16239,3288560.329,1576800,0,0,0,1,24,0,1.128112541,0.869755282,0.397517978,0.428796654,-1.392731532,-0.258357259
33,SA1,2021,2.996958036,27925505.52,60,0.081002548,5546.02329,33.37187472,25.99491291,11.54629244,12.76695354,2241234.709,-82764964.07,-4.11E-11,64963.91611,1836.953497,1047.386321,16002.69412,2355.857426,Pipeline,595.8777976,16239,2666336.339,1576800,0,0,0.1,1,24,0.180240889,1.0021584,0.780628015,0.346735509,0.383391998,-1.237232592,-0.221530385
34,SA1,2021,2.997710345,32964832.2,60,0.160500228,5546.02329,29.16451311,23.04084624,9.841843644,11.25497851,4617998.005,-75605398.44,-8.22E-11,56773.58553,3673.906994,2094.772642,16002.69412,2379.97672,Pipeline,595.739626,16239,2041144.437,1576800,0,0,0.2,1,24,0.360481778,0.875811205,0.691917305,0.29555086,0.337987343,-1.081248401,-0.1838939
35,SA1,2021,2.998846131,37971173.85,60,0.238409991,5546.02329,24.94334048,20.07358327,8.15010166,9.743003473,7137769.127,-68588840.63,-2.11E-10,48556.36947,5510.860491,3142.158963,16002.69412,2347.447119,Pipeline,595.9259776,16239,1420502.502,1576800,0,0,0.3,1,24,0.540722668,0.749049264,0.602810308,0.244747798,0.292582687,-0.924752177,-0.146238956
36,SA1,2021,3.000455657,42987980.71,60,0.313932726,5546.02329,20.70140648,17.09631188,6.443373093,8.231028441,9872516.134,-61787258.72,-1.64E-10,40298.73794,7347.813988,4189.545284,16002.69412,2332.896693,Pipeline,596.0093323,16239,799758.1891,1576800,0,0,0.4,1,24,0.720963557,0.621663858,0.513402759,0.193494687,0.247178031,-0.767486245,-0.108261099
37,SA1,2021,3.002486634,48015778.11,60,0.388342971,5546.02329,16.44979651,14.1442228,4.734592501,6.719053408,12707453.99,-55085867.64,-1.22E-10,32022.27054,9184.767485,5236.931605,16002.69412,2337.211723,Pipeline,595.9846128,16239,178735.0058,1576800,0,0,0.5,1,24,0.901204446,0.493987883,0.424751435,0.142179955,0.201773376,-0.609861584,-0.069236448
38,SA1,2021,3.004975686,53026209.14,60,0.460578549,5546.02329,12.17927219,11.16834949,3.031414831,5.207078375,15738242.61,-48580327.33,-4.22E-10,23708.98319,11021.72098,6284.317926,16002.69412,2311.724697,Pipeline,596.1306198,16239,-439315.5988,1576800,0,0,0.6,1,24,1.081445335,0.36574391,0.335385871,0.091033478,0.15636872,-0.451535691,-0.030358039
39,SA1,2021,3.008601669,58027987.26,60,0.529883171,5546.02329,7.883255645,8.205497959,1.330930279,3.695103343,19032993.2,-42338749,-2.06E-10,15346.07099,12858.67448,7331.704247,16002.69412,2271.415132,Pipeline,596.3615403,17007,-1053838.201,1576800,0,0,0.7,1,24,1.261686225,0.236734404,0.24641135,0.039967876,0.110964064,-0.292264696,0.009676946
40,SA1,2021,3.016222726,63067882.96,60,0.587427955,5546.02329,3.484956955,5.258011695,-0.392608252,2.18312831,23386835.56,-37156262.43,-3.29E-10,6784.049539,14695.62798,8379.090568,16002.69412,2296.470301,Pipeline,596.2180073,19437,-1663621.345,1576800,0,0,0.8,1,24,1.441927114,0.104653362,0.157898249,-0.011790038,0.065559409,-0.129201681,0.053244887
41,SA1,2021,3.02626246,68089965.96,60,0.639148885,5546.02329,-0.963995177,2.292389197,-2.098961283,0.671153277,28265174.54,-32498272.49,-1.35E-10,-1876.577278,16532.58147,9426.476889,16002.69412,2290.98169,Pipeline,596.2494498,21866,-2265965.634,1576800,0,0,0.9,1,24,1.622168003,-0.028948804,0.068840516,-0.06303187,0.020154753,0.035739264,0.09778932
42,SA1,2021,3.038296427,73123056.28,60,0.684484721,5546.02329,-5.468482171,-0.667657702,-3.804785484,-0.840821755,33718555.37,-28415324.4,-0.00279629,-10645.31196,18369.53497,10473.86321,16002.69412,2304.371576,Pipeline,596.1727434,24296,-2865047.867,1576800,1.10E-08,0,1,1,24,1.802408892,-0.164218684,-0.020049781,-0.114257822,-0.025249903,0.202739116,0.144168903
43,SA1,2021,3.058025624,78144661.63,60,0.711295207,5546.02329,-10.13326073,-3.638615541,-5.507907682,-2.352539326,40838706.49,-26000770.45,-1623.867291,-19726.08088,20206.48847,11521.24953,16002.69412,2298.062859,Pipeline,596.208884,26726,-3445512.568,1576800,0,0,1.1,1,24,1.982649781,-0.304302124,-0.109267734,-0.165402633,-0.070646827,0.375681634,0.19503439
44,SA1,2021,3.079018533,83159274.15,60,0.735271212,5546.02329,-14.82436077,-6.614776615,-7.21370215,-3.864771821,48217378.93,-23841490.1,-8.45E-10,-28858.08897,22043.44196,12568.63585,16002.69412,2279.764176,Pipeline,596.3137113,29155,-4022349.205,1576800,0,0,1.2,1,24,2.16289067,-0.445175999,-0.19864194,-0.216627692,-0.116059214,0.549599999,0.246534059
45,SA1,2021,3.101118903,88193960.12,60,0.756277494,5546.02329,-19.54045604,-9.592501255,-8.930869892,-5.376746854,55861880.88,-21949663.13,-7.70E-11,-38038.75442,23880.39546,13616.02217,16002.69412,2295.887672,Pipeline,596.221345,31585,-4598934.463,1576800,0,0,1.3,1,24,2.34313156,-0.586800482,-0.288063101,-0.268194291,-0.161463869,0.724445039,0.298737381
46,SA1,2021,3.124038834,93217966.34,60,0.77557845,5546.02329,-24.27138351,-12.5717195,-10.64109397,-6.888721886,63659964.56,-20211417.88,-4.11E-10,-47248.29324,25717.34896,14663.40849,16002.69412,2293.697325,Pipeline,596.2338928,34014,-5172480.115,1576800,0,0,1.4,1,24,2.523372449,-0.728870376,-0.377529114,-0.319552371,-0.206868525,0.89983997,0.351341262
47,SA1,2021,3.147738318,98241141.19,60,0.792408566,5546.02329,-29.02380132,-15.56441153,-12.35220062,-8.400696919,71680572.24,-18695696.64,-9.10E-10,-56499.66657,27554.30246,15710.79482,16002.69412,2290.081353,Pipeline,596.2546075,36444,-5744176.858,1576800,0,0,1.5,1,24,2.703613339,-0.871585625,-0.467399746,-0.370936956,-0.252273181,1.076031636,0.404185879
48,NSW1,2021,3.811879221,24719402.76,60,0,4822.917513,37.5661476,36.54305796,39.43488014,38.83868571,0,-90060058.29,0,73128.76733,0,0,18401.99714,0,Pipeline,1000,18674,4795832.442,1576800,0,0,0,1,24,0,1.128112541,1.097389128,1.184230635,1.166326898,-1.392731532,-0.030723413
49,NSW1,2021,3.870584027,31171819.72,60,0.089241804,4822.917513,33.29651714,32.78857002,35.17173978,34.60269013,1785404.141,-82022936.19,-2.75E-11,64817.22004,2114.098283,1831.656576,18401.99714,0,Pipeline,1000,18674,4123005.157,1576800,0,0,0.1,1,24,0.214419926,0.99989541,0.984641742,1.056208402,1.039119824,-1.234438777,-0.015253668
50,NSW1,2021,3.929996515,37624236.68,60,0.176974021,4822.917513,29.01375693,29.04119708,30.91098236,30.36669454,3706761.834,-74121767.64,-5.50E-11,56480.11349,4228.196566,3663.313152,18401.99714,0,Pipeline,1000,18674,3451771.978,1576800,0,0,0.2,1,24,0.428839851,0.871283992,0.87210802,0.928257729,0.911912749,-1.075659249,0.000824028
51,NSW1,2021,3.989971863,44076653.65,60,0.262956125,4822.917513,24.71577496,25.27871148,26.6496714,26.13069895,5785734.806,-66378214.37,-1.02E-10,48113.37526,6342.294849,5494.969728,18401.99714,0,Pipeline,1000,18674,2781806.68,1576800,0,0,0.3,1,24,0.643259777,0.742215464,0.759120465,0.800290432,0.784705674,-0.916315388,0.016905001
52,NSW1,2021,4.05066529,50546818.48,60,0.346838396,4822.917513,20.39952953,21.52020098,22.38357243,21.89470336,8053818.839,-58823772.16,-1.10E-10,39711.08415,8456.393132,7326.626304,18401.99714,17.81040382,Pipeline,996.4889364,18674,2111475.54,1576800,0,0,0.4,1,24,0.857679703,0.612598484,0.646252282,0.672179352,0.657498599,-0.756294425,0.033653798
53,NSW1,2021,4.112143893,57014950.41,60,0.428297261,4822.917513,16.06220633,17.79728506,18.11986898,17.65870777,10540154.94,-51487582.01,-3.41E-10,31267.76166,10570.49142,9158.28288,18401.99714,33.68654608,Pipeline,993.3591845,18674,1443140.245,1576800,0,0,0.5,1,24,1.072099629,0.482348538,0.534453005,0.54414021,0.530291525,-0.595492023,0.052104467
54,NSW1,2021,4.175180999,63494780.9,60,0.504252287,4822.917513,11.67701305,14.07376193,13.84345938,13.42271218,13522167.06,-44647067.9,-2.05E-10,22731.25207,12684.5897,10989.93946,18401.99714,61.62501047,Pipeline,987.8515201,19667,777008.2481,1576800,0,0,0.6,1,24,1.286519554,0.350661053,0.422635493,0.415719501,0.40308445,-0.43291488,0.07197444
55,NSW1,2021,4.241921541,69966592.92,60,0.569523958,4822.917513,7.199237532,10.30931594,9.570119377,9.186999605,17465666.59,-38768697.44,-656.2561903,14014.51573,14798.68798,12821.59603,18401.99714,81.58352555,Pipeline,983.9169874,22945,120114.5884,1576800,0,0,0.7,1,24,1.50093948,0.216193319,0.309589067,0.287390972,0.275885874,-0.266905332,0.093395748
56,NSW1,2021,4.311873455,76407570.75,60,0.623912424,4822.917513,2.630008281,6.564073661,5.301970509,4.95397665,22383071.35,-33870468.98,-7549.271721,5119.749454,16912.78626,14653.25261,18401.99714,69.79253873,Pipeline,986.24141,26223,-526099.4296,1576800,0,0,0.8,1,24,1.715359405,0.078979228,0.197119329,0.159218334,0.148768068,-0.097505219,0.118140101
57,NSW1,2021,4.383847796,84009775.91,60,0.692941404,4822.917513,-1.819302906,2.985272506,0.939280984,0.714725414,25996392.95,-27653715.06,-3.94E-10,-3541.576324,19026.88455,16484.90918,18401.99714,2035.015765,Pipeline,598.8260633,29111,-1297527.792,1576800,0,0,0.9,1,24,1.929779331,-0.054633721,0.089647823,0.028206636,0.021463226,0.067449038,0.144281544
58,NSW1,2021,4.458664564,90453160.46,60,0.734133549,4822.917513,-6.506849167,-0.744998555,-3.3105635,-3.521270174,32109152.25,-23943948.12,-0.002268699,-12666.66638,21140.98283,18316.56576,18401.99714,1991.2295,Pipeline,607.4578923,32345,-1933052.335,1576800,8.87E-09,0,1,1,24,2.144199257,-0.195400876,-0.022372329,-0.099416321,-0.105743849,0.241235649,0.173028547
59,NSW1,2021,4.537951133,96905299.65,60,0.763650472,4822.917513,-11.29594161,-4.509402321,-7.572400801,-7.757265764,39273382.62,-21285652.24,-4.68E-10,-21989.433,23255.08111,20148.22234,18401.99714,1989.938549,Pipeline,607.7123848,36057,-2559486.686,1576800,0,0,1.1,1,24,2.358619182,-0.339217466,-0.135417487,-0.227399423,-0.232950924,0.418786995,0.203799979
60,NSW1,2021,4.618901087,103358088.9,60,0.788501415,4822.917513,-16.1256168,-8.283625887,-11.83412179,-11.99326135,46857831.52,-19047574.9,-4.10E-10,-31391.2007,25369.1794,21979.87891,18401.99714,1991.669286,Pipeline,607.3711949,39334,-3182246.786,1576800,0,0,1.2,1,24,2.573039108,-0.484252757,-0.248757534,-0.355379033,-0.360157998,0.59784291,0.235495223
61,NSW1,2021,4.701182062,109820583.6,60,0.808840436,4822.917513,-20.99453479,-12.04780868,-16.09608813,-16.22925694,54848624.34,-17215841.48,-7.40E-10,-40869.36106,27483.27768,23811.53549,18401.99714,2040.816327,Pipeline,597.6825665,42612,-3803093.282,1576800,0,0,1.3,1,24,2.787459034,-0.63046651,-0.361796056,-0.48336601,-0.487365073,0.778353716,0.268670454
62,NSW1,2021,4.785926858,116261043.5,60,0.825944152,4822.917513,-25.89159211,-15.82775159,-20.3531275,-20.46525253,63130788.95,-15675479.85,-3.03E-10,-50402.29931,29597.37596,25643.19206,18401.99714,1982.987117,Pipeline,609.0827591,45890,-4415927.397,1576800,0,0,1.4,1,24,3.001878959,-0.777525289,-0.475307856,-0.61120503,-0.614572148,0.959907764,0.302217433
63,NSW1,2021,4.871013772,122725417.5,60,0.840319401,4822.917513,-30.81238049,-19.57507002,-24.61341387,-24.70124812,71658679.37,-14380844.02,-4.82E-10,-59981.43402,31711.47425,27474.84864,18401.99714,2040.816327,Pipeline,597.6825665,49168,-5030663.329,1576800,0,0,1.5,1,24,3.216298885,-0.925296711,-0.587839941,-0.739141558,-0.741779223,1.142341619,0.33745677
64,VIC1,2021,3.044735356,25825201.85,60,0,4880.483915,37.5661476,32.84915363,43.18608618,45.12141429,0,-90060058.29,0,73128.76733,0,0,18184.94146,2344.812354,Pipeline,595.9410713,18454,2955807.302,1576800,0,0,0,1,24,0,1.128112541,0.98646107,1.296879465,1.354997426,-1.392731532,-0.141651471
65,VIC1,2021,3.195309765,31793990.33,60,0.082947598,4880.483915,33.39502762,29.72930001,38.79289685,40.34965488,2053924.605,-82589792.73,-3.81E-11,65008.9871,2087.454247,1441.442174,18184.94146,2327.407429,Pipeline,596.0407785,18454,2551269.277,1576800,0,0,0.1,1,24,0.194055968,1.002853682,0.892771772,1.164951857,1.211701348,-1.238090966,-0.11008191
66,VIC1,2021,3.346221724,37776809.57,60,0.164965847,4880.483915,29.21582454,26.60504256,34.39107687,35.57789548,4191546.519,-75203224.49,-7.63E-11,56873.47177,4174.908494,2882.884348,18184.94146,2334.084471,Pipeline,596.0025279,18454,2145923.635,1576800,0,0,0.2,1,24,0.388111936,0.877352088,0.798950227,1.032765071,1.06840527,-1.083150726,-0.078401861
67,VIC1,2021,3.497488697,43775342.45,60,0.245729035,4880.483915,25.02570547,23.53093684,29.99494717,30.80613608,6442199.268,-67929687.09,-1.86E-10,48716.70665,6262.362741,4324.326522,18184.94146,2367.743214,Pipeline,595.8097078,18454,1739621.651,1576800,0,0,0.3,1,24,0.582167904,0.751522687,0.70663474,0.900749164,0.925109192,-0.927805786,-0.044887947
68,VIC1,2021,3.649168293,49773116.71,60,0.325202913,4880.483915,20.82437252,20.40526433,25.58917972,26.03437668,8808967.36,-60772265.02,-1.53E-10,40538.11184,8349.816988,5765.768696,18184.94146,2400.120499,Pipeline,595.6242287,18454,1334333.905,1576800,0,0,0.4,1,24,0.776223873,0.625356532,0.612770701,0.768443835,0.781813114,-0.772045101,-0.012585831
69,VIC1,2021,3.801300725,55773467.49,60,0.402201282,4880.483915,16.60150864,17.29568771,21.18496122,21.26261728,11398679.85,-53837787.35,-1.92E-10,32317.60348,10437.27124,7207.21087,18184.94146,2436.949412,Pipeline,595.4132478,18454,929778.2739,1576800,0,0,0.5,1,24,0.970279841,0.498543803,0.519390021,0.636185022,0.638517035,-0.615486176,0.020846218
70,VIC1,2021,3.953990253,61764457.11,60,0.476693635,4880.483915,12.35684847,14.17429671,16.79399494,16.49085788,14214084.42,-47129001.77,-3.71E-10,24054.66502,12524.72548,8648.653044,18184.94146,2457.696341,Pipeline,595.2943953,18454,527523.6723,1576800,0,0,0.6,1,24,1.164335809,0.371076531,0.425654556,0.504324172,0.495220957,-0.458119174,0.054578025
71,VIC1,2021,4.10840451,67752514.7,60,0.546761039,4880.483915,8.073701953,11.03829116,12.40114654,11.71909848,17428000.07,-40818727.26,-2.92E-10,15716.80647,14612.17973,10090.09522,18184.94146,2473.40527,Pipeline,595.2044039,20083,129481.8105,1576800,0,0,0.7,1,24,1.358391777,0.242453512,0.331480215,0.372406803,0.351924879,-0.299325324,0.089026703
72,VIC1,2021,4.265542551,73768665.11,60,0.60926606,4880.483915,3.724781003,7.935764385,7.997724518,6.947339079,21322984.34,-35189521.38,-3.05E-10,7250.907018,16699.63398,11531.53739,18184.94146,2537.506778,Pipeline,594.8371871,22952,-265563.9765,1576800,0,0,0.8,1,24,1.552447745,0.111855285,0.238311243,0.240171907,0.208628801,-0.138092945,0.126455958
73,VIC1,2021,4.425463788,79765380.43,60,0.664067721,4880.483915,-0.691140554,4.79577153,3.611605323,2.175579678,25911733.76,-30254080.64,-4.63E-10,-1345.420278,18787.08822,12972.97957,18184.94146,2568.166698,Pipeline,594.6615463,25821,-652168.4981,1576800,0,0,0.9,1,24,1.746503714,-0.020754972,0.144017163,0.108456616,0.065332723,0.025623422,0.164772135
74,VIC1,2021,4.588876067,85771529.18,60,0.708675175,4880.483915,-5.195727043,1.661080128,-0.779864088,-2.596179723,31418573.96,-26236730.69,-3.84E-10,-10114.34864,20874.54247,14414.42174,18184.94146,2615.123641,Pipeline,594.3925451,28690,-1031963.406,1576800,0,0,1,1,24,1.940559682,-0.156027839,0.049882286,-0.023419342,-0.077963355,0.192626962,0.205910125
75,VIC1,2021,4.758795173,91755410.34,60,0.737091067,4880.483915,-9.838632385,-1.433571035,-5.155867999,-7.365492487,38378743.91,-23677593.84,-4883.362271,-19152.53771,22961.99672,15855.86391,18184.94146,2623.671702,Pipeline,594.343576,31559,-1394612.763,1576800,0,0,1.1,1,24,2.13461565,-0.295454426,-0.043050181,-0.154830871,-0.221185961,0.364758551,0.252404245
76,VIC1,2021,4.930094062,97722629.46,60,0.761420326,4880.483915,-14.52056853,-4.53151633,-9.530970857,-12.13820614,45713744.24,-21486499.38,-2978.727928,-28266.70674,25049.45096,17297.30609,18184.94146,2603.46283,Pipeline,594.4593461,34428,-1752292.035,1576800,0,0,1.2,1,24,2.328671618,-0.436053109,-0.136081571,-0.286215341,-0.364510695,0.538337172,0.299971538
77,VIC1,2021,5.102554766,103684848,60,0.78280961,4880.483915,-19.22525751,-7.645217033,-13.90429242,-16.90817154,53308033.42,-19560179.14,-6559.467683,-37425.16795,27136.90521,18738.74826,18184.94146,2574.637792,Pipeline,594.6244755,37937,-2106795.414,1576800,0,0,1.3,1,24,2.522727586,-0.57733506,-0.229586097,-0.417546319,-0.507752899,0.712759334,0.347748963
78,VIC1,2021,5.276137975,109650278.3,60,0.801648432,4880.483915,-23.95225122,-10.75636347,-18.27532176,-21.67825579,61132254.73,-17863553.81,-9902.980599,-46627.04903,29224.35946,20180.19044,18184.94146,2551.364995,Pipeline,594.7577978,40855,-2459129.19,1576800,0,0,1.4,1,24,2.716783555,-0.719286823,-0.323013918,-0.548808461,-0.650998672,0.888008424,0.396272905
79,VIC1,2021,5.450686328,115627237.6,60,0.818198105,4880.483915,-28.69441531,-13.8616385,-22.64546678,-26.4437174,69153410.28,-16373089.27,-22473.04357,-55858.46179,31311.81371,21621.63261,18184.94146,2547.970382,Pipeline,594.7772444,43773,-2810577.305,1576800,0,0,1.5,1,24,2.910839523,-0.861694153,-0.41626542,-0.680044047,-0.794105628,1.063819942,0.445428733
