date,Battery (Charging) -  GWh,Pumps -  GWh,Exports -  GWh,Imports -  GWh,Coal (Black) -  GWh,Bioenergy (Biogas) -  GWh,Distillate -  GWh,Gas (CCGT) -  GWh,Gas (OCGT) -  GWh,Battery (Discharging) -  GWh,Hydro -  GWh,Wind -  GWh,Solar (Utility) -  GWh,Solar (Rooftop) -  GWh,Temperature Max - C,Temperature Mean - C,Temperature Min - C,Exports Emissions Vol - tCO2e,Imports Emissions Vol - tCO2e,Coal (Black) Emissions Vol - tCO2e,Bioenergy (Biogas) Emissions Vol - tCO2e,Distillate Emissions Vol - tCO2e,Gas (CCGT) Emissions Vol - tCO2e,Gas (OCGT) Emissions Vol - tCO2e,Emissions Intensity - kgCO2e/MWh,Volume Weighted Price - AUD/MWh,Battery (Charging) Market Value - AUD,Pumps Market Value - AUD,Exports Market Value - AUD,Imports Market Value - AUD,Coal (Black) Market Value - AUD,Bioenergy (Biogas) Market Value - AUD,Distillate Market Value - AUD,Gas (CCGT) Market Value - AUD,Gas (OCGT) Market Value - AUD,Battery (Discharging) Market Value - AUD,Hydro Market Value - AUD,Wind Market Value - AUD,Solar (Utility) Market Value - AUD,Solar (Rooftop) Market Value - AUD
1/12/1998,0,-10.7,0,0,3893,0,0.08,62.73,0,0,22.15,0,0,0,32.6,21.9,13.9,0,0,3635423,0,59.72,36870,1.45,0,20.16,0,207117,0,0,55894034,0,0,955080,0,0,251785,0,0,0
1/01/1999,0,-0.89,0,0,4872,0,0,83.73,0,0,19.33,0,0,0,31.1,23.44,18.3,0,0,4554632,0,0,49209,0,0,23.13,0,40824,0,0,107041867,0,0,1817606,0,0,428129,0,0,0
1/02/1999,0,-1.15,0,0,4537,0,0.02,78.63,0,0,9.64,0,0,0,30.2,22.51,15.5,0,0,4219415,0,10.7,46212,0,0,20.9,0,17220,0,0,90979009,0,232.3,1552569,0,0,166701,0,0,0
1/03/1999,0,-5.57,0,0,4899,0,0.01,87.62,0,0,14.69,0,0,0,30.4,22.21,11.5,0,0,4561270,0,6.79,51496,0,0,19.84,0,117050,0,0,93449881,0,147.6,1641229,0,0,281083,0,0,0
1/04/1999,0,-1.64,0,0,4628,0,0.03,81.38,0,0,14.13,0,0,0,27.1,17.19,10.5,0,0,4305645,0,20.27,47829,0,0,28.43,0,53900,0,0,125086550,0,498.4,2267626,0,0,401418,0,0,0
1/05/1999,0,-20.57,0,0,5289,0,0,85.72,0,0,15.91,0,0,0,23.5,16.01,6.8,0,0,4903280,0,0,50378,0,0,28.45,0,540349,0,0,144089585,0,0,2322919,0,0,380089,0,0,0
1/06/1999,0,-13.26,0,0,5602,0,0,83.88,0,0,12.3,0,0,0,21.5,13.36,6.5,0,0,5202889,0,0,49296,0,0,31.01,0,400829,0,0,164239183,0,0,2444208,0,0,361186,0,0,0
1/07/1999,0,-14.6,0,0,5483,0,0,87.34,0,0,7.99,0,0,0,21.2,13.12,7,0,0,5098006,0,0,51332,0,0,24.93,0,431426,0,0,132150441,0,0,2100270,0,0,138525,0,0,0
1/08/1999,0,-0.06,0,0,5406,0,0,85.43,0,0,0,0,0,0,25,13.94,6.3,0,0,5028821,0,0,50211,0,0,25.34,0,1458,0,0,132739079,0,0,2071413,0,0,0,0,0,0
1/09/1999,0,0,0,0,4917,0,0,85.01,0,0,3.49,0,0,0,27.3,16.21,7.7,0,0,4610325,0,0,49963,0,0,19.94,0,0,0,0,95417569,0,0,1613875,0,0,54982,0,0,0
1/10/1999,0,-1.19,0,0,4809,0,0.01,85,0,0,19.23,0,0,0,32.1,18.44,10.9,0,0,4462973,0,4,49955,0,0,21.4,0,19332,0,0,99617534,0,115.7,1745739,0,0,410137,0,0,0
1/11/1999,0,-1.49,0,0,4614,0,0,80.19,0,0,14.74,0,0,0,31,18.17,10.8,0,0,4291241,0,0,47129,0,0,21.97,0,28459,0,0,97258443,0,0,1672321,0,0,316128,0,0,0
1/12/1999,0,-14.5,0,0,4714,0,0,85.18,0,0,22.01,0,0,0,26.5,20.39,13.7,0,0,4386466,0,0,50066,0,0,17.9,0,316371,0,0,82471417,0,0,1467423,0,0,401580,0,0,0
1/01/2000,0,-2.93,0,0,4926,0,0,83.32,0,0,13.29,0,0,0,34.7,20.88,14.8,0,0,4616624,0,0,48973,0,0,32.94,0,97636,0,0,150334024,0,0,2504662,0,0,366872,0,0,0
1/02/2000,0,-21.44,0,0,4939,0,0,82.2,0,0,24.34,0,0,0,32.9,23.03,16.4,0,0,4621788,0,2.94,48309,0,0,49.23,0,1109365,0,0,225962379,0,74.88,3659087,0,0,1228957,0,0,0
1/03/2000,0,-5.39,0,0,5078,0,0,88.3,0,0,4.96,0,0,0,30,21.44,16.1,0,0,4767160,0,0,51900,0,0,31.61,0,348590,0,0,148417464,0,0,2544564,0,0,108822,0,0,0
1/04/2000,0,-4.92,0,0,4669,0,0,77.39,0,0,3.52,0,0,0,28.8,18.89,9.2,0,0,4328502,0,0,45486,0,0,27.02,0,124068,0,0,118461106,0,0,1918859,0,0,83131,0,0,0
1/05/2000,0,-17.37,0,0,5524,0,0,87.8,0,0,10.75,0,0,0,25.4,15.62,7.5,0,0,5146343,0,0,51604,0,0,58.05,0,1130467,0,0,289112505,0,0,4447416,0,0,421828,0,0,0
1/06/2000,0,-35.33,0,0,5881,0,0.16,84.14,0,0,19.3,0,0,0,22.1,12.33,5.7,0,0,5459441,0,114.7,49451,0,0,43.7,0,1595002,0,0,244815370,0,11176,3584857,0,0,758982,0,0,0
1/07/2000,0,-74.45,0,0,6063,0,0,88.73,0,0,15.24,0,0,0,23.5,12.68,5.8,0,0,5656462,0,0,52151,0,0,46.84,0,3387206,0,0,271151871,0,0,3961570,0,0,608900,0,0,0
1/08/2000,0,-103.2,0,0,6141,0,0,92.03,0,0,19.46,0,0,0,21.3,13.35,6.1,0,0,5727083,0,0,54091,0,0,54.88,0,4116997,0,0,315810876,0,0,4915014,0,0,1006096,0,0,0
1/09/2000,0,-16.43,0,0,5107,0,0,90.41,0,0,11.66,0,0,0,34.4,17.14,8.9,0,0,4789109,0,0,53135,0,0,25.16,0,519033,0,0,123415921,0,0,2122526,0,0,292296,0,0,0
1/10/2000,0,-3.37,0,0,5026,0,0,84.57,0,0,0.13,0,0,0,35,18.31,11,0,0,4750835,0,0,49707,0,0,30.45,0,86900,0,0,142773899,0,0,2341276,0,0,5704,0,0,0
1/11/2000,0,-64.77,0,0,5156,0,0,81.64,0,0,1.48,0,0,0,32.8,19.8,14.3,0,0,4829682,0,0,47982,0,0,32.01,0,2587089,0,0,151767208,0,0,2305577,0,0,39398,0,0,0
1/12/2000,0,-97.4,0,0,5181,0,0.05,83.95,0,0,21.21,0,0,0,38.1,22.98,12.5,0,0,4850233,0,33.95,49341,0,0,26.64,0,3063239,0,0,130484750,0,862.2,2087714,0,0,435271,0,0,0
1/01/2001,0,-126.5,0,0,5288,0,0,84.58,0,0,26.94,0,0,0,31.6,23.43,16.5,0,0,4919284,0,0,49709,0,0,77.99,0,16142910,0,0,334459590,0,0,4739669,0,0,909680,0,0,0
1/02/2001,0,-99.77,0,0,5001,0,0.01,76.9,0,0,15.48,0,0,0,31.8,23.28,16.7,0,0,4664165,0,5.29,45196,0,0,33.91,0,4187007,0,0,156782623,0,269.8,2382466,0,0,412872,0,0,0
1/03/2001,0,-64.33,0,0,5259,0,0,86.91,0,0,5.18,0,0,0,32,21.69,14.6,0,0,4947562,0,0,51081,0,0,32.25,0,2291306,0,0,162954265,0,0,2672992,0,0,148132,0,0,0
1/04/2001,0,-49.12,0,0,4673,0,0,78.69,0,0,2.59,0,0,0,29.5,19.2,10.6,0,0,4402986,0,0,46247,0,0,31.03,0,1638177,0,0,139197975,0,0,2328610,0,0,67505,0,0,0
1/05/2001,0,-4.54,0,0,5288,0,0.03,88.25,0,0,4.32,0,0,0,24.8,14.79,7.9,0,0,4943820,0,19.12,51865,0,0,36.77,0,168778,0,0,188034262,0,705.7,3096578,0,0,118968,0,0,0
1/06/2001,0,-7.25,0,0,5525,0,0,83.12,0,0,2.89,0,0,0,21.6,14,7.3,0,0,5182738,0,0,48852,0,0,31.23,0,249052,0,0,167872400,0,0,2526185,0,0,91133,0,0,0
1/07/2001,0,-0.57,0,0,5752,0,0,86.15,0,0,103.6,0,0,0,19.9,12.99,5.9,0,0,5401120,0,0,50632,0,0,29.38,0,11531,0,0,162242367,0,0,2422516,0,0,2729128,0,0,0
1/08/2001,0,0,0,0,5384,0,0,88.2,0,0,192.4,0,0,0,24.7,13.62,6.5,0,0,5031160,0,0,51839,0,0,36.93,0,0,0,0,188468778,0,0,3133561,0,0,7670062,0,0,0
1/09/2001,0,-1.09,0,0,4787,0,0,83.17,0,0,219,0,0,0,30,17.03,9.3,0,0,4519251,0,0,48882,0,0,26.53,0,19388,0,0,123137704,0,0,2119840,0,0,5426099,0,0,0
1/10/2001,0,-27.49,0,0,5012,0,0,86.12,0,0,226.8,0,0,0,30.9,18.39,10,0,0,4741161,0,0,50618,0,0,29.6,0,868042,0,0,141878765,0,0,2391393,0,0,6016436,0,0,0
1/11/2001,0,-8.74,0,0,5116,0,0,90.86,0,0,168.5,0,0,0,33.1,19,10.8,0,0,4827638,0,0,53402,0,0,25.66,0,231363,0,0,125659849,0,0,2176394,0,0,4015747,0,0,0
1/12/2001,0,-6.46,0,0,5185,0,0,83.57,0,0,171.3,0,0,0,35.8,21.73,14.8,0,0,4830269,0,0,49116,0,0,35.65,0,715624,0,0,168204500,0,0,2594310,0,0,5627984,0,0,0
1/01/2002,0,-7.47,0,0,5331,0,0,86.26,0,0,143.3,0,0,0,36.8,22.85,16,0,0,4969931,0,0,50699,0,0,41.93,0,678888,0,0,192483144,0,0,3216351,0,0,6202076,0,0,0
1/02/2002,0,-11.38,0,0,4833,0,0,80.42,0,0,170.4,0,0,0,30.3,21.78,16.2,0,0,4500197,0,0,47263,0,0,41.16,0,322130,0,0,181475639,0,0,3129534,0,0,6220943,0,0,0
1/03/2002,0,-4.79,0,0,5267,0,0,85.38,0,0,167.1,0,0,0,35.6,21.43,15.8,0,0,4926419,0,0,50181,0,0,36.55,0,199769,0,0,175766585,0,0,2912954,0,0,5893162,0,0,0
1/04/2002,0,0,0,0,5034,0,0.01,82.04,0,0,158.6,0,0,0,27.5,19.61,13.5,0,0,4708561,0,10.06,48220,0,0,40.02,0,0,0,0,173610645,0,323.4,2785393,0,0,4233730,0,0,0
1/05/2002,0,-0.61,0,0,5530,0,0,88.83,0,0,243.7,0,0,0,25.5,15.39,9.4,0,0,5144032,0,0,52207,0,0,87.19,0,13944,0,0,428791425,0,0,6699828,0,0,21189167,0,0,0
1/06/2002,0,-4.22,0,0,5495,0,0,82.65,0,0,229.3,0,0,0,23.4,13.31,6,0,0,5135338,0,0,48576,0,0,63.45,0,115784,0,0,306660682,0,0,4472134,0,0,10292178,0,0,0
1/07/2002,0,-13.84,0,0,5891,0,0.01,88.33,0,0,276.1,0,0,0,21.2,12.34,4.3,0,0,5506938,0,5.24,51912,0,0,48.46,0,499338,0,0,265482699,0,300.8,4099795,0,0,13415866,0,0,0
1/08/2002,0,-0.91,0,0,5648,0,0,88.36,0,0,192.4,0,0,0,26.7,14.01,6.8,0,0,5280470,0,0,51934,0,0,31.2,0,22834,0,0,168867867,0,0,2637008,0,0,5767760,0,0,0
1/09/2002,0,-9.65,0,0,4814,0,0,69.51,0,0,163.7,0,0,0,30.3,17.04,7.2,0,0,4554045,0,0,40855,0,0,33.08,0,291654,0,0,152772324,0,0,2201174,0,0,5042114,0,0,0
1/10/2002,0,-10.09,0,0,4984,0,0.09,73.49,0,0,252.9,0,0,0,33.6,18.83,9.9,0,0,4686764,0,61.13,43190,0,0,30.38,0,341732,0,0,143830812,0,2628,2112528,0,0,7250219,0,0,0
1/11/2002,0,-9.53,0,0,4887,0,0.14,80.54,0,0,129.4,0,0,0,37.5,20.64,12.6,0,0,4576925,0,97.61,47338,0,0,42.48,0,358253,0,0,186458949,0,5290,3095512,0,0,8398845,0,0,0
1/12/2002,0,-17.71,0,0,5011,0,0.21,79.71,0,0,186.8,0,0,0,35.6,21.34,13.9,0,0,4695792,0,147.3,46849,0,0,34.17,0,640289,0,0,157469926,0,5682,2439647,0,0,5329023,0,0,0
1/01/2003,0,-20.39,0,0,5006,0,0.2,81.97,0,0,320.2,0,0,0,38.6,22.89,16.2,0,0,4677000,0,141.1,48175,0,0,59.13,0,3842346,0,0,228071933,0,8565,3649267,0,0,14028042,0,0,0
1/02/2003,0,-3.67,0,0,4752,0,0.12,77.21,0,0,226.8,0,0,0,31.2,23.23,18.7,0,0,4445219,0,87.57,45381,0,0,28.16,0,65816,0,0,120159443,0,3079,2031135,0,0,5181455,0,0,0
1/03/2003,0,-0.01,0,0,5046,0,0.12,78.71,0,0,139.6,0,0,0,30,20.94,13.9,0,0,4694293,0,85.37,46262,0,0,19.23,0,114.8,0,0,93075273,0,2244,1446250,0,0,2643505,0,0,0
1/04/2003,0,-10.42,0,0,4775,0,0.1,81.91,0,0,64.31,0,0,0,26.6,18.19,11.9,0,0,4495583,0,73.31,48139,0,0,17.23,0,169110,0,0,79724901,0,1737,1375393,0,0,1059186,0,0,0
1/05/2003,0,-16.25,0,0,5334,0,0.09,88.45,0,0,228.8,0,0,0,26.4,16.19,9.6,0,0,4999399,0,64.32,51982,0,0,20.89,0,308178,0,0,108295006,0,1808,1805028,0,0,4591719,0,0,0
1/06/2003,0,-20.97,0,0,5507,0,0.07,87.24,0,0,256,0,0,0,24.7,14.5,7.4,0,0,5146450,0,51.39,51276,0,0,59.97,0,476826,0,0,287281193,0,3511,5003562,0,0,20585466,0,0,0
1/07/2003,0,-27.86,0,0,5856,0,0.08,88.45,0,0,362.2,0,0,0,23.6,12.69,4.9,0,0,5474329,0,55.03,51984,0,0,49.36,0,643196,0,0,263453185,0,2389,4134021,0,0,19376720,0,0,0
1/08/2003,0,-45.67,0,0,5644,0,0.07,85.7,0,0,381.7,0,0,0,24.8,13.66,5.3,0,0,5272486,0,46.64,50368,0,0,19.62,0,890949,0,0,108085812,0,1244,1636800,0,0,7046757,0,0,0
1/09/2003,0,-24.95,0,0,5114,0,0.11,82.58,0,0,321.6,0,0,0,32.2,16.89,7.7,0,0,4797372,0,76.64,48535,0,0,19.48,0,565952,0,0,95998586,0,2024,1536929,0,0,5835460,0,0,0
1/10/2003,0,-0.49,0,0,5163,0,0.1,77.62,0,0,404.4,0,0,0,29,16.43,8,0,0,4848960,0,70.69,45621,0,0,18.31,0,8368,0,0,91614498,0,1766,1362881,0,0,6996708,0,0,0
1/11/2003,0,-8.63,0,0,5124,0,0.11,82.62,0,0,373.5,0,0,0,28.5,18.54,10.9,0,0,4816429,0,76.14,48560,0,0,20.72,0,149745,0,0,99876027,0,2147,1587556,0,0,7024721,0,0,0
1/12/2003,0,-36.58,0,0,5386,0,0.15,83.37,0,0,271.8,0,0,0,36.8,21.76,15.7,0,0,5052772,0,108,49002,0,0,23.09,0,918978,0,0,115612550,0,3195,1751649,0,0,5268033,0,0,0
1/01/2004,0,-84.39,0,0,5477,0,0.13,84.13,0,0,85.83,0,0,0,32.8,23.14,16.5,0,0,5133765,0,88.99,49448,0,0,76.96,0,6839457,0,0,290819499,0,8149,4264572,0,0,3326723,0,0,0
1/02/2004,0,-87.83,0,0,5356,0,0,79.12,0,0,152.2,0,0,0,36.3,23.24,15.9,0,0,5010879,0,0,46499,0,0,56.06,0,11196899,0,0,246476951,0,0,3357137,0,0,4326264,0,0,0
1/03/2004,0,-64.72,0,0,5326,0,0.05,87.33,0,0,91.41,0,0,0,39.1,21.84,14.7,0,0,4973161,0,34.84,51328,0,0,25.24,0,1796341,0,0,128605149,0,1190,2095207,0,0,2173909,0,0,0
1/04/2004,0,-84.75,0,0,5098,0,0.04,79.28,0,0,94.19,0,0,0,30.4,19.68,12.6,0,0,4763653,0,27.59,46593,0,0,31.52,0,3080844,0,0,151446761,0,1181,2330291,0,0,2487927,0,0,0
1/05/2004,0,-71.66,0,0,5618,0,0.04,75.58,0,0,74.89,0,0,0,25.9,15.61,7.6,0,0,5272379,0,25.62,44418,0,0,34.32,0,2480683,0,0,184733098,0,1183,2497374,0,0,2254124,0,0,0
1/06/2004,0,-30.62,0,0,5921,0,0.04,83.23,0,0,39.63,0,0,0,24.7,13.98,7.5,0,0,5566813,0,27.03,48917,0,0,32.45,0,958003,0,0,183140049,0,1180,2524118,0,0,792726,0,0,0
1/07/2004,0,-24.79,0,0,6338,0,0.06,86.33,0,0,95.06,0,0,0,24,12.72,6,0,0,5930778,0,41.82,50737,0,0,47.34,0,1135649,0,0,269869260,0,2435,3615862,0,0,7204688,0,0,0
1/08/2004,0,-18.32,0,0,6046,0,0.07,84.93,0,0,142.1,0,0,0,24.8,14.14,7.1,0,0,5669082,0,48.81,49919,0,0,31.28,0,1011926,0,0,176372758,0,2047,2429928,0,0,3682257,0,0,0
1/09/2004,0,-26.49,0,0,5188,0,0.08,84.96,0,0,248.2,0,0,0,28.2,15.97,7.7,0,0,4887701,0,55.15,49934,0,0,87.74,0,895380,0,0,352147456,0,4924,5168974,0,0,16500701,0,0,0
1/10/2004,0,-43.48,0,0,5268,0,0.06,83.4,0,0,222.6,0,0,0,38.1,18.23,11.3,0,0,4914967,0,45.77,49018,0,0,79.01,0,4052022,0,0,340508009,0,4355,5401532,0,0,11085851,0,0,0
1/11/2004,0,-63.94,0,0,5239,0,0.06,83.13,0,0,128.8,0,0,0,38.6,20.09,13.5,0,0,4896265,0,44.63,48859,0,0,98.82,0,10558507,0,0,383798920,0,4449,5524911,0,0,6786978,0,0,0
1/12/2004,0,-113.3,0,0,5313,0,0.12,84.88,0,0,130.2,0,0,0,39,21.09,13,0,0,5002579,0,81.51,49887,0,0,32.27,0,4234141,0,0,160279314,0,2641,2477362,0,0,3866638,0,0,0
1/01/2005,0,-42.49,0,0,5245,0,0.14,84.62,0,0,256.7,0,0,0,32.7,22.53,15.9,0,0,4942877,0,97.24,49735,0,0,47.63,0,1918900,0,0,200662684,0,4169,3036045,0,0,7018269,0,0,0
1/02/2005,0,-21.97,0,0,5026,0,0.05,78.87,0,0,301.6,0,0,0,38,22.65,13.7,0,0,4712560,0,38.28,46357,0,0,23.27,0,466081,0,0,110443661,0,1202,1711693,0,0,6201640,0,0,0
1/03/2005,0,-24.07,0,0,5292,0,0.05,87.62,0,0,76.35,0,0,0,28.9,20.24,12.1,0,0,4970244,0,34.2,51499,0,0,21.73,0,475070,0,0,109566714,0,1039,1793194,0,0,1534482,0,0,0
1/04/2005,0,-11.28,0,0,4941,0,0.06,86.78,0,0,221.3,0,0,0,32.7,20.33,13.4,0,0,4657800,0,45.66,51004,0,0,4.7,0,346791,0,0,138177472,0,2148,2409437,0,0,5702516,0,0,0
1/05/2005,0,-28.11,0,0,5373,0,0.05,89.52,0,0,259,0,0,0,24.8,15.9,7.8,0,0,5064846,0,38.23,52615,0,0,4.41,0,738573,0,0,142583112,0,1477,2353020,0,0,6703237,0,0,0
1/06/2005,0,-20.03,0,0,5756,0,0.07,87.13,0,0,232.1,0,0,0,22.3,14.28,6.6,0,0,5425350,0,46.23,51211,0,0,4.78,0,523441,0,0,164314470,0,1702,2558912,0,0,7262389,0,0,0
1/07/2005,0,-52.56,0,0,6055,0,0.1,90.01,0,0,290.7,0,0,0,22.8,13.35,6.4,0,0,5708482,0,69.03,52899,0,0,8.28,0,3976411,0,0,304338065,0,3649,4325191,0,0,10118971,0,0,0
1/08/2005,0,-41.09,0,0,5980,0,0.06,92.45,0,0,270.5,0,0,0,25.4,13.84,5.2,0,0,5643184,0,39.44,54337,0,0,5.85,0,1589938,0,0,213048811,0,1834,3168851,0,0,9433899,0,0,0
1/09/2005,0,-18.36,0,0,5157,0,0.18,88.91,0,0,285.7,0,0,0,27.2,15.94,8.7,0,0,4849114,0,125.3,52254,0,0,7.37,0,6205670,0,0,220539489,0,6576,3808754,0,0,8876627,0,0,0
1/10/2005,0,-12.37,0,0,5073,0,0.11,86,0,0,329.7,0,0,0,33.7,19.34,11.4,0,0,4808376,0,77.74,50545,0,0,8.54,0,1526429,0,0,268136863,0,6109,4065911,0,0,12088657,0,0,0
1/11/2005,0,-47.01,0,0,5080,0,0.06,87.25,0,0,330.2,0,0,0,33.2,19.94,11.1,0,0,4809322,0,44.07,51277,0,0,3.77,0,1077914,0,0,112041169,0,1408,1915357,0,0,6897532,0,0,0
1/12/2005,0,-33.04,0,0,5375,0,0.08,87.54,0,0,284.2,0,0,0,38.9,22.99,15.4,0,0,5047448,0,58.91,51450,0,0,6.39,0,869105,0,0,204867686,0,2457,3317462,0,0,9190895,0,0,0
1/01/2006,0,-68.11,0,0,5672,0,0.06,85.44,0,0,324.1,0,0,0,44,23.35,18.3,0,0,5336190,0,43.49,50219,0,0,4.46,0,2430319,0,0,153956763,0,1876,2223637,0,0,6910581,0,0,0
1/02/2006,0,-33.79,0,0,5320,0,0.09,79.98,0,0,253.8,0,0,0,32.4,23.55,16.9,0,0,5017190,0,60.27,47008,0,0,10.14,0,6554596,0,0,325859802,0,5055,4264960,0,0,11707430,0,0,0
1/03/2006,0,-20.03,0,0,5500,0,0.04,87.24,0,0,299.8,0,0,0,34.3,22.59,15.7,0,0,5189227,0,28.89,51276,0,0,3.92,0,537768,0,0,129393346,0,982,2040428,0,0,6615153,0,0,0
1/04/2006,0,0,0,0,5142,0,0.04,82.05,0,0,244.5,0,0,0,32.8,18.77,9.3,0,0,4834320,0,28.39,48225,0,0,3.66,0,0,0,0,112864416,0,964.9,1807627,0,0,5443541,0,0,0
1/05/2006,0,-1.32,0,0,5966,0,0.09,71.53,0,0,182.3,0,0,0,26,15.36,8.4,0,0,5612032,0,60.95,42038,0,0,4.53,0,40493,0,0,162152133,0,1711,1918832,0,0,5325473,0,0,0
1/06/2006,0,-31.14,0,0,6411,0,0.06,78.37,0,0,241.4,0,0,0,19.4,12.14,5.8,0,0,6036688,0,45.16,46060,0,0,5.09,0,911766,0,0,196750284,0,2377,2454490,0,0,7416850,0,0,0
1/07/2006,0,-55.15,0,0,6223,0,0.13,89.17,0,0,218.9,0,0,0,22.9,12.82,5.8,0,0,5859052,0,93.61,52410,0,0,7.49,0,1657646,0,0,276178514,0,4952,4408705,0,0,13313040,0,0,0
1/08/2006,0,-59.71,0,0,6274,0,0.04,91.64,0,0,100.5,0,0,0,25.3,14.06,6.9,0,0,5914204,0,26.53,53861,0,0,4.55,0,1663333,0,0,172497989,0,741.9,2507708,0,0,2668353,0,0,0
1/09/2006,0,-34.71,0,0,5542,0,0.04,81.65,0,0,119.8,0,0,0,33.5,17.77,9.1,0,0,5212603,0,29.73,47986,0,0,4.36,0,948519,0,0,144374663,0,1100,2080891,0,0,3310108,0,0,0
1/10/2006,0,-43.96,0,0,5573,0,0.04,87.21,0,0,82.83,0,0,0,35.7,18.63,9.6,0,0,5225694,0,25.3,51255,0,0,4.43,0,1287597,0,0,148188714,0,850.8,2267922,0,0,2083061,0,0,0
1/11/2006,0,-65.98,0,0,5543,0,0.04,86.73,0,0,142.8,0,0,0,38,19.83,8.3,0,0,5204473,0,29.26,50972,0,0,5.32,0,2542936,0,0,177134147,0,1056,2713303,0,0,4621190,0,0,0
1/12/2006,0,-111,0,0,5539,0,0.02,83.67,0,0,110.5,0,0,0,32.3,20.53,13.4,0,0,5230476,0,14.84,49174,0,0,3.66,0,3030946,0,0,122414782,0,395.2,1839313,0,0,2505942,0,0,0
1/01/2007,0,-140.6,0,0,5978,0,0,85.71,0,0,287.2,0,0,0,38.6,22.56,16.5,0,0,5649914,0,2.58,50376,0,0,7.56,0,9472577,0,0,276456220,0,91.4,3786070,0,0,10609794,0,0,141.3
1/02/2007,0,-168.4,0,0,5506,0,0.04,79.36,0,0,224.7,0,0,0.01,27.3,22.96,17.8,0,0,5179590,0,25.02,46640,0,0,7.9,0,11680547,0,0,261990726,0,807.2,3620043,0,0,8693141,0,0,397.2
1/03/2007,0,-169.1,0,0,5800,0,0.02,84.15,0,0,210,0,0,0.01,34.5,22.11,14.1,0,0,5463820,0,11.51,49458,0,0,8.89,0,11285910,0,0,310225188,0,1557,4290906,0,0,10246168,0,0,606.2
1/04/2007,0,-124.9,0,0,4984,0,0,80.94,0,0,142.6,0,0,0.01,26.6,18.9,12.7,0,0,4717397,0,0,47573,0,0,12.08,0,9798962,0,0,362904754,0,0,5948499,0,0,9673154,0,0,1097
1/05/2007,0,-117.3,0,0,5750,0,0,90.39,0,0,164.1,0,0,0.02,28.2,17.61,7.8,0,0,5443674,0,0,53124,0,0,9.73,0,7328775,0,0,337829319,0,0,5281147,0,0,9069590,0,0,999.1
1/06/2007,0,-97.41,0,0,6037,0,0,85.2,0,0,245.4,0,0,0.02,20.5,12.62,5,0,0,5722509,0,0,50073,0,0,39.57,0,11217434,0,0,1380581574,0,0,22377474,0,0,89405155,0,0,3939
1/07/2007,0,-134.7,0,0,7050,0,0,87.1,0,0,188.5,0,0,0.03,23.2,12.08,3.7,0,0,6680799,0,0,51193,0,0,10.83,0,8005899,0,0,456273618,0,0,5660136,0,0,14075129,0,0,1663
1/08/2007,0,-130.3,0,0,6510,0,0,89.89,0,0,119.2,0,0,0.04,27.3,15.28,7,0,0,6158833,0,0,52833,0,0,7.07,0,5753839,0,0,277231080,0,0,3795710,0,0,5235764,0,0,1570
1/09/2007,0,-124.2,0,0,5710,0,0.1,83.54,0,0,178.1,0,0,0.09,28.5,16.38,8.9,0,0,5400712,0,69.85,49101,0,0,8.59,0,6461829,0,0,296712525,0,4320,4140808,0,0,9430052,0,0,4486
1/10/2007,0,-140.7,0,0,5851,0,0,83.72,0,0,160.6,0,0,0.1,34.6,19.73,10.6,0,0,5525397,0,0,49207,0,0,7.28,0,8273357,0,0,257397181,0,0,3553037,0,0,6166999,0,0,4680
1/11/2007,0,-136.7,0,0,5796,0,0.02,86.82,0,0,158.4,0,0,0.14,26,20.12,14.1,0,0,5490031,0,13.28,51029,0,0,8.18,0,8285892,0,0,291282645,0,1635,4122041,0,0,6322816,0,0,7101
1/12/2007,0,-156.9,0,0,5791,0,0,83.43,0,0,155.8,0,0,0.18,29.6,21.29,14.9,0,0,5449648,0,0,49036,0,0,8.42,0,9780607,0,0,287838842,0,0,4301545,0,0,10818618,0,0,9282
1/01/2008,0,-168.6,0,0,6110,0,0,86.61,0,0,177.8,0,0,0.22,29.8,22.83,16,0,0,5768880,0,0,50906,0,0,5.25,0,6690195,0,0,193558802,0,0,2675458,0,0,5035847,0,0,7074
1/02/2008,0,-118,0,0,5609,0,0,82.89,0,0,180.9,0,0,0.22,28.7,21.18,14.6,0,0,5293701,0,0,48716,0,0,4.82,0,4003974,0,0,162127780,0,0,2371413,0,0,5072104,0,0,6507
1/03/2008,0,-116.4,0,0,5780,0,0.04,78.6,0,0,210.7,0,0,0.22,27.8,21.03,12.8,0,0,5458352,0,28.54,46197,0,0,6.04,0,5230051,0,0,210850315,0,1184,2844009,0,0,6319888,0,0,8113
1/04/2008,0,-64.93,0,0,5704,0,0.03,60.44,0,0,165.3,0,0,0.24,28.1,17.4,8.4,0,0,5386694,0,24.53,35521,0,0,6.02,0,2442442,0,0,206076269,0,1255,2233225,0,0,5752365,0,0,8550
1/05/2008,0,-94.6,0,0,6141,0,0.05,89.69,0,0,240,0,0,0.23,22.9,15.29,8.9,0,0,5739523,0,36.23,52712,0,0,7.21,0,4007451,0,0,265499698,0,1362,3897856,0,0,10455171,0,0,10088
1/06/2008,0,-115.4,0,0,5961,0,0.06,82.26,0,0,220.7,0,0,0.2,21.8,14.69,8,0,0,5615454,0,42.54,48348,0,0,6.39,0,4736114,0,0,229643232,0,2034,3162395,0,0,8054532,0,0,7738
1/07/2008,0,-103.2,0,0,6737,0,0,90.47,0,0,164.1,0,0,0.23,22.8,12.23,5.5,0,0,6350890,0,0,53173,0,0,7.25,0,3579457,0,0,294766412,0,0,4096116,0,0,9142653,0,0,9795
1/08/2008,0,-86.12,0,0,6713,0,0.03,88.08,0,0,134.7,0,0,0.27,21.1,12.14,5.3,0,0,6307826,0,20.79,51767,0,0,6.17,0,3025638,0,0,248910446,0,1562,3264848,0,0,4980220,0,0,9792
1/09/2008,0,-85.36,0,0,5675,0,0.04,86.29,0,0,109.8,0,0,0.51,32.9,16.5,7,0,0,5376068,0,29.08,50717,0,0,5.42,0,3039164,0,0,185689552,0,1042,2777665,0,0,3344097,0,0,16862
1/10/2008,0,-117.2,0,0,5551,0,0.07,93.84,1.83,0,208.6,0,0,0.54,34.5,18.42,7.9,0,0,5238368,0,47.16,54411,1325,0,13.02,0,23013041,0,0,416422882,0,2813,6236371,66939,0,10508783,0,0,44920
1/11/2008,0,-138,0,0,5693,0,0.08,151.9,21.48,0,149.4,0,0,0.66,34.7,19.76,12.3,0,0,5372004,0,59.67,79771,15554,0,5.03,0,5275616,0,0,170425314,0,2046,4453842,578707,0,4349136,0,0,20230
1/12/2008,0,-127.9,0,0,5583,0,0.03,140.7,19.4,0,123.1,0,0,0.81,34.3,21.34,14.3,0,0,5269059,0,18.59,75033,14049,0,4.39,0,3935402,0,0,147362436,0,578.4,3731995,551622,0,3191521,0,0,21235
1/01/2009,0,-6.89,0,0,6033,0,0.13,151.4,43,0,203.4,0,0,0.88,40.1,23.06,14.8,0,0,5714594,0,89.36,79698,31142,906.83,7.33,0,466736,0,0,271823710,0,3369,6689173,1154348,0,6824525,0,0,41542
1/02/2009,0,-38.09,0,0,5603,0,0.03,186.3,34.44,0,157.9,0,0,0.87,33,22.18,16.5,0,0,5296632,0,23.28,94519,24942,911.25,6.73,0,3847643,0,0,221970531,0,906.2,7570548,1426540,0,5890871,0,0,36070
1/03/2009,0,-4.77,0,0,5868,0,0.03,141.7,8.03,0,52.58,0,0,0.86,27.6,21.99,14.5,0,0,5519058,0,23.4,75660,5815,923.33,4.02,0,131218,0,0,141004146,0,620.3,3344482,188853,0,1209696,0,0,21297
1/04/2009,0,0,0,0,5167,0,0.01,195.3,36.05,0,38.87,0,0,0.92,29.1,18.88,10.3,0,0,4838170,0,8.76,99170,26106,912.86,5.93,0,0,0,0,182695259,0,351.5,7222656,1203717,0,1487002,0,0,33228
1/05/2009,0,0,0,0,5674,0,0.02,251.1,10.78,0,46.5,0,0,0.9,23.2,16.18,9.7,0,0,5347973,0,14.01,124743,7805,916.11,5.03,0,0,0,0,172261841,0,556.1,7583663,257524,0,1286351,0,0,27321
1/06/2009,0,0,0,0,5917,0,0.05,251.2,22.33,0,71.16,0,0,0.79,20.7,13.59,6.1,0,0,5564036,0,34.88,124365,16306,911.05,5.92,0,0,0,0,209489757,0,1532,9644337,541367,0,3405497,0,0,26807
1/07/2009,0,-0.3,-73.82,679.9,6071,0,0.04,314,53.1,0,91.92,0,0,0.91,24.6,13.04,6.3,66088,684732,5684071,0,27.21,153245,40202,910.36,32.3,0,6875,0,0,195847145,0,1932,10421742,1208004,0,3737588,0,0,28480
1/08/2009,0,-25.27,-57.52,744.5,5674,0,0.06,290.1,32.4,0,53.12,0,0,1.06,25.5,15.24,5.9,51420,790265,5323713,0,45.57,142191,25143,928.26,24.47,0,577545,0,0,139338674,0,1678,7209036,713400,0,1415141,0,0,25855
1/09/2009,0,-8.05,-20.13,688.5,5109,0,0,269.1,20.36,0,52.52,0,0,2.12,32,17.59,9.6,17891,738656,4820232,0,0,132692,15228,930.89,25.55,0,202268,0,0,130601855,0,0,6778618,457876,0,1370670,0,0,54288
1/10/2009,0,-19.12,-23.61,723.1,5125,0,0,306.1,38.25,0,123.9,0,0,2.29,34.1,17.4,8.9,20842,760015,4820772,0,0,147815,29050,914.43,27.24,0,565247,0,0,139203931,0,0,8219797,907551,0,3171881,0,0,63176
1/11/2009,0,-52.56,-80.46,574.3,5262,0,0,290.2,68.94,0,260.2,0,0,2.92,39.7,22.15,15.1,69684,588852,4941567,0,0,141466,51210,894.16,96.08,0,17935776,0,0,489270445,0,0,25096493,15654656,0,10483936,0,0,315090
1/12/2009,0,-75.15,-69.92,809,5274,0,0,263.5,40.49,0,230.6,0,0,3.53,31.8,21.78,13.5,59995,844263,4907725,0,0,130081,30149,904.16,88.72,0,18677105,0,0,462368757,0,0,22939372,863229,0,8107523,0,0,343654
1/01/2010,0,-16.87,-50.94,697.1,5500,0,0,288,39.82,0,219.4,0,0,3.88,41.2,23.63,15.7,43800,745663,5135607,0,0,140471,29413,899.77,63,0,355631,0,0,325541348,0,0,18793189,21061451,0,49654077,0,0,195427
1/02/2010,0,-19.67,-108.1,643,5139,0,0,275.8,30.28,0,212.7,0,0,3.86,37.6,23.94,18.1,92884,631609,4806565,0,0,134413,22390,891.31,66.45,0,403355,0,0,268866264,0,0,16147883,15442359,0,38968899,0,0,215379
1/03/2010,0,-1.34,-48.6,834.1,5395,0,0,221,40.79,0,57.35,0,0,3.99,30.4,22.32,15.6,43303,852189,5043281,0,0,111377,29624,922.27,26.95,0,15443,0,0,143179529,0,0,5604390,1527078,0,2556716,0,0,103193
1/04/2010,0,-0.75,-104.7,691.4,4978,0,0,280.8,52.51,0,24.02,0,0,4.44,30.3,19.67,11.8,93549,670577,4655344,0,0,137214,38166,913.27,25.36,0,12877,0,0,111140515,0,0,6246877,1124467,0,160453,0,0,109919
1/05/2010,0,-26.64,-251.9,835.1,5473,0,0,334.5,60.34,0,153.8,0,0,4.67,26.8,15.82,9,219324,752045,5102172,0,0,162021,43726,887.88,28.56,0,587289,0,0,155059325,0,0,9703432,2206494,0,5339516,0,0,129547
1/06/2010,0,-5.08,-151.9,824.9,5678,0,0,301.4,51.26,0,193.5,0,0,4.55,20.2,13.15,4.4,131957,747837,5328226,0,0,147016,37606,889.24,35.42,0,109571,0,0,213881362,0,0,11963369,4843950,0,16077689,0,0,151369
1/07/2010,0,-1,-70.94,983.6,5736,0,0,331.8,18.14,0,235.1,0,0,5.7,21,12.53,6,60638,904961,5395144,0,0,161133,13268,886.79,28.01,0,18966,0,0,160868960,0,0,9401137,669441,0,7498035,0,0,156234
1/08/2010,0,-0.35,-68.19,932.8,5385,0,0,300.3,15.3,0,351.3,0,0,7.06,24.5,13.51,6.5,55861,883401,5029674,0,0,147043,11392,869.8,36.94,0,4755,0,0,202637975,0,0,12252519,808127,0,16836814,0,0,246677
1/09/2010,0,-0.37,-2.65,1065,4475,0,0,304.3,21.97,0,303.3,0,0,14.48,26.8,16.2,8.3,2164,1058808,4200371,0,0,146858,15982,878.91,24.46,0,8255,0,0,109186842,0,0,7456333,579036,0,7731960,0,0,349981
1/10/2010,0,-0.14,-0.03,1209,4271,0,0,343.3,34.84,0,269.9,0,0,16.1,28.3,17.91,9.8,23.07,1210992,4032183,0,0,165795,25233,886.8,22.92,0,2686,0,0,98015655,0,0,7906467,843960,0,6185906,0.85,0,364665
1/11/2010,0,-0.17,-0.55,1249,4179,0,0,276.1,18.73,0,337,29.01,0,20.94,29.9,19.81,11.9,455.8,1239817,3932302,0,0,135830,13603,874.01,23.35,0,2484,0,0,97535352,0,0,6408244,442955,0,8097573,663795,0,483295
1/12/2010,0,-1.93,-2.08,1348,4247,0,0,353.7,4.99,0,235.4,41.17,0,24.71,31,21.69,13.4,1757,1352925,3989246,0,0,170551,3897,885.74,22.98,0,38626,0,0,98103830,0,0,8152841,130836,0,5794044,915478,0,555233
1/01/2011,0,-82.58,-21.07,858.8,5256,0,0.04,351.8,97.6,0,127.6,33.28,0,28.29,34.9,23.6,17.2,18609,891014,4921468,0,29.76,169287,71864,911.44,57.74,0,1874278,0,0,215079346,0,33063,14675321,8679173,0,14858051,1354876,0,1367821
1/02/2011,0,-81.62,-11.15,842.8,4932,0,0.15,317.3,68.8,0,166.6,27.52,0,27.85,41.3,24.07,16.6,9851,845052,4617167,0,107.9,153201,51001,903.28,190.43,0,2474863,0,0,797988744,0,1061874,52704590,72419123,0,176669129,7412959,0,3809601
1/03/2011,0,-15.85,-33.05,690.1,5388,0,0,300.7,1.82,0,74.97,34.12,0,27.15,32.8,22.08,15.9,29673,708154,5058236,0,0,145390,1361,913.47,26.91,0,297448,0,0,145177957,0,0,8049916,61954,0,2136980,904889,0,715131
1/04/2011,0,-1.2,-40.13,613.7,4995,0,0,300.4,2.53,0,30.99,36.48,0,27.84,26.9,18.25,11.7,35845,610552,4651033,0,0,145897,1973,904.99,26.66,0,29441,0,0,133202948,0,0,8046972,83940,0,849323,953183,0,735532
1/05/2011,0,-7.19,-204.8,470.7,6115,0,0,272.3,25.05,0,81.46,41.12,0,26.8,23.1,14.44,7.3,182868,420725,5707681,0,0,134439,18444,897.67,29.55,0,186266,0,0,181890561,0,0,8214938,997648,0,2612221,1191289,0,780148
1/06/2011,0,-11.45,-144.9,598.7,5961,0,0,286.4,16.87,0,107.8,84.88,0,23.35,20.5,13.49,7.1,127846,551091,5581350,0,0,140340,12412,892.46,27.96,0,258302,0,0,166795918,0,0,8131051,647589,0,3428667,2357541,0,639790
1/07/2011,0,-18.58,-119.4,843.1,5932,0,0,273.3,31.95,0,164.2,81.73,0,24.53,20.5,12.27,5.6,103970,800148,5553893,0,0,134170,23511,891.41,31.62,0,458005,0,0,186639148,0,0,8719965,1414958,0,6159930,2466894,0,751353
1/08/2011,0,-1.67,-124.1,490.9,5866,0,0,311.3,27.59,0,134.2,50.79,0,25.7,25.3,14.75,7.3,109112,479265,5472666,0,0.56,151304,20053,890.33,30.72,0,43035,0,0,179061897,0,23.9,9678070,979273,0,4485840,1526254,0,774855
1/09/2011,0,-2.86,-38.97,607.5,5215,0,0.02,139.1,2.78,0,138.7,85.09,0,45.06,31.5,16.4,7.5,34204,628028,4903802,0,10.82,73915,2117,906.83,28.98,0,66975,0,0,150901739,0,395.6,3955316,104829,0,4272233,2405656,0,1286913
1/10/2011,0,-1.96,-13.53,758.3,5053,0,0.01,86.46,5.16,0,163.1,54.55,0,43.24,33.8,17.76,10.1,11957,801843,4743058,0,9.03,50302,3801,915.15,28.88,0,45831,0,0,145892603,0,320.8,2476532,186219,0,4816284,1535009,0,1233637
1/11/2011,0,-14.32,-10.76,818.9,4668,0,0.01,306.8,37.75,0,226.1,57.06,0,48.81,37,20.76,13.8,9016,866609,4386970,0,10.47,149088,27725,890.28,39.91,0,371340,0,0,155148123,0,455.5,10413854,2426560,0,8272443,1912689,0,1812315
1/12/2011,0,-16.83,-16.51,626.3,4520,0,0.01,361.7,6.52,0,169.6,41.34,0,53.08,31.2,19.52,11.9,14019,698917,4238550,0,10.54,173552,4881,896.31,26.12,0,361051,0,0,118297540,0,383.8,9414240,184304,0,4625253,1035170,0,1368402
1/01/2012,0,-30.67,-70.93,546.8,5027,0,0,325.3,7.91,0,157.1,62.22,0,53.34,32.8,22.53,14,55121,548818,4706786,0,0,157221,5798,890.25,25.72,0,527607,113588,-429878,129585697,0,0,8454511,360016,0,4401446,1559214,0,1337233
1/02/2012,0,-12.02,-43.29,399.6,4659,0,0.02,310.1,2.57,0,201.3,37.82,0,47.26,33,22.08,16.7,109868,418244,4331146,0,16.12,150095,1988,862.56,27.45,0,227164,61837,-620253,128769736,0,636.7,8602241,82064,0,5915566,1013559,0,1270348
1/03/2012,0,-5.22,-20.7,901.1,4586,0,0.02,302.2,2.32,0,248.9,49.42,0,41.74,29.2,20.71,14,17562,894769,4269962,0,12.16,147295,1681,873.37,25.92,0,94528,0,0,119533896,0,535,7843193,66830,0,6339825,1177458,0,1062700
1/04/2012,0,-0.65,-8.45,988.2,4196,0,0.1,318,41.89,0,181.8,39.62,0,39.95,27.7,19.04,10.2,7082,967284,3971931,0,74.15,153390,30876,888.81,34.18,0,19084,0,0,142712761,0,3865,10916258,1798589,0,6723219,1302404,0,1338724
1/05/2012,0,-6.81,-24.86,835.6,5177,0,0.02,303,8.32,0,147.2,46.04,0,36.22,29,15.21,8.5,21777,809841,4867994,0,15.74,147802,6054,895.83,29.15,0,122023,0,0,150192210,0,620.2,8876841,273265,0,4599975,1291524,0,1039876
1/06/2012,0,-18.08,-61.78,541.4,5521,0,0.21,295.9,31.91,0,256.6,56.47,0,30.34,20.4,13.08,6.4,53542,501775,5187157,0,144.9,143869,23161,876.04,37.05,0,502374,0,0,203275004,0,7056,11035625,1690249,0,10526730,2000467,0,1092240
1/07/2012,0,-16.44,-88.9,504.2,5448,0,0.19,341.6,51.61,0,434.3,51.13,0,31.92,22.5,12.76,5.8,75418,457519,5087362,0,131.3,164972,37771,843.38,67.95,0,910273,0,0,368492938,0,12323,23262281,5330663,0,30629089,3208151,0,2113742
1/08/2012,0,-12.45,-23.68,661,5157,0,0.02,208.5,44.34,0,387.2,98.11,0,33.62,29,13.82,5.7,20095,627869,4821858,0,12.29,105556,32143,853.88,58.15,0,680168,0,0,298959283,0,1029,12067547,2944323,0,22905418,5477491,0,1929788
1/09/2012,0,-7.32,-22.41,683.9,4303,0,0,248.6,22.68,0,360.2,69.71,0,59.37,32.7,16.51,5.5,18456,665385,4052412,0,0,122739,16425,855.11,53.09,0,356637,0,0,227937147,0,0,13200234,1252393,0,19230353,3590253,0,3132361
1/10/2012,0,-13.16,-6.68,994.9,3918,0,0,368.1,75.53,0,294.5,57.3,0,57.43,33.8,17.8,8.7,5318,983763,3666567,0,0,176852,55062,857.33,57.73,0,710167,0,0,224637755,0,0,20956471,5099326,0,18633802,3252936,0,3276955
1/11/2012,0,-8.78,-50.16,605,4330,0,0,370.5,31.81,0,295.4,48.96,0,65.44,32.6,19.85,12.9,41497,578007,4032946,0,0,177649,23058,848.37,58.49,0,462404,0,0,251053511,0,0,21174737,3245502,0,18666720,2760202,0,3722227
1/12/2012,0,-6.63,-66.32,530.7,4495,0,0.06,370.2,8.36,0,371.3,70.72,0,73.05,32.7,21.56,14.1,54958,529793,4188679,0,43.35,177282,6058,839.52,50.12,0,322516,0,0,226187061,0,5624,18517872,479975,0,18638057,3512834,0,3639351
1/01/2013,0,-8.64,-63.99,562.4,5150,0,0,365.1,18.62,0,180.6,59.2,0,73.94,45.1,23.47,16.8,55010,607033,4806366,0,0,175216,13552,885.66,51.46,0,413667,0,0,262628714,0,0,18454804,1270907,0,10075533,3016322,0,3738406
1/02/2013,0,-12.88,-41.8,481.8,4516,0,0.04,333.7,28.11,0,160.3,53.25,0,65.89,28.7,22.41,14.2,35909,491933,4224587,0,30.38,160308,20441,880.92,52.61,0,642810,0,0,237514465,0,2904,17481536,1659296,0,8672448,2709476,0,3434186
1/03/2013,0,-8.09,-103.7,495.3,4936,0,0.02,365,23.37,0,170.8,61.93,0,58.21,33.4,22.27,14,88541,550409,4597465,0,11.59,174200,16923,883.82,53.04,0,394981,0,0,261424966,0,900.6,19182920,1351809,0,9327491,3229568,0,3056607
1/04/2013,0,-1.07,-11.17,559.7,4368,0,0.01,372.3,16.35,0,133.7,47.7,0,55.53,28.4,18.73,11,9481,585252,4061110,0,4.59,178142,11883,879.94,54.64,0,50329,0,0,237673326,0,383,20189314,1035607,0,7844380,2539668,0,2999730
1/05/2013,0,-2.5,-37.72,432.6,5200,0,1.76,226.4,28.33,0,149.2,65.16,0,49.31,25.6,15.67,9.4,32627,439178,4840384,0,1244,113614,20620,887.71,55.74,0,117770,0,0,288470905,0,92295,12599142,1880233,0,8708142,3581272,0,2715501
1/06/2013,0,-2.67,-85.43,365.1,5415,0,0.2,268,23.08,0,197.1,51.28,0,39.21,24.7,13.89,7.6,73697,370676,5055435,0,139.2,131259,16740,882.68,57.51,0,137637,0,0,310788057,0,10825,14695387,1748892,0,12623107,2902119,0,2215365
1/07/2013,0,-1.8,-67.83,331.4,5448,0,0.02,361.2,36.24,0,278.4,67.83,0,41.36,24.2,13.76,7.2,57554,323228,5078097,0,12.36,173925,26278,859.07,58.78,0,90908,0,0,317413838,0,928.2,21024639,2776367,0,17076898,3816312,0,2390608
1/08/2013,0,-0.33,-44.94,333.1,5137,0,17.35,380.5,27.63,0,221.6,111.1,0,43.65,24.1,14.97,7.1,37925,329763,4824111,0,12247,182381,20052,862.14,54.69,0,17506,0,0,280458375,0,941646,20717067,1701184,0,12314594,5979958,0,2369322
1/09/2013,0,-0.61,-26.12,516.2,4359,0,21.44,297.8,32.23,0,209.7,77.89,0,77.19,31.8,18.5,10,21984,523655,4090970,0,15138,141132,23344,869.65,53.04,0,28546,0,0,230825886,0,1125858,15626266,1809308,0,11274922,4112953,0,4068684
1/10/2013,0,0,-59.01,386.3,4463,0,3.39,348.1,3.65,0,419.8,79.73,0,74.57,37.1,19.86,9.9,47938,415263,4149341,0,2393,166250,2643,830.47,51.7,0,0,0,0,230668143,0,174051,17932129,191645,0,21856099,4097233,0,3841100
1/11/2013,0,-0.41,-44.41,505.6,4195,0,0.03,375.2,5.62,0,386.3,62.99,0,84.33,34,19.6,11.8,35934,563862,3917025,0,19.88,179350,4073,843.69,50.68,0,19819,0,0,212757707,0,1417,18973491,299294,0,19730337,3172997,0,4257821
1/12/2013,0,-0.43,-53.72,591.3,4344,0,0.03,379.8,11.23,0,441,63.01,0,92.05,35.7,22.05,12.8,43288,652931,4074290,0,20.42,181708,8234,843.79,63.45,0,20672,0,0,278230751,0,17026,23314821,7545670,0,38633221,4392373,0,5433711
1/01/2014,0,-17.36,-67.68,656.5,4920,0,0.04,365.6,13.17,0,112.9,70.13,0,92.71,35.9,22.8,16.1,58904,687682,4606071,0,30.91,175545,9699,895.4,53.41,0,771521,0,0,263697344,0,3091,19343377,1311957,0,6736419,3593786,0,4831118
1/02/2014,0,-4.42,-42.38,483.5,4594,0,0.18,328.9,9.18,0,66.09,58.2,0,82.14,31.7,22.45,15.6,37146,507882,4273063,0,130.4,158146,6730,893.61,50.86,0,188934,0,0,234045414,0,10050,16699687,526326,0,3396548,2878461,0,4133284
1/03/2014,0,-3.76,-19.39,577.7,4906,0,0,290.4,0.3,0,37.54,47.38,0,72.31,29.2,22.15,15.2,17328,600038,4563136,0,0,141155,215.3,905.94,49.14,0,157338,0,0,241365302,0,0,14222528,16417,0,1875264,2276000,0,3520050
1/04/2014,0,0,-8.37,730.7,4230,0,0,361.9,17.98,0,36.06,45.22,0,68.87,29.3,19.29,12.4,7223,793307,3921549,0,0,173169,13053,904.01,48.99,0,0,0,0,207773239,0,0,17672949,937456,0,1836463,2183354,0,3348459
1/05/2014,0,-6.04,-20.55,531.6,4716,0,0.08,375.5,51.95,0,155.2,64.74,0,61.13,26.8,17.24,10.3,17668,544175,4370329,0,59.88,179884,37726,871.52,51.96,0,271221,0,0,237030503,0,4333,18885562,3035189,0,8221239,3176878,0,3140248
1/06/2014,0,-3.12,-23.81,632.6,4637,0,0.04,374.3,35.35,0,235.6,90.37,0,48.69,22.4,14.5,8.6,20186,611436,4287521,0,26.71,178959,25870,850.34,50.14,0,142414,0,0,232816781,0,1884,18670622,2041338,0,12067437,4387793,0,2421840
1/07/2014,0,-14.14,-15.75,967,5047,0,0.04,294.2,43.63,0,86.88,109,0,51.32,24.4,12.96,6.5,13849,908582,4664384,0,29.27,143888,32033,879.9,42.1,0,448037,0,0,210675282,0,1534,13075494,2438881,0,4197309,4243553,0,2115923
1/08/2014,0,-13.75,-16.67,1127,4831,0,0.03,221.6,23.41,0,120.6,68.85,0,54.04,24.7,13.28,5.6,14651,1050647,4439134,0,17.78,111010,17493,880.79,36.94,0,381698,0,0,175398364,0,784.5,8561241,1280250,0,5172476,2427645,0,1949763
1/09/2014,0,-7.17,-3.68,936.1,4187,0,0.04,171,51.73,0,171.2,82.9,0,95.78,32.4,16.3,9,3184,912711,3855022,0,27.95,88314,38966,875.25,40.94,0,274097,0,0,167676488,0,1573,7416349,3125574,0,7964483,3230305,0,3829284
1/10/2014,0,-0.16,-5.53,1002,4267,0,0.01,70.87,29.59,0,131,94.84,0,92.74,33.5,19.28,9,4730,998581,3938501,0,9.04,41650,21619,893.73,32,0,3962,0,0,137210997,0,422.5,2254090,1055445,0,4203468,2954430,0,2931511
1/11/2014,0,-4.63,-8.96,1022,4033,0,0.03,256,69.61,0,121.9,95.47,0,105.2,36.1,21.06,13.7,7526,1001047,3712447,0,21.81,124988,51213,874.25,35.38,0,109914,0,0,142939692,0,1357,9328092,3462558,0,5721168,3470240,0,3546292
1/12/2014,0,-2.38,-6.28,1007,4045,0,0.02,337.3,39.67,0,131.2,116.4,0,115,31.7,21.92,15.4,5251,1008294,3717484,0,13.78,162296,29330,866.66,31.59,0,51130,0,0,128937038,0,809.2,10673106,1577686,0,4461338,3550940,0,3522450
1/01/2015,0,-10.87,-37.18,807.6,4503,0,0.04,331.6,59.42,0,206.5,133.1,0,116.1,35.3,23.39,14.7,30860,874594,4150907,0,25.21,159826,43163,867.26,38.7,0,299370,0,0,171362607,0,1763,13021506,4447607,0,11354595,4449749,0,4292217
1/02/2015,0,-3.92,-14.56,778.6,4176,0,0.01,300.4,22.91,0,82.01,87.04,0,103.4,31.9,23.22,17.4,12433,776905,3845917,0,9.87,145418,16600,879.14,34.49,0,117405,0,0,145716289,0,648.3,10548694,872535,0,3467006,2816547,0,3459764
1/03/2015,0,-7.52,-37.53,786.3,4480,0,0,319.4,36.96,0,123.2,130.7,1.96,91.2,36.4,21.83,14.9,31678,821522,4137711,0,0,153585,26858,875.64,31.57,0,158477,0,0,143259955,0,0,10304989,1194906,0,4034062,3903832,65903,2808048
1/04/2015,0,-6.36,-1.18,993.5,3932,0,0.05,239.8,62.24,0,70.07,123,6.31,86.69,31.1,18.25,10.4,1020,973769,3633617,0,32.55,116453,45078,879.78,37.08,0,165792,0,0,145902169,0,1750,8941695,2763914,0,3443219,4315685,244831,3106969
1/05/2015,0,-5.97,-2.22,890,4606,0,0.21,194.2,48.97,0,97.23,180.7,10.71,76.69,27.3,15.9,8,1813,872112,4247780,0,147.4,97934,35488,872.39,36.68,0,138383,0,0,168406844,0,7190,7212202,2580581,0,4797921,6118785,389267,2737066
1/06/2015,0,-8.64,-24.81,851.4,4877,0,0.13,280.5,14.5,0,155.3,97.29,10.02,60.95,22.5,13.45,6.1,20965,789274,4499439,0,94.92,136190,10504,865.95,37.06,0,249234,0,0,181583623,0,3983,10504915,718143,0,6382756,3260063,358747,2199076
1/07/2015,0,-20.16,-16.25,740.9,5256,0,0.03,324,16.53,0,253.8,186.3,14.78,64.06,20.5,11.83,5.9,13540,720880,4840205,0,23.8,156993,12114,846.17,40.39,0,716342,0,0,211961075,0,1220,13258917,944860,0,11735582,7089018,554504,2507949
1/08/2015,0,-18.6,-34.45,657.2,4895,0,0.01,330.7,12.22,0,178.7,211.3,16.77,67.23,28.1,14.1,5.3,28435,632005,4511821,0,7.53,159863,8848,845.61,37.58,0,582759,0,0,184802418,0,371.3,12543197,596422,0,7319184,7580183,599226,2470702
1/09/2015,0,-14.81,-47.5,473,4467,0,0.15,343.7,39.89,0,186,120.3,26.02,118.2,29.2,15.78,8.1,39905,463236,4121387,0,102.7,163582,28984,846.91,62.77,0,564674,0,0,262609041,0,8332,20340473,9482309,0,31282291,6078354,1114301,6854418
1/10/2015,0,-2.16,-59.19,481.5,4559,0,0.07,179.7,45.42,0,194.8,151,30.37,113.6,36.8,20.58,13,49674,473872,4206933,0,48.96,90048,32910,851.92,37.59,0,57590,0,0,172455043,0,2561,6905677,1852434,0,7669717,5485261,1212147,4174800
1/11/2015,0,-4.99,-55.43,582.6,4349,0,0.4,275.7,84.24,0,169.2,135.5,33.06,127.9,40.7,21.14,13.7,44899,564899,3995006,0,280.8,133340,61310,845.7,51.6,0,179252,0,0,214707323,0,139167,13920324,7144558,0,19787480,7378990,1760582,5871889
1/12/2015,0,-15.93,-91.81,627.9,4587,0,0.26,325.6,65.03,0,156.6,134.8,33.66,139.1,34.9,21.72,14.7,75497,605658,4207276,0,181.2,156286,47280,848.55,46.05,0,485192,0,0,212859168,0,15479,14978688,3631178,0,8139541,5922289,1640586,6196905
1/01/2016,0,-15.23,-73.68,687.7,4601,0,0.24,145.8,95.75,0,339,125.8,31.86,139.5,38.3,22.69,14.5,59924,740532,4233360,0,170.9,76798,69802,852.23,50.34,0,481386,0,0,201139702,0,32321,8068383,6822157,0,18670960,5376245,1579788,6308190
1/02/2016,0,-19.35,-97.67,453.8,4926,0,0.21,125.3,61.55,0,288.4,110.1,37.38,123.3,32.5,24.08,17,81309,502910,4543382,0,150.5,66925,44919,862.59,40.42,0,627159,0,0,194973903,0,11048,5808386,3635894,0,13089961,4017677,1697844,4785273
1/03/2016,0,-31.42,-49.46,563.9,4828,0,0.15,203.3,94.62,0,335.3,93.54,38.56,108.1,29.9,22.59,14.4,39332,608790,4432913,0,102.9,102424,68659,851.41,46.18,0,1093910,0,0,220855149,0,6476,10315642,5453824,0,17245467,4163792,1992790,4828827
1/04/2016,0,-6.81,-20.35,794.5,3975,0,0.47,159.4,150.1,0,273.7,93.32,39.23,102.6,33.8,20.22,13.2,16369,865270,3642271,0,331.9,81975,108725,857.77,67.93,0,283648,0,0,253524582,0,50131,11505962,12464316,0,20938992,5501688,2376110,6774678
1/05/2016,0,-13.15,-57.41,595.5,4495,0,0.96,189.4,67.07,0,226.1,264.1,35.01,90.42,27.7,17.39,7.3,46654,608852,4146506,0,676.9,96966,48608,836.69,70.45,0,686383,0,0,297079177,0,46847,14813598,7035840,0,19544438,15908096,2218207,6041864
1/06/2016,0,-42.14,-23.32,771.5,4717,0,0.13,202.3,81.68,0,289.1,213.4,25.04,71.53,22,14.27,5.6,18676,721125,4356141,0,88.62,102244,59161,837.26,103.23,0,1782923,0,0,454682743,0,11845,23035717,12632464,0,34617429,18265138,2230634,6988481
1/07/2016,0,-28.73,-25.45,757.1,5183,0,0.14,134,47.36,0,174.5,228.2,31.76,74.8,25.6,13.62,6.4,21185,710029,4786892,0,99.87,71940,34300,858.53,70.46,0,1176006,0,0,337795567,0,8205,11148586,6576022,0,18576040,13054005,1788101,4944280
1/08/2016,0,-12.33,-23.1,702,5257,0,0.06,108.4,22.57,0,96.7,160.7,39.22,78.28,25.1,13.99,7.2,19757,690488,4855142,0,43.9,59823,16350,882.05,50.63,0,377553,0,0,265244469,0,1932,6259803,2510188,0,7279938,6727941,1544303,3764485
1/09/2016,0,-10.01,-69.45,637.6,4480,0,0.04,139,10.85,0,175.9,169.1,39.09,137.4,24.1,16.73,10,57416,624094,4131070,0,24.85,71705,7855,857.36,45.96,0,335550,0,0,201897742,0,1829,7096619,779015,0,8402309,7371299,1631857,6166512
1/10/2016,0,-15.78,-14.48,1018,3497,0,0.13,175.2,32.69,0,461.7,252.5,53.7,131.7,33.5,18.55,9,10382,999857,3228887,0,95.25,89486,24082,793.31,56.43,0,703094,0,0,188038512,0,7494,10887915,2523358,0,26343168,12415146,2794099,7271157
1/11/2016,0,-16.68,-16.84,864.2,3772,0,0.12,151.1,100.4,0,477.1,163.8,57.16,148.4,32.3,21.04,12.2,12723,870420,3492309,0,85.76,79071,72752,810.81,90.17,0,736539,0,0,300843503,0,9725,13351254,15382350,0,57183324,12442698,6453285,12337976
1/12/2016,0,-5.08,-63.23,747,4555,0,0.1,96.02,8.33,0,507.5,155,53.44,168.4,37.5,23.28,16.8,49310,790238,4211378,0,73.42,53463,6036,827.85,53.72,0,185085,0,0,249427466,0,5326,6045234,1148880,0,30364726,8561815,3226244,8679336
1/01/2017,0,-48.87,-62.28,537.6,5382,0,0.09,150.1,92.94,0,197.7,147.9,54.93,165.9,38.5,24.66,18.6,52681,576300,4962494,0,63.22,77704,67316,872.77,90.71,0,2271054,0,0,454609447,0,9623,15647611,12485434,0,23935811,12988207,5642126,13716612
1/02/2017,0,-38.74,-22.14,670.1,4556,0,0.4,161.3,103,0,245.6,137.9,49.09,146.4,37.1,24.11,17,18449,675370,4188862,0,280.6,84163,74829,853.74,223.24,0,2820091,0,0,932277768,0,899731,41191349,54069421,0,162953862,28239657,12662760,26147040
1/03/2017,0,-17.06,-42.73,634.6,4913,0,0.06,164.9,60.64,0,78.55,126.5,49.07,118,31.3,22.24,15.4,36711,622375,4519544,0,40.03,84257,44074,877.01,96.47,0,1085159,0,0,465493315,0,5174,18578804,9146888,0,8964761,11173753,5194919,10933880
1/04/2017,0,-21.16,-62.78,711.2,4205,0,0,117,129,0,90.71,88.1,45.63,124.1,28.6,18.6,10.3,53692,631298,3882695,0,0,64030,93421,870.83,107.94,0,1866558,0,0,450129182,0,0,12572578,14974051,0,10480040,8912394,4868836,13212927
1/05/2017,0,-15.99,-150.4,419,5108,0,0,190.9,14.89,0,235.3,113.9,41.65,104.2,25.5,16.37,7.2,124875,370494,4705927,0,0,96204,10804,849.14,90.71,0,1262616,0,0,459578357,0,0,18260635,1737632,0,22459949,9656118,3586964,9344656
1/06/2017,0,-10.1,-149.4,551,5378,0,0.22,163.4,29.35,0,253.4,86.73,35.43,81.71,20,13.62,7.7,125191,475848,4948015,0,152.1,85199,21276,852.84,86,0,786544,0,0,458666739,0,20229,14785058,2989855,0,23842742,7021782,2866455,6933910
1/07/2017,0,-33.62,-123.8,684.6,5472,0,0,141.5,21.62,0,162.2,232.2,41.07,59.45,25.8,13.29,5.4,102074,593528,5039820,0,0,73076,15665,851.81,93.2,0,2551813,0,0,504871199,0,0,13674638,2744328,0,17752024,20435806,3477530,5417678
1/08/2017,0,-19.58,-60.62,914.2,4686,0,4.32,157.8,82.55,0,218.4,239.7,48.61,46.08,25.8,14.03,6.5,48386,824407,4307628,0,3046,70620,59800,831.89,104.4,0,1600657,0,0,487964625,0,398021,17244308,9958177,0,25810740,22439669,4670281,4706611
1/09/2017,0,-9.37,-40.01,817.6,3970,0,1.09,254,91.56,0,138.9,283.3,52.25,168.3,33.5,17.32,7.9,31690,739885,3653049,0,766.7,113681,66323,817.01,88.34,0,762682,0,0,350756703,0,98710,22527559,8370423,0,13123107,24309931,4480480,14685858
1/10/2017,0,-10.61,-83.51,624,4317,0,0.02,291.1,11.65,0,133.6,148.9,54.77,159.1,35.1,19.44,11.3,68593,574718,3964904,0,17.42,130256,8477,840.14,83.22,0,711656,0,0,356479537,0,2098,23893703,1335446,0,11435236,12092565,4657590,13074838
1/11/2017,0,-21.49,-210.4,594,4556,0,0.15,226.1,51.39,0,105.7,123.8,53.67,180.8,28.3,19.92,12.1,173982,514042,4186272,0,106.7,101200,37223,851.42,80.06,0,1430514,0,0,362131277,0,11445,17810135,4633236,0,9704080,9441045,4512713,14243424
1/12/2017,0,-69.51,-143.2,549,5093,0,0.12,204.5,58.56,0,115.4,177,59.58,190.9,39,22.97,15.7,119846,487758,4690382,0,81.56,91644,42427,859.04,79.16,0,4448614,0,0,397093346,0,9060,16109233,6094311,0,10756178,13463927,4985625,14613395
1/01/2018,0,-10.32,-212.4,412.3,5507,0,0.11,85.88,17.89,0,255.6,152,60.72,196.4,42.5,23.35,14.5,176527,365213,5065437,0,79.55,38461,13005,846.36,78.62,0,647189,0,0,425460216,0,8261,7537813,1913431,0,22651237,11241497,5138263,14934256
1/02/2018,0,-8.44,-196.7,392.3,4822,0,0.02,77.38,16.51,0,236.1,180.6,53.43,175.2,34,22.91,15.7,162677,349563,4441163,0,13.33,34699,12105,838.81,74.44,0,530895,0,0,356002706,0,1800,6522499,1505239,0,19172401,13012489,4250359,12754560
1/03/2018,0,-2.86,-231.2,499.1,4981,0,0.03,51.54,1.37,0,289.1,220.5,59.65,168.3,38.2,22.58,13.6,189394,440714,4581004,0,21.91,23084,994.3,827.58,67.58,0,160876,0,0,334947426,0,1995,3877517,125859,0,20177870,14260457,4108343,11603166
1/04/2018,0,-15.88,-74.34,674.5,4256,0,0.03,0.44,87.85,0,285.5,180.8,64.15,145.8,35.6,21.45,11.7,60692,597302,3938985,0,24.33,257.8,63675,831.56,76.89,0,932614,0,0,323615571,0,2818,53574,7687810,0,24153392,12894239,5039899,11491482
1/05/2018,0,-21.29,-78.55,715.9,4726,0,0.04,0.44,74.08,0,228.7,218.3,56.36,136.9,27,16.14,8.8,64768,633149,4369684,0,29.45,256.9,53839,843.28,79.42,0,1256990,0,0,368463266,0,3453,62733,7585840,0,20236357,15695354,4081659,9712021
1/06/2018,0,-39.55,-123.3,755.5,4931,0,0.67,50.77,64.19,0,447.1,243,47.33,110.5,20.7,12.98,6.3,99195,666262,4542939,0,474.7,23090,46874,812.4,105.92,0,2491723,0,0,454837495,0,88540,5339739,8684592,0,48534085,21054093,3824492,8685014
1/07/2018,0,-7.79,-50.32,711.4,5068,0,0.06,107.8,30.29,0,284.1,322.5,59.02,150.2,24.7,13.49,4,39836,637354,4666872,0,39.52,48248,21940,817.56,78.02,0,448889,0,0,386708358,0,3912,10174293,3662726,0,25741535,22707677,3729016,9260953
1/08/2018,0,-20.05,-20.47,930.8,4476,0,0.79,148.9,49.46,0,339.6,357.4,66.78,178.9,25.3,13.79,5.1,15504,831152,4116258,0,554.9,66935,35821,795.55,97.17,0,1304881,0,0,425403917,0,134580,17407422,7141997,0,39584845,31725036,5098927,13286182
1/09/2018,0,-70.79,-70.83,685.9,4342,0,0.23,161.4,30.16,0,167.7,272.9,74.46,203.2,31.5,15.63,7.6,57220,599906,4009395,0,165.5,72469,22283,830.84,96.69,0,4473712,0,0,405932736,0,33599,18106906,4533060,0,20041259,24822111,5871373,15166245
1/10/2018,0,-50.6,-112.6,491.7,4686,0,0.08,21.77,28.47,0,124.7,279.3,108.4,202.2,26.8,17.8,10.5,93114,424393,4314087,0,53.95,9772,20623,838.38,90.1,0,3157007,0,0,406405887,0,7422,2303452,3734421,0,12881243,23351821,9450847,17007129
1/11/2018,0,-44.99,-198.8,236.5,4764,0,0.11,91.98,19.72,0,103.5,334.4,119.4,235.7,36.6,21.49,11.6,159407,200329,4377463,0,80.35,41232,14287,824.57,88.13,0,2910731,0,0,409557753,0,18727,9404980,2460277,0,10647150,27624846,9920323,19460736
1/12/2018,0,-55.5,-114.3,496.9,4855,0,0.03,84.98,16.6,0,133.6,309.2,143.9,270.1,33.4,23.09,14.9,92479,435197,4485906,0,22.1,38100,12109,831.09,86.59,0,3417642,0,0,410539082,0,4695,9297130,2009581,0,14298333,24520870,13271589,25455932
1/01/2019,0,-93.38,-96.47,540.8,5735,0,0.44,51.34,77.13,0,118.2,282,133.2,264.9,39.7,25.49,17.9,80211,460151,5290331,0,308.2,24209,56322,852.24,128.38,0,6598251,0,0,707015092,0,136038,9158851,19082928,0,31313312,30241575,20101197,41524202
1/02/2019,0,-57.73,-94.19,357.5,4693,0,0.02,121.2,22.5,0,54.8,339.6,126.7,231,35.7,23.51,16,76188,309319,4332431,0,15.77,54348,16297,833.34,92.39,0,3837914,0,0,423562581,0,2079,12088580,3415215,0,6107265,28764055,11829796,22073220
1/03/2019,0,-35.32,-97.02,512.4,4883,0,0.03,105.2,20.45,0,80.85,330,112.3,214.8,35.5,22.84,12.2,79036,442145,4501404,0,20.06,47127,15082,833.36,89.53,0,2166529,0,0,435795915,0,2561,9962838,2308239,0,8842654,27287580,10283376,19581362
1/04/2019,0,-29.88,-155.5,524.5,4483,0,0.01,0.14,6.16,0,91.93,309.5,99.45,200.3,32.5,20.41,10.7,127689,434413,4128459,0,5.7,84.48,4592,833.1,80.1,0,1772267,0,0,355175343,0,641.4,11844,700673,0,9820210,22859504,7699487,15199090
1/05/2019,0,-25.88,-143.1,446,4946,0,0.21,1.51,26.13,0,217.6,369.7,84.03,174.6,27.1,17.7,7.6,114552,368506,4549981,0,147.1,884.9,18924,814.54,81.14,0,1540793,0,0,396826730,0,21246,122572,3070741,0,21360155,28004494,5974519,12228129
1/06/2019,0,-33.1,-89.37,530.1,5081,0,0.91,77.91,45.21,0,274,296,78.2,137.6,23.7,14.23,6.2,71554,452290,4695096,0,639.6,35218,32745,821.68,95.47,0,2034617,0,0,466442937,0,192079,8021916,7484504,0,34202186,25136766,6034712,9991068
1/07/2019,0,-59.5,-121.8,429.3,5296,0,0.07,174.3,31.03,0,163.1,442.8,90.22,185.5,23.7,14.56,6.3,95653,347382,4887024,0,51.32,78043,22473,812.86,73.93,0,3266086,0,0,385705173,0,4898,13872699,3487225,0,16090524,30768100,5140790,10213724
1/08/2019,0,-71.68,-154.2,633.3,4902,0,0.4,251.8,41.57,0,200.2,421.4,118,241.3,25.2,14.39,6,118674,512677,4534677,0,282.8,113435,30126,799.73,88.23,0,3851465,0,0,420861228,0,44390,24058166,6852906,0,26319796,31817591,7155949,13524908
1/09/2019,0,-48.55,-172.6,736,3936,0,0.58,203.2,98.57,0,202.8,391.1,133,270.2,28.5,16.98,8,129366,603658,3660812,0,413,91727,71587,784.44,99.17,0,2787516,0,0,385085930,0,134889,22578152,14995940,0,27777315,34045270,10301304,19704453
1/10/2019,0,-49.98,-146.9,684.3,3794,0,0.99,238.9,180.1,0,250.3,331.1,156,322.8,36.7,19.51,10.4,108301,566811,3520977,0,696.1,107700,130416,775.59,103.92,0,3413820,0,0,381400393,0,179763,25202039,21803408,0,29916664,30802188,13726153,27830688
1/11/2019,0,-31.45,-77.51,446.7,4123,0,0.26,134.7,56.9,0,143.6,431.9,179.6,344.3,36.2,21.79,11.5,59992,368558,3820637,0,186.6,60326,41207,782.39,70.99,0,1819379,0,0,290323532,0,25494,10409914,5239471,0,11849847,29122949,11379592,21184268
1/12/2019,0,-11.13,-189.1,351.8,4860,0,0.02,15,16.84,0,101.3,405.4,205.7,364.4,39.8,23.28,14,152387,304224,4490802,0,12.1,6729,12199,809.89,53.19,0,453356,0,0,254973471,0,1027,939988,996075,0,6318306,20516829,10465600,18669633
1/01/2020,0,-30.04,-118.2,456.3,5007,0,0.78,96.03,46.93,0,231.7,346.6,183.6,320.8,41.2,24.78,17.2,94273,397436,4625286,0,549,43579,34836,804.96,204.57,0,1627290,0,0,806220606,0,2262955,37544826,58189611,0,85676620,35645606,36242011,64464763
1/02/2020,0,-39.66,-76.22,467.7,4372,0,0.22,79.79,27.58,0,227,377.6,165.8,278.4,36.4,23.74,17.7,59278,415393,4038740,0,155.2,35907,20026,794.55,61.38,0,1965044,0,0,302178675,0,235191,8811152,7443831,0,30976879,21901365,12531518,16692963
1/03/2020,0,-12.74,-82.32,659,4169,0,0,64.14,7.99,0,202.3,360.7,165,300.3,38,21.42,13,63938,552012,3850874,0,0,28789,5957,790.46,47.17,0,481298,0,0,195790518,0,0,3447214,559139,0,10679636,15926209,7264358,13304451
1/04/2020,0,-23.61,-58.9,600,3867,0,0,58.05,0.86,0,130.9,362.8,127.1,259.5,28.4,19.92,11.2,45173,506844,3572132,0,0,26067,637.4,801.81,41.51,0,499949,0,0,162387844,0,0,3067153,53913,0,7362369,13496344,4155326,8207063
1/05/2020,0,-21.78,-25.08,696.7,4570,0,0,75.95,5.32,0,55.33,380.8,127.6,233.6,28,15.88,8,20514,571201,4211458,0,0.11,34223,3963,818.49,43.54,0,667478,0,0,198690536,0,9.65,4350133,378527,0,3053587,14643040,4665380,7934707
1/06/2020,0,-23.51,-68.61,665.3,4897,0,0.04,94.33,9.28,0,180.5,322.7,98.72,201.3,22.6,14.16,7.1,54524,555533,4507985,0,26.55,42643,7258,819.16,50.6,0,915815,0,0,273390050,0,1437,9586812,1790715,0,16991127,15136571,4086568,8018456
1/07/2020,0,-14.81,-171.7,449,5503,0,0,110.8,7.37,0,160.6,347,130.5,213,22.9,13.86,7,138834,352388,5065870,0,3.31,50011,5711,818.05,50.11,0,515834,0,0,276417279,0,218.2,7136297,481379,0,11456551,15284991,5256055,8397604
1/08/2020,0,-17.29,-154.1,691.4,4750,0,0.03,94.67,1.16,0,282.6,476.3,146.4,299.7,24.7,14.3,6.2,115977,548493,4363841,0,21.29,42738,870.7,771.78,52.57,0,567360,0,0,277615401,0,877.4,9502488,53474,0,28325513,24650707,5645659,11331761
1/09/2020,0,-21.24,-30.63,564,3933,0,0,18.49,4.34,0,172.3,449.6,205.1,350.7,31.7,17.87,8.8,22686,464813,3622953,0,0.1,8361,3203,769.91,42.31,0,612264,0,0,167068787,0,4.88,1193217,295931,0,9260000,17239511,6797667,11493465
1/10/2020,0,-17,-41.91,692.2,3733,0,0.06,99.53,22.47,0,150.5,371,235.8,398.5,33.7,19.73,11.6,31725,551648,3433583,0,42.26,44918,16392,765.37,60.12,0,587806,0,0,198811084,0,3343,7000412,1589467,0,11211319,18025899,10365635,23677412
1/11/2020,0,-21.24,-64.14,456.7,4012,0,0,67.59,14.39,0,253.6,333.4,274.1,472,40.8,21.44,12.4,48413,366211,3698450,0,0.76,30473,10724,761.76,68.58,0,874348,0,0,253323684,0,96.93,6385306,2512284,0,26106030,18825625,19993935,22038221
1/12/2020,0,-38.05,-50.18,571.5,3844,0,0.22,37.22,31.18,0,301.4,431.3,305.5,435.9,30.8,21.16,14.4,35753,486363,3536384,0,155.3,17000,23344,741.15,83.86,0,1441394,0,0,262495711,0,21400,6982741,4528924,0,43735172,20340774,22475249,42624041
1/01/2021,0,-8.73,-44.04,578.2,4136,0,0,63.6,2.21,0,253.4,407.2,304.8,479.7,37.1,22.66,15.2,32303,481155,3803349,0,0.64,28563,1641,752.27,40.5,0,247360,0,0,164352583,0,54.26,3486355,90888,0,12844664,15387054,11590912,18760998
1/02/2021,0,-7.15,-66.14,489.1,3774,0,0,0.1,2.68,0,210.2,381,286.7,399.3,33,21.99,16.5,49570,432222,3471919,0,0.07,58.06,2099,760.62,35.45,0,222919,0,0,135098835,0,4.53,3471,88156,0,7869704,13345405,9813429,13582195
1/03/2021,0,-19.62,-48.1,592.4,4005,0,0,12.38,21.44,0,202.2,470.4,279.2,375.8,30.6,20.84,12.2,36271,511750,3692443,0,0.1,5603,15535,759.53,39.7,0,606630,0,0,159851633,0,6.36,510922,1410706,0,8750944,18748644,9310667,11970529
1/04/2021,0,-29.28,-59.77,556.4,3909,0,0,30.56,17.93,0,170.3,340,276.2,382.3,28.6,18.15,9.3,44492,451322,3605990,0,0,14194,13030,775.24,59.69,0,939374,0,0,224030450,0,0,3222257,2051042,0,13798041,15966043,9955696,12003210
1/05/2021,0,-22.78,-83.06,494.5,4511,0,0.02,25.99,37.4,0,323.5,363.7,236,285.3,25.9,15.66,7.8,59925,400082,4152895,0,15.67,12054,27705,770.07,134.98,0,991614,0,0,522632232,0,914.6,5527738,9580199,0,83601977,30091260,13111145,13146135
1/06/2021,0,-55.31,-84.23,491.8,4909,0,0.39,144.4,72.03,0,327.7,452,145,241.6,21.5,12.95,5.9,63142,383551,4513788,0,278.7,65903,53648,773.73,182.19,0,2963036,0,0,537553057,0,156912,20943474,17880243,0,55365727,43745110,11026605,17262676
1/07/2021,0,-101,-49.75,620.5,4953,0,0.56,102.6,111.4,0,201,568.5,169.1,292.6,25,12.77,5.2,36138,484161,4578458,0,396.3,46601,81606,783.93,136.22,0,5429121,0,0,636495224,0,112694,19919326,29834945,0,59095744,56103861,14146390,22698616
1/08/2021,0,-19.33,-63.36,559.6,4447,0,0.04,27.58,31.33,0,126.6,512.1,261.1,394.7,25.4,14.39,7.9,44712,430358,4103782,0,31.33,12671,22714,769.18,64.58,0,293655,0,0,288788250,0,3495,2871251,3535711,0,12013250,28562044,9139375,11905036
1/09/2021,0,-30.15,-52.26,468.3,3711,0,0,75.9,17.35,0,140.3,500.1,326.7,485.9,30,16.24,7.3,33366,355440,3423416,0,0,34124,12609,735.32,52.14,0,-175263,0,0,197087903,0,0,5961306,1763466,0,9665035,22557840,8023310,9867682
1/10/2021,0,-36.67,-50.49,468.6,3540,0,0,56.58,1.28,0.02,246.4,474.8,367,573.9,32.6,18.23,10.3,34013,377819,3272704,0,0,25503,953.1,718.89,60.03,0,-369197,0,0,221535416,0,0,4802994,157088,932.2,18600223,25215666,13390443,16495724
1/11/2021,-0.09,-14.14,-57.65,460.9,3681,0,0.03,52.63,7.57,0.09,182.3,488,260.1,469,29.7,18.75,12.9,40987,354266,3399181,0,23.55,23608,5625,739.36,66.02,5774,365636,0,0,260672685,0,2145,3963682,446927,5533,13141822,36090179,20097943,23712420
1/12/2021,-0.91,-13.68,-120.6,485.9,3733,0,0.1,81.41,9.96,0.74,246,377.6,577.2,621.2,34.2,20.97,14,82575,392142,3451419,0,74.02,36500,7275,707.65,70.32,43964,225354,0,0,264467116,0,15626,7220383,1047744,54466,20237026,24818297,31729034,32754577
1/01/2022,-1.5,-8.61,-275.4,332.3,4233,0,0.01,182.5,4.79,1.16,269,459.8,535,580.8,30.2,23.45,17.4,193230,281983,3914685,0,6.18,81841,3491,713.32,79.13,108645,378893,0,0,336052204,0,612.1,15634849,751793,115492,23452345,32669205,38514350,43023899
1/02/2022,-2,-30.71,-204.4,279.2,3674,0,0.19,159.6,19.09,1.67,252.1,470.4,496.7,495.7,31.7,22.13,15.8,137786,223629,3378771,0,133.7,71589,14214,694.03,85.56,145028,1257771,0,0,303475527,0,12047,14687458,2189926,182284,24400946,35828339,35424291,35611398
1/03/2022,-2.27,-12.4,-63.47,460.3,3706,0,0,250.1,30.63,1.86,215.2,471.5,468.8,420.4,28.5,21,15.2,40188,382223,3421412,0,0,111989,23721,705.57,102.24,195688,930320,0,0,379194576,0,0,25855832,3596726,247366,23972764,46435721,42098983,36371602
1/04/2022,-3.36,-47.9,-68.66,419.4,3649,0,0.02,131,46.63,2.92,187.6,461.2,359.3,385.5,29.7,18.91,13.3,45768,333906,3371155,0,22.16,60840,35773,731.13,192.85,455344,4391539,0,0,700561663,0,4560,26026453,12574453,707708,48690642,83172066,49542616,51033017
1/05/2022,-3.06,-117.7,-47.33,497.8,3903,0,0.81,253.3,110.8,2.59,449.6,516.9,302.7,309.1,26.3,15.93,8.4,29220,389913,3588727,0,767.7,114241,85591,707.06,333.64,895831,27868039,0,0,1317398040,0,509113,90690347,57786934,1824936,216750422,159011591,70040872,66277785
1/06/2022,-3.25,-112,-15.64,905.2,3950,0,0.96,274.2,255.4,2.73,430.7,566.3,233.7,324.1,21.4,12.59,6.2,10151,661168,3623908,0,774,125537,191784,707.89,411.6,1144704,31574802,0,0,1640621616,0,515783,114985434,108881809,1848628,222048281,222004340,71580281,97716331
1/07/2022,-4.21,-93.69,-89.96,654.4,4595,0,0.62,161.5,161.3,3.57,388,616.6,310.8,318.3,21.2,12.63,5,58554,467412,4203866,0,440.8,72664,124954,717.61,384.22,1218268,21061631,0,0,1729650627,0,312889,71857304,80010668,1689375,181698775,205556066,86653218,77625838
1/08/2022,-2.11,-49.83,-69.16,589.1,4467,0,0.04,109.7,9.68,1.7,214.4,607.7,338.6,417.3,24.4,14.28,7.1,45996,405735,4111663,0,30.36,49524,7091,728.35,155.46,195334,3417712,0,0,707909811,0,7295,20893309,2600728,392333,41979477,80524418,33651665,35818730
1/09/2022,-1.94,-72.4,-71.23,560.4,3862,0,0.01,103.4,9.79,1.52,228.7,479.6,376.9,497.3,24.2,15.64,8.5,45416,398223,3565508,0,8.9,46553,7205,725.26,161.15,142561,2344571,0,0,636346648,0,902.3,20419817,2240603,348566,46878465,69791659,33226573,35476901
1/10/2022,-1.89,-32.54,-114.9,533.7,3641,0,0.03,98.39,13.31,1.51,252.8,520.3,399.9,552.1,28.3,17.94,10,75621,387687,3348079,0,27.98,44173,10022,699.29,157.79,172034,2182609,0,0,571818619,0,7242,18279441,2787832,299224,44326225,75944409,38797469,54088686
1/11/2022,-2.4,-43.64,-173,374.5,3272,0,0.05,48.22,6.57,1.95,340.6,475.8,523.2,781.5,27.9,18.87,10,106905,254063,3017540,0,53.82,21695,5056,661.61,118.48,160682,1407844,0,0,401115593,0,6946,6063664,1064301,294104,49995195,51063068,35460613,46453107
1/12/2022,-1.61,-68.21,-140.9,573.8,3248,0,0.03,28.97,3.54,1.23,302.9,468,653.7,795.5,29.5,20.07,12.7,84337,424946,2995228,0,23.87,12990,2764,661.14,86.76,55726,-141235,0,0,295003124,0,11257,3318364,157483,143675,33230009,40423902,25763809,24718067
1/01/2023,-1.59,-32.83,-109.9,530.4,3615,0,0.06,52.83,14.74,1.17,348.9,451.1,631.9,724.6,30.1,22.18,15.1,67480,398538,3333938,0,56.75,23852,11055,672.5,98.2,136319,1230496,0,0,366267301,0,19194,6324399,2044113,158309,41152208,43026303,46512525,54113301
1/02/2023,-1.49,-31.02,-124.5,475.9,3627,0,0.22,2.52,13.23,1.14,162.7,459.5,608.6,696.3,30.3,22.92,17.1,75735,346902,3342386,0,166.1,1199,9991,697.93,93.89,98908,707731,0,0,351291276,0,60353,414323,2565431,142017,19480705,40353245,42614727,47606762
1/03/2023,-2.17,-35.16,-93.27,509.1,3810,0,0.2,218.4,22.42,1.62,263.8,489.6,518.2,631,37.6,22.61,14.4,60401,375929,3511566,0,168.2,98104,17093,691.33,127.93,176457,1528759,0,0,489846870,0,554844,29333119,18726129,550344,61902331,55305686,43557352,41667575
1/04/2023,-2.89,-65.17,-73.61,582.4,3365,0,0.05,161.6,23.86,2.41,206.8,426.4,414.3,502.1,27.3,18.11,10.9,49674,421349,3102326,0,42.77,73041,17686,707.13,116.71,188134,1977082,0,0,409691040,0,20634,22595163,5986712,497163,38111799,40790279,27958000,27925340
1/05/2023,-3.31,-66.52,-71.65,731.1,4011,0,0.62,150.5,73.74,2.74,371.3,462.1,347.6,481.8,23.5,14.39,6.8,47592,521747,3652209,0,529.3,68650,54482,707.25,211.33,381190,5457362,0,0,841072100,0,581274,33431917,37355832,1072520,125713423,84274598,36839962,46429065
1/06/2023,-2.47,-44.52,-83.61,704.4,4299,0,0.49,109.1,14.21,1.99,352.5,567.3,294.4,376.7,21.7,13.6,5.3,57857,484449,3914512,0,386.1,49510,10366,708.44,112.67,166381,2065012,0,0,496204697,0,229224,16042364,4347656,443989,57184289,52457935,17658001,21421034
1/07/2023,-3.38,-39.55,-51.02,811.5,4115,0,0.01,102.6,34.49,2.79,324.8,521.4,367.7,444,25.1,13.89,5.2,34118,556654,3746701,0.02,5.65,46583,25076,701.69,90.49,153836,841051,0,0,395452191,94.24,285.8,13294058,5672700,422959,38637629,38237537,14762592,14295176
1/08/2023,-4.8,-53.83,-33.12,873.5,3647,20.32,0.4,102,64.12,3.97,326.3,413.7,494.2,540.8,27.1,14.55,7.7,19395,635766,3320146,365.8,282.4,46430,46567,688.47,102.47,253990,1222180,0,0,382659337,1815750,218069,15814932,15333127,852779,54445418,33822736,19680767,16238974
1/09/2023,-7.48,-65.25,-63.91,688.9,3155,17.35,0,22.18,18.89,6.15,171,455,651.7,732.5,34.4,17.33,7.4,29606,480738,2871812,312.2,0,10182,13723,662.87,72.92,190400,305240,0,0,251701148,1121659,0,2594850,3681160,796420,20286462,28710311,13509149,5731293
1/10/2023,-8.02,-57.98,-119.7,595.3,3136,18.43,0.15,8.47,11.03,6.19,231.5,563.4,578.5,879.8,35.6,18.9,9.9,67033,401889,2854917,331.7,108.4,3843,8137,645.18,47.67,-37609,-1403520,0,0,172177196,744724,1389,710460,1314787,586727,15986083,23134670,6108017,-429892
1/11/2023,-9.79,-31.14,-114.3,570,3044,10.06,1.22,48.26,78.63,7.85,330,442.8,682,765.8,31.6,20.28,13.7,63447,401384,2771165,181,882.8,21989,57646,630.45,93.53,488152,437395,0,0,281804670,1077768,264338,7324451,15992207,1763206,45417231,36720892,41628946,37890923
1/12/2023,-10.29,-17.02,-229.6,451,3719,16.51,0.1,56.66,30.17,8.2,260.1,501.3,778.6,899.5,38.9,22.81,15.8,142754,304348,3386748,297.2,83.08,25491,22338,646.31,75.59,440868,133.7,0,0,290960741,1256684,22647,6210860,4289877,1060397,29462218,32459721,39207730,39021756
1/01/2024,-11.43,-36.69,-253.3,390.3,4050,15.33,0.26,6.6,35.25,9.35,201.9,575.1,775.3,806.2,38.4,23.8,18,163347,295030,3687580,276,230.8,3048,24623,668.19,92.54,576416,1370298,0,0,364430014,1466756,169779,4601785,9932692,1867097,45438521,45802034,49731823,44201634
1/02/2024,-12.5,-41.64,-192.7,377.8,3895,13.75,0.47,23.86,52.89,10.35,213.7,500.2,724.7,734,36.6,23.29,15.9,121616,285601,3546524,247.5,351.2,11149,37669,675.53,137.82,904631,1632710,0,0,499685572,1841506,888095,11834700,25955248,3198094,78953142,45239981,63763228,71903485
1/03/2024,-13.34,-48.98,-168.7,386.4,3881,14.26,0.07,3.8,90.02,10.98,186.7,490.4,670.1,753.2,31.6,22.08,13.7,103604,281197,3533804,256.6,46.25,1790,53462,684.56,74.54,600524,1642309,0,0,300926708,1032805,2946,458658,7679175,1302097,18842235,35071900,32168678,34166780
1/04/2024,-12.58,-35.51,-175.2,421.7,3661,13.8,0.32,4.87,72.4,10.46,165.5,422.5,525.2,601.1,28.3,18.87,11.6,111983,303573,3332883,248.4,237,2684,50594,705.15,95.32,672485,684680,0,0,367018764,1227426,58840,1089513,9887389,1589627,23146774,35262263,23635901,22757571
1/05/2024,-15.53,-80.15,-108.3,533.2,4164,12.96,1.22,41.77,153.5,12.89,198.3,505.8,429.4,470.1,24.1,15.67,8.8,70937,387946,3791079,233.3,904.7,20225,113800,725.46,298.74,2280443,5690148,0,0,1069480795,4588936,3898430,32280920,124757167,9626343,233019904,118684106,53677913,45482098
1/06/2024,-15.22,-82.94,-94.91,616.7,4590,17.74,1.86,143.3,157.2,12.88,198.9,445.3,347,403.4,21.7,12.79,5.7,63976,442618,4178841,319.3,1349,66048,111938,747.44,162.62,1854859,5173791,0,0,737666008,2871476,578132,32178414,40400292,3181051,53564208,55481777,32583660,35384116
1/07/2024,-16.29,-84.64,-163.9,489.7,4734,15.62,0.03,81.94,98.31,13.68,248.1,750,391.3,496.8,22.3,12.91,6.5,110316,323473,4310110,281.1,24.4,38306,68430,706.07,138.89,1357248,4324022,0,0,661153110,1974703,3743,17591275,20150851,3664909,64968450,83314362,24591737,27135649
1/08/2024,-9.71,-88.23,-112.2,578.3,3954,17.77,0.48,61.58,116.5,7.45,281.2,563.2,483.3,615.7,30.2,15.89,7,71043,376256,3600370,319.9,357.4,28995,82971,686.45,209.71,1173528,2031518,0,0,833770063,3286972,552347,26088831,59814812,6265595,127882767,51891361,35983175,24796372
1/09/2024,-4.69,-94.36,-65.72,673.5,2982,18.66,0.5,19.1,54.21,3.57,200.3,723.9,474.6,814.9,29.4,17.35,6.7,34489,459857,2715081,335.9,356.6,8716,39211,639.66,66.53,-13355,-1258182,0,0,224809500,1118590,78971,2288051,5948259,548190,24802288,39517163,2299513,-6863501
