date,Battery (Charging) -  GWh,Pumps -  GWh,Exports -  GWh,Imports -  GWh,Coal (Black) -  GWh,Bioenergy (Biomass) -  GWh,Distillate -  GWh,Gas (CCGT) -  GWh,Gas (OCGT) -  GWh,Gas (Waste Coal Mine) -  GWh,Battery (Discharging) -  GWh,Hydro -  GWh,Wind -  GWh,Solar (Utility) -  GWh,Solar (Rooftop) -  GWh,Temperature Max - C,Temperature Mean - C,Temperature Min - C,Exports Emissions Vol - tCO2e,Imports Emissions Vol - tCO2e,Coal (Black) Emissions Vol - tCO2e,Bioenergy (Biomass) Emissions Vol - tCO2e,Distillate Emissions Vol - tCO2e,Gas (CCGT) Emissions Vol - tCO2e,Gas (OCGT) Emissions Vol - tCO2e,Gas (Waste Coal Mine) Emissions Vol - tCO2e,Emissions Intensity - kgCO2e/MWh,Volume Weighted Price - AUD/MWh,Battery (Charging) Market Value - AUD,Pumps Market Value - AUD,Exports Market Value - AUD,Imports Market Value - AUD,Coal (Black) Market Value - AUD,Bioenergy (Biomass) Market Value - AUD,Distillate Market Value - AUD,Gas (CCGT) Market Value - AUD,Gas (OCGT) Market Value - AUD,Gas (Waste Coal Mine) Market Value - AUD,Battery (Discharging) Market Value - AUD,Hydro Market Value - AUD,Wind Market Value - AUD,Solar (Utility) Market Value - AUD,Solar (Rooftop) Market Value - AUD
1/12/1998,0,-2.78,0,0,2560,0,6.62,10.99,0.41,0,0,45.23,0,0,0,0,0,0,0,0,2514855,0,6611,10918,357.2,0,0,33.18,0,129392,0,0,58819820,0,217118,205433,0,0,0,1099228,0,0,0
1/01/1999,0,-20.19,0,0,3217,0,1.84,10.85,0,0,0,84.34,0,0,0,0,0,0,0,0,3168515,0,1847,11597,0,0,0,111.89,0,6869989,0,0,309789820,0,58359,905648,0,0,0,9559595,0,0,0
1/02/1999,0,-9.67,0,0,2947,0,0.57,10.16,5.12,0,0,82.54,0,0,0,0,0,0,0,0,2895123,0,568.5,11170,3876,0,0,57.79,0,1667730,0,0,146489239,0,11906,351764,159655,0,0,3912489,0,0,0
1/03/1999,0,-26.56,0,0,3230,0,5.73,14.53,10.89,0,0,114.3,0,0,0,0,0,0,0,0,3180330,0,5768,14660,8240,0,0,52.57,0,3010354,0,0,147962756,0,238045,485555,359980,0,0,5335858,0,0,0
1/04/1999,0,-7.57,0,0,2992,0,0.55,13.76,4.06,0,0,98.52,0,0,0,0,0,0,0,0,2927742,0,549.6,15016,3073,0,0,39.09,0,168136,0,0,103827063,0,10127,322234,96692,0,0,3488793,0,0,0
1/05/1999,0,-9.87,0,0,3132,0,1.69,15.49,3.25,0,0,94.08,0,0,0,0,0,0,0,0,3058922,0,1683,16988,2476,0,0,28.78,0,209078,0,0,85680815,0,30501,387995,119291,0,0,2597149,0,0,0
1/06/1999,0,-7.97,0,0,3186,0,0.11,15.8,3.7,0,0,77.05,0,0,0,0,0,0,0,0,3100579,0,112.5,17290,2801,0,0,34.13,0,173906,0,0,101295108,0,1673,460460,119190,0,0,2428412,0,0,0
1/07/1999,0,-3.41,0,0,3270,0,0,15.99,1.13,0,0,49.27,0,0,0,0,0,0,0,0,3203440,0,0,17537,856.5,0,0,28.7,0,67539,0,0,88251940,0,0,355006,21259,0,0,1274005,0,0,0
1/08/1999,0,-16.76,0,0,3182,0,3.31,12.36,8.45,0,0,60.91,0,0,0,0,0,0,0,0,3142263,0,3311,13325,6392,0,0,63.55,0,775602,0,0,186886849,0,143051,746478,803577,0,0,3914368,0,0,0
1/09/1999,0,-1.73,0,0,3023,0,0,16.15,2.04,0,0,42.85,0,0,0,0,0,0,0,0,2973615,0,0,17739,1622,0,0,34.73,0,47298,0,0,97704488,0,0,473746,38735,0,0,1469349,0,0,0
1/10/1999,0,-2.75,0,0,3206,0,3.97,16.28,11.18,0,0,49.9,0,0,0,0,0,0,0,0,3151494,0,3965,17726,9201,0,0,31.89,0,46454,0,0,93658429,0,127466,360257,196934,0,0,1385612,0,0,0
1/11/1999,0,-4.24,0,0,3135,0,1.37,11.57,14.51,0,0,55.84,0,0,0,0,0,0,0,0,3068198,0,1365,12506,11819,0,0,34.2,0,159825,0,0,95994741,0,70580,293613,298775,0,0,1518790,0,0,0
1/12/1999,0,-1.64,0,0,3261,0,0.06,14.02,19.78,0,0,59.12,0,0,0,33,21.97,15.9,0,0,3206068,0,61.15,15415,16295,0,0,33.69,0,37971,0,0,101162683,0,956.3,323867,407028,0,0,1649362,0,0,0
1/01/2000,0,-14.75,0,0,3343,0,9.73,15.15,11.78,0,0,68.03,0,0,0,40,24.2,17,0,0,3292410,0,9741,15532,9185,0,0,127.12,0,9477294,0,0,373141972,0,2247601,994016,1994035,0,0,7366976,0,0,0
1/02/2000,0,-4.26,0,0,3164,0,1.85,15.77,8.19,0,0,87.51,0,0,0,31,23.62,17,0,0,3105554,0,1851,17004,6413,0,0,34.88,0,141297,0,0,103955349,0,63234,474219,258307,0,0,2880795,0,0,0
1/03/2000,0,-25.82,0,0,3384,0,11.96,17.51,19.98,0,0,115.1,0,0,0,32,23.74,18,0,0,3330716,0,11946,18718,15534,0,0,68.88,0,3879121,0,0,207239186,0,695666,864601,1064698,0,0,7119637,0,0,0
1/04/2000,0,-10.88,0,0,3141,0,2.03,12.98,8.87,0,0,101.8,0,0,0,30,21.31,15,0,0,3089447,0,2027,14055,6858,0,0,43.82,0,762136,0,0,126245579,0,222525,552336,381741,0,0,4048555,0,0,0
1/05/2000,0,-17,0,0,3265,0,1.63,15.59,9.3,0,0,109.5,0,0,0,28,18.5,7,0,0,3217836,0,1629,16945,7124,0,0,61.34,0,782731,0,0,183876055,0,935262,1027445,1515538,0,0,7716646,0,0,0
1/06/2000,0,-30.42,0,0,3329,0,6.64,15.83,17.27,0,0,95.69,0,0,0,27,15.02,6,0,0,3273842,0,6643,16853,13263,0,0,43.5,0,1207034,0,0,135640637,0,302217,694162,854456,0,0,4225433,0,0,0
1/07/2000,0,-21.22,0,0,3442,0,4.64,13.77,14.95,0,0,62.73,0,0,0,26,14.49,3,0,0,3378299,0,4639,14809,11509,0,0,62.39,0,745133,0,0,196833260,0,637309,1010452,1422224,0,0,4247905,0,0,0
1/08/2000,0,-19.25,0,0,3397,0,2.25,14.5,17.3,0,0,40.37,0,0,0,28,15.97,5.8,0,0,3314797,0,2243,15882,13258,0,0,45.17,0,697680,0,0,143976594,0,89106,579712,759892,0,0,1582631,0,0,0
1/09/2000,0,-5.79,0,0,3239,0,0.05,15.01,5.81,0,0,23.28,0,0,0,32,19.65,7,0,0,3139455,0,48.64,16473,4445,0,0,31.55,0,145292,0,0,95753044,0,1663,375302,152149,0,0,638061,0,0,0
1/10/2000,0,-8.79,0,0,3398,0,3.57,15.56,10.91,0,0,29.28,0,0,0,35.2,21.11,13,0,0,3339351,0,3568,16890,8400,0,0,55.28,0,738729,0,0,171725208,0,135078,791093,463186,0,0,1325545,0,0,0
1/11/2000,0,-2.82,0,0,3296,0,8.74,16.12,6.29,0,0,31.77,0,0,0,33,21.54,14,0,0,3229006,0,8727,17425,4765,0,0,43.79,0,109697,0,0,129165904,0,223140,502142,188609,0,0,1208566,0,0,0
1/12/2000,0,-8.9,0,0,3407,0,5.28,13.53,8.9,0,0,73.13,0,0,0,34,24.24,16.7,0,0,3344029,0,5277,14525,6866,0,0,44.8,0,1222147,0,0,139625199,0,254260,457299,382954,0,0,2952690,0,0,0
1/01/2001,0,-15.88,0,0,3504,0,2.62,10.61,9.23,0,0,92.13,0,0,0,35,25.23,17,0,0,3446292,0,2623,11600,7030,0,0,62.48,0,3639028,0,0,190773265,0,77836,382702,292539,0,0,4426439,0,0,0
1/02/2001,0,-24.73,0,0,3256,0,0.51,10.2,8,0,0,107,0,0,0,34,24.17,18,0,0,3196406,0,506.3,11144,6060,0,0,33.98,0,1213103,0,0,102952753,0,11056,280907,218946,0,0,3359770,0,0,0
1/03/2001,0,-43.79,0,0,3551,0,1.84,13.61,10.06,0,0,130,0,0,0,33,24.79,18,0,0,3477008,0,1846,14793,7648,0,0,55.07,0,4391349,0,0,174234978,0,73645,612590,543161,0,0,6410729,0,0,0
1/04/2001,0,-19.1,0,0,3473,0,0.03,6.16,0.66,0,0,106.5,0,0,0,30,21.29,13,0,0,3400948,0,32.28,6697,527.3,0,0,31.46,0,618289,0,0,104062078,0,641.7,185874,20531,0,0,3192409,0,0,0
1/05/2001,0,-27.82,0,0,3621,0,0,15.72,1.91,0,0,88.04,0,0,0,28,17.82,6.9,0,0,3553726,0,3.24,17225,1446,0,0,39.26,0,1143217,0,0,136507121,0,68.41,565828,77566,0,0,3251539,0,0,0
1/06/2001,0,-16.6,0,0,3348,0,0.35,14.82,1.33,0,0,63.45,0,0,0,26,16.46,6,0,0,3305045,0,352.2,16169,1010,0,0,37.24,0,488453,0,0,120805624,0,8599,459868,36416,0,0,2223373,0,0,0
1/07/2001,0,-25.98,0,0,3717,0,0.01,15.01,0.16,0,0,80.86,0,0,0,25.3,15.23,3,0,0,3633412,0,6.42,16501,117.5,0,0,28.27,0,744535,0,0,101463039,0,113.2,401276,2778,0,0,2135274,0,0,0
1/08/2001,0,-29.5,0,0,3826,0,0.63,15.69,0.8,0,0,78.65,0,0,0,27,15.95,5,0,0,3734447,0,627,17103,628.6,0,0,30.69,0,930421,0,0,113145695,0,12086,438088,17049,0,0,2233032,0,0,0
1/09/2001,0,-14.79,0,0,3583,0,0,14.63,0,0,0,51,0,0,0,29,18.37,8,0,0,3511175,0,0,16076,0,0,0,27.26,0,432516,0,0,93541801,0,0,351519,0,0,0,1299372,0,0,0
1/10/2001,0,-30.13,0,0,3764,0,1.66,16.65,5.97,0,0,70.43,0,0,0,36.2,21.16,13,0,0,3658038,0,1656,18054,4625,0,0,40.64,0,2383374,0,0,140508779,0,45745,417601,159864,0,0,2233306,0,0,0
1/11/2001,0,-7.41,0,0,3666,0,19.41,15.98,0.8,0,0,43.32,0,0,0,34,22.22,13,0,0,3499107,0,19380,17396,605.8,0,0,25.01,0,225454,0,0,89275414,0,415011,356491,17314,0,0,1038932,0,0,0
1/12/2001,0,-21.14,0,0,3929,0,42.52,23.93,1.62,0,0,38.87,0,0,0,40,25.31,17,0,0,3776876,0,42472,20296,1261,0,0,31.58,0,810366,0,0,116494199,0,1014003,584129,49678,0,0,1139597,0,0,0
1/01/2002,0,-41.26,0,0,3864,0,20.46,18.35,4.04,0,0,49.7,0,0,0,38,25.97,18,0,0,3774866,0,20434,18116,3062,0,0,50.05,0,3124008,0,0,176945888,0,478807,686873,100407,0,0,1646153,0,0,0
1/02/2002,0,-33.95,0,0,3570,0,26.39,14.59,4.07,0,0,58.49,0,0,0,34.1,25.91,18.7,0,0,3480741,0,26357,15055,3087,0,0,45.61,0,2351186,0,0,148835063,0,1027792,565374,98752,0,0,1824134,0,0,0
1/03/2002,0,-16.87,0,0,4025,0,12.24,15.67,2.22,0,0,32.47,0,0,0,35,24.04,16.7,0,0,3907134,0,12219,16789,1696,0,0,40.49,0,780756,0,0,150428788,0,274411,629912,55104,0,0,1122548,0,0,0
1/04/2002,0,-20.09,0,0,3786,0,2.55,15.73,1.25,0,0,27.7,0,0,0,32,21.68,14,0,0,3685747,0,2549,15947,954.7,0,0,96.99,0,3908548,0,0,304946694,0,56382,989902,26860,0,0,1373250,0,0,0
1/05/2002,0,-14.35,0,0,4004,0,5.87,19.91,5.48,0,0,31.89,0,0,0,28,18.17,7.9,0,0,3896009,0,5874,20999,4231,0,0,74.59,0,672106,0,0,275239374,0,291259,1203750,178008,0,0,1513859,0,0,0
1/06/2002,0,-19.67,0,0,3918,0,0.31,28.42,4.65,0,0,29.87,0,0,0,29,16.13,5,0,0,3794250,0,317,30600,3640,0,0,67.52,0,949599,0,0,240411540,0,5398,2802334,81715,0,0,1129961,0,0,0
1/07/2002,0,-24.94,0,0,4028,0,0.23,29.43,11.76,0,0,28.78,0,0,0,25.1,14.14,4.7,0,0,3910211,0,236.4,32121,8987,0,0,64.92,0,788811,0,0,239247849,0,4039,1238248,628461,0,0,1465268,0,0,0
1/08/2002,0,-33.52,0,0,3874,0,0.37,51.81,3.14,0,0,30.55,0,0,0,27,16.07,7,0,0,3757682,0,368.2,56650,2382,0,0,33.46,0,1145008,0,0,122398420,0,12364,1808070,94496,0,0,926582,0,0,0
1/09/2002,0,-40.77,0,0,3768,0,0.82,22.82,0.46,0,0,31.39,0,0,0,31,19.61,10,0,0,3608230,0,822.5,24686,345.5,0,0,34.18,0,1320082,0,0,121225022,0,21454,627287,7515,0,0,934258,0,0,0
1/10/2002,0,-27.19,0,0,3893,0,0.38,86.46,3.19,0,0,19.49,0,0,0,37,21.31,11.8,0,0,3732881,0,379,94348,2508,0,0,36.49,0,1267521,0,0,133686520,0,7330,2291309,98540,0,0,624880,0,0,0
1/11/2002,0,-24.92,0,0,3954,0,1.64,85.31,2.23,0,0,22.85,0,0,0,31,23.01,15.7,0,0,3821746,0,1636,93004,1718,0,0,39.95,0,1062906,0,0,148752605,0,30851,2770361,180311,0,0,1103895,0,0,0
1/12/2002,0,-42.09,0,0,4047,0,5.17,77.65,5.05,0,0,34.11,0,0,0,37,24.5,13.7,0,0,3902644,0,5160,82076,3888,0,0,47.18,0,2411807,0,0,170522105,0,336856,2261935,247237,0,0,1683145,0,0,0
1/01/2003,0,-31.98,0,0,4147,0,0,69.8,1.9,0,0,29.96,0,0,0,32,24.65,17,0,0,3988239,0,0,75985,1445,0,0,29.8,0,1543374,0,0,115369505,0,0,1503086,41181,0,0,669207,0,0,0
1/02/2003,0,-24.71,0,0,3828,0,0.88,78.97,0,0,0,31.28,0,0,0,33.3,24.29,19.6,0,0,3653412,0,881.5,86221,0.39,0,0,25.09,0,540070,0,0,92417142,0,47140,1947121,8.13,0,0,518800,0,0,0
1/03/2003,0,-39.2,0,0,4272,0,5.3,59.36,0.8,0,0,55.1,0,0,0,34.6,22.95,16.4,0,0,4024984,0,5294,64365,658.8,0,0,16.61,0,666988,0,0,68712605,0,72316,889113,14284,0,0,832770,0,0,0
1/04/2003,0,-20.11,0,0,3916,0,5.04,75.26,0.03,0,0,22.25,0,0,0,29.2,20.87,14.2,0,0,3684105,0,5035,82029,22.63,0,0,16.32,0,331330,0,0,62162122,0,70981,1220596,334.8,0,0,333727,0,0,0
1/05/2003,0,-23.59,0,0,4235,0,0,80.35,0.54,0,0,25.07,0,0,0,30.7,18.14,9.1,0,0,3983415,0,0,87783,415.6,0,0,18.04,0,380595,0,0,74433533,0,0,1400929,6778,0,0,416160,0,0,0
1/06/2003,0,-27.27,0,0,3988,0,0.27,56.38,3.12,0,0,34.04,0,0,0,26.3,16.26,6.4,0,0,3802442,0,273.1,61409,2382,0,0,42.6,0,531887,0,0,160104053,0,4718,4694254,128217,0,0,1795736,0,0,0
1/07/2003,0,-23.17,0,0,4429,0,0.18,0.46,1.72,0,0,29.2,0,0,0,23.9,14.8,3.5,0,0,4199971,0,183.1,490.3,1304,0,0,44.19,0,394898,0,0,177010124,0,2717,11710,28031,0,0,1911124,0,0,0
1/08/2003,0,-21.72,0,0,4278,0,0.1,46.56,1.08,0,0,46.03,0,0,0,28,16.03,6.3,0,0,4062747,0,99.86,50801,824.8,0,0,17.28,0,372558,0,0,71789636,0,1586,784149,15118,0,0,772391,0,0,0
1/09/2003,0,-23.28,0,0,4215,0,0.01,46.25,0.15,0,0,41.12,0,0,0,34.9,20.26,9,0,0,3989976,0,13.53,50454,113.8,0,0,17.27,0,433186,0,0,70113150,0,198.3,719255,1994,0,0,674315,0,0,0
1/10/2003,0,-31.38,0,0,4395,0,0.81,53.78,0.12,0,0,37.46,0,0,0,35,20.38,10.7,0,0,4136648,0,811.9,58502,94.43,0,0,16.67,0,561438,0,0,70605000,0,12432,784279,1417,0,0,580969,0,0,0
1/11/2003,0,-44.73,0,0,4290,0,2.15,47.63,0.1,0,0,33.77,0,0,0,32.4,21.94,13.2,0,0,4065650,0,2145,51677,81.62,0,0,21.74,0,945738,0,0,96094800,0,34369,1504614,2400,0,0,606153,0,0,0
1/12/2003,0,-52.51,0,0,4319,0,3.57,58.77,1.92,0,0,41.25,0,0,0,34.5,24.37,17,0,0,4066648,0,3563,63973,1531,0,0,21.44,0,1402676,0,0,87068554,0,56788,1029061,34481,0,0,713122,0,0,0
1/01/2004,0,-54.71,0,0,4508,0,4.58,70.82,2.61,0,0,65.93,0,0,0,38,26.07,17.9,0,0,4238366,0,4578,77199,2033,0,0,26.25,0,1937837,0,0,108794946,0,98919,1420193,62199,0,0,1498521,0,0,0
1/02/2004,0,-53.67,0,0,4325,0,8.61,75.98,4.51,0,0,108.5,0,0,0,41.7,26.47,16.5,0,0,4097397,0,8602,82969,3464,0,0,46.54,0,4052154,0,0,170131924,0,202946,2027145,99404,0,0,3799420,0,0,0
1/03/2004,0,-55.8,0,0,4451,0,2.08,74.67,3.37,0,0,97.81,0,0,0,33.6,24.06,16.9,0,0,4220498,0,2084,81463,2764,0,0,21.98,0,1336231,0,0,94730458,0,47678,1530596,70457,0,0,2049306,0,0,0
1/04/2004,0,-60.39,0,0,4061,0,1,60.56,2.96,0,0,88.76,0,0,0,30.3,21.83,14.3,0,0,3888561,0,1001,66079,2502,0,0,28.94,0,1952993,0,0,111978737,0,29059,1589191,69233,0,0,2315285,0,0,0
1/05/2004,0,-65.71,0,0,4161,0,0.67,72.88,16.02,0,0,103.1,0,0,0,27.5,17.69,6.6,0,0,3961514,0,665.3,79591,13289,0,0,31.1,0,1960694,0,0,124279112,0,18103,2156974,434118,0,0,2937719,0,0,0
1/06/2004,0,-63.25,0,0,4088,0,0.81,88.95,26.09,0,0,89.7,0,0,0,27.7,15.79,5.6,0,0,3881015,0,813.4,97167,21339,0,0,29.03,0,1516483,0,0,113160040,0,14480,2192837,492382,0,0,2378012,0,0,0
1/07/2004,0,-71.52,0,0,4383,0,1.7,92.92,21.43,0,0,84.76,0,0,0,28.2,15.47,3.6,0,0,4141383,0,1697,101243,17784,0,0,29.93,0,1920824,0,0,124412326,0,34804,2228455,740240,0,0,2203276,0,0,0
1/08/2004,0,-74.86,0,0,4157,0,1.75,86.57,17.27,0,0,82.81,0,0,0,27.2,16.26,5,0,0,3870392,0,1749,94560,14257,0,0,25.14,0,2038097,0,0,100839508,0,57829,2019934,332891,0,0,1872959,0,0,0
1/09/2004,0,-69.68,0,0,3950,0,1.7,97.03,25.44,0,0,82.32,0,0,0,29.9,18.34,9.3,0,0,3555634,0,1698,105950,20826,0,0,78.24,0,10134378,0,0,248463566,0,38502,3616027,731843,0,0,4363023,0,0,0
1/10/2004,0,-77.65,0,0,4038,0,5.63,91.02,34.85,0,0,86.97,0,0,0,38.7,22.01,13,0,0,3789227,0,5627,95927,28728,0,0,49.7,0,5339647,0,0,187245056,0,172701,4013577,1274116,0,0,3230616,0,0,0
1/11/2004,0,-65.38,0,0,4224,0,6.01,104.4,17.8,0,0,55.57,0,0,0,34,22.8,14.4,0,0,3970831,0,6005,105691,14154,0,0,55.25,0,6179487,0,0,202999340,0,167818,3874295,536478,0,0,1827271,0,0,0
1/12/2004,0,-53.02,0,0,4520,0,7.06,135,20.58,0,0,61.1,0,0,0,37.6,24.24,15.8,0,0,4263881,0,7054,118819,16613,0,0,31.28,0,1870366,0,0,133042128,0,197780,3867306,594325,0,0,1525767,0,0,0
1/01/2005,0,-70.16,0,0,4581,0,2.61,185.2,3.61,0,0,88.99,0,0,0,35.3,25.23,17.9,0,0,4336617,0,2613,171892,2830,0,0,23.01,0,2021038,0,0,100263486,0,46854,3878742,71801,0,0,1833075,0,0,0
1/02/2005,0,-60.49,0,0,4273,0,7.45,203.8,2.06,0,0,72.76,0,0,0,34.8,25.86,18.3,0,0,4023614,0,7440,177069,1593,0,0,19.99,0,1383885,0,0,81873603,0,118350,3888315,33321,0,0,1296102,0,0,0
1/03/2005,0,-57.18,0,0,4611,0,1.01,239,0.33,0,0,56.42,0,0,0,32.3,23.41,15.4,0,0,4336641,0,1009,199529,278.5,0,0,17.83,0,1050040,0,0,80496738,0,17455,4213537,5160,0,0,979249,0,0,0
1/04/2005,0,-38.92,0,0,4419,0,0,265.1,0.17,0,0,40.86,0,0,0,31.1,21.75,14.5,0,0,4198531,0,3.85,211716,126,0,0,3.8,0,975366,0,0,99682131,0,67.18,6006441,4246,0,0,829609,0,0,0
1/05/2005,0,-67.15,0,0,4377,0,1.38,265.7,0,0,0,60.61,0,0,0,28.2,18.29,10.1,0,0,4151018,0,1378,214522,0.72,0,0,3.8,0,1741825,0,0,100030416,0,29852,6155036,22.05,0,0,1355760,0,0,0
1/06/2005,0,-66.59,0,0,4303,0,1.35,272.6,0.79,0,0,59.78,0,0,0,26.3,16.73,6.4,0,0,4062193,0,1349,217798,614.5,0,0,4.05,0,1723150,0,0,104836900,0,21267,6349265,13440,0,0,1355393,0,0,0
1/07/2005,0,-8.19,0,0,4566,0,0.3,292.4,0.38,0,0,50.52,0,0,0,25.3,16.09,6.2,0,0,4296368,0,294.8,237427,295.8,0,0,7.17,0,893013,0,0,200938198,0,3791,13462793,5582,0,0,1616783,0,0,0
1/08/2005,0,-10.01,0,0,4557,0,0.75,279,1.14,0,0,38.38,0,0,0,26.2,15.98,6.6,0,0,4274514,0,754.7,223621,864.6,0,0,4.95,0,280722,0,0,140180571,0,11351,7464783,16171,0,0,960842,0,0,0
1/09/2005,0,-8.22,0,0,4160,0,0.16,259.1,0.5,0,0,44.21,0,0,0,29.3,18.87,8.9,0,0,3934029,0,155.6,218321,381.4,0,0,3.99,0,167604,0,0,100982482,0,2428,5832843,7474,0,0,1029561,0,0,0
1/10/2005,0,-2.52,0,0,4280,0,0.01,290.7,1.05,0,0,33.85,0,0,0,36.3,22.54,13.1,0,0,4029168,0,9.35,239352,807.2,0,0,3.79,0,66998,0,0,99345480,0,150,6020459,17774,0,0,631799,0,0,0
1/11/2005,0,-4.13,0,0,4348,0,0.63,302.6,2.2,0,0,28.3,0,0,0,33.1,23.23,16.2,0,0,4116903,0,630.1,247834,1715,0,0,3.17,0,133421,0,0,81928457,0,12842,5604134,41238,0,0,482689,0,0,0
1/12/2005,0,-12.61,0,0,4594,0,8.77,273.7,5.91,0,0,50.75,0,0,0,37.1,26.46,16.1,0,0,4358975,0,8768,218474,4583,0,0,4.44,0,957431,0,0,124897054,0,146813,7072671,103560,0,0,1046727,0,0,0
1/01/2006,0,-7.33,0,0,4725,0,3.57,285.4,3.1,0,0,42.89,0,0,0,34.8,26.13,20.5,0,0,4432981,0,3568,232534,2358,0,0,4.18,0,457817,0,0,122222817,0,65891,6801637,48951,0,0,880919,0,0,0
1/02/2006,0,-5.26,0,0,4183,0,6.2,284.6,5.38,0,0,20.09,0,0,0,34.4,25.97,18.8,0,0,3975815,0,6198,231535,4156,0,0,7.85,0,3915049,0,0,218486737,0,110929,13838610,111309,0,0,511371,0,0,0
1/03/2006,0,-4.24,0,0,4677,0,0.2,281.6,0.79,0,0,14.89,0,0,0,32.3,23.39,17.3,0,0,4429291,0,199.2,226423,597.4,0,0,3.77,0,102339,0,0,106249437,0,3008,6754716,12963,0,0,299872,0,0,0
1/04/2006,0,-5.59,0,0,4426,0,0.29,150.8,0.89,0,0,54.95,0,0,0,33.7,21.65,11.4,0,0,4175169,0,290,85067,688.7,0,0,3.74,0,128070,0,0,100233242,0,4100,3536895,14258,0,0,1161064,0,0,0
1/05/2006,0,-2.17,0,0,4336,0,0.13,298.8,16.74,0,0,91.85,0,0,0,28.5,17.78,5,0,0,4092415,0,127.2,245347,11258,0,0,4.08,0,40944,0,0,104847600,0,1993,7982038,367482,0,0,2172424,0,0,0
1/06/2006,0,-14.6,0,0,4317,0,0,355.1,16.48,0,0,73.08,0,0,0,23.9,15.67,5.9,0,0,4092016,0,2.74,307526,11028,0,0,4.04,0,342191,0,0,104087704,0,47.69,8722148,364200,0,0,1734806,0,0,0
1/07/2006,0,-7.25,0,0,4623,0,0,318.3,26.38,0,0,82.51,0,0,0,26.3,15.73,6.8,0,0,4373650,0,0,264914,17771,0,0,4.92,0,143909,0,0,134266363,0,0,9845094,1115663,0,0,2376717,0,0,0
1/08/2006,0,-10.71,0,0,4416,0,0.12,367.1,33.72,0,0,73.13,0,0,0,28.4,16.69,6.1,0,0,4177655,0,123,317012,22442,0,0,3.81,0,272254,0,0,101107194,0,2355,8424879,738476,0,0,1638079,0,0,0
1/09/2006,0,-2.02,0,0,4248,0,1.54,349.5,61.05,0,0,58,0,0,0,30,18.61,11.3,0,0,4003540,0,1537,303119,40523,0,0,3.3,0,42780,0,0,84193149,0,26789,6875548,1161198,0,0,1148648,0,0,0
1/10/2006,0,-0.41,0,0,4375,0,0.01,346.6,82.26,0,0,63.59,0,0,0,33.3,20.62,13.1,0,0,4133795,0,11.46,296068,54645,0,0,3.5,0,11174,0,0,92241035,0,194.6,7279514,1580817,0,0,1306800,0,0,0
1/11/2006,0,-7.78,0,0,4384,0,1.2,320.5,88.39,0,0,78.1,0,0,0,33.2,22.39,10.8,0,0,4142101,0,1195,281022,58824,0,0,4.23,0,561078,0,0,112312176,0,21863,8126315,1894220,0,0,1963034,0,0,0
1/12/2006,0,-3.99,0,0,4419,0,0.48,276.4,102.8,0,0,61.95,0,0,0,31.6,22.53,15.3,0,0,4159661,0,476.4,224687,68234,0,0,3.33,0,74294,0,0,89232958,0,7802,5265576,1987290,0,0,1202835,0,0,0
1/01/2007,0,-5.24,0,0,4476,0,15.41,345.1,138.2,0,0,62.11,0,0,0,34.2,25.07,17.5,0,0,4210862,0,15396,292914,93148,0,0,10.3,0,2268497,0,0,291700630,0,378597,20299961,4610785,0,0,3608802,0,0,66.76
1/02/2007,0,-0.75,0,0,4024,0,3.9,332.5,153.7,0,0,96.67,0,0,0,31.2,24.49,18.4,0,0,3809400,0,3902,289423,102352,0,0,6.7,0,25728,0,0,165664298,0,46474,13788302,4583409,0,0,4119965,0,0,127.8
1/03/2007,0,-10.77,0,0,4546,0,7.06,367.5,161.9,0,0,102,0,0,0,37.9,24.79,16.5,0,0,4275959,0,7050,316280,107730,0,0,7.58,0,814353,0,0,211326617,0,247356,16442816,6135292,0,0,4834020,0,0,188.3
1/04/2007,0,-32.44,0,0,3954,0,0.17,292.9,174.2,0,0,99.32,0,0,0.01,29,21.9,12.7,0,0,3738670,0,166.5,256123,116332,0,0,14.36,0,4221553,0,0,343141059,0,11694,25444591,11592636,0,0,8155028,0,0,450.5
1/05/2007,0,-54.62,0,0,4047,0,0.64,337.6,162.4,0,0,126,0,0,0,30,20.43,12,0,0,3874489,0,636.8,298658,108050,0,0,9.52,0,3577763,0,0,231195431,0,29098,19162996,8771078,0,0,6899552,0,0,231
1/06/2007,0,-62.05,0,0,3975,0,15.33,323.6,174.9,0,0,108.2,0,0,0.01,26.7,15.73,6.6,0,0,3812316,0,15325,284504,119769,0,0,31.77,0,6838704,0,0,740318324,0,1739836,64148045,40450946,0,0,26114312,0,0,1078
1/07/2007,0,-53.23,0,0,4316,0,5.38,316.1,162.6,0,0,95.9,0,0,0.01,26.7,14.27,3.8,0,0,4063985,0,5374,277756,108268,0,0,10.61,0,3288402,0,0,273532441,0,216395,20000668,10126355,0,0,5922263,0,0,569.6
1/08/2007,0,-29.84,0,0,4094,0,3.19,254.3,172.5,0,0,63.28,0,0,0.01,28.8,16.68,5.4,0,0,3879386,0,3183,211100,114421,0,0,8.34,0,1486277,0,0,203513788,0,108235,14046509,8402149,0,0,2950978,0,0,690.2
1/09/2007,0,-38.67,0,0,3779,0,8.85,141.1,165.1,0,0,94.97,0,0,0.03,31.2,19.04,11.1,0,0,3603581,0,8841,85769,109499,0,0,8.87,0,2489324,0,0,202191387,0,407205,7259767,7904645,0,0,5351169,0,0,1770
1/10/2007,0,-37.48,0,0,3899,0,4.68,324.6,172.6,0,0,61.71,0,0,0.04,34.1,22.16,13.3,0,0,3614399,0,4676,289230,115348,0,0,8.22,0,3014075,0,0,192261253,0,177800,15144556,7683701,0,0,2503025,0,0,2199
1/11/2007,0,-11.56,0,0,4200,0,3.73,237.1,190.3,0,0,34.64,0,0,0.07,31.1,21.98,15.3,0,0,3892216,0,3741,191276,127032,0,0,8.21,0,1682602,0,0,205092454,0,167008,11967856,8659408,0,0,1483725,0,0,3465
1/12/2007,0,-2.38,0,0,4381,0,5.66,331.4,184.5,0,0,39.89,0,0,0.1,31.2,23.91,17.7,0,0,4121280,0,5663,295448,124484,0,0,8.27,0,43893,0,0,222528528,0,203067,15855733,9351703,0,0,1773968,0,0,5316
1/01/2008,0,-2.01,0,0,4534,0,18.69,316.8,166.4,0,0,65.72,0,0,0.11,31.3,24.58,17.6,0,0,4247129,0,18669,284970,111406,0,0,6.95,0,69250,0,0,195706718,0,407336,11149410,4767874,0,0,2571694,0,0,4840
1/02/2008,0,-1.8,0,0,4090,0,15.21,319.8,174.3,0,0,89.62,0,0,0.11,40.2,24.07,18.5,0,0,3831522,0,15195,280689,117044,0,0,17.83,0,70821,0,0,456532152,0,367584,30881239,14787883,0,0,12401705,0,0,13830
1/03/2008,0,-1.72,0,0,4365,0,3.33,322.7,161.2,0,0,108.5,0,0,0.11,31,22.04,12.2,0,0,4081941,0,3340,289862,107625,0,0,5.11,0,70484,0,0,135758095,0,75050,9611942,4418638,0,0,3419241,0,0,3524
1/04/2008,0,-1.61,0,0,4254,0,0.81,328.8,153.9,0,0,88.73,0,0,0.13,29.6,19.99,10,0,0,4000007,0,811.8,290802,102291,0,0,5.39,0,48050,0,0,138510800,0,24626,10582411,4959165,0,0,2900627,0,0,4378
1/05/2008,0,-2.83,0,0,4343,0,1.19,327.8,163.4,0,0,74.11,0,0,0.14,27.8,17.26,8.6,0,0,4105421,0,1195,289997,109240,0,0,6.37,0,104814,0,0,166058650,0,34380,12611557,5893212,0,0,2901602,0,0,5443
1/06/2008,0,-2.12,0,0,4059,0,4.84,323.4,181.1,0,0,76.49,0,0,0.16,26.5,16.62,8,0,0,3808301,0,4844,294952,122934,0,0,6.46,0,83244,0,0,155837539,0,297314,12411893,6712366,0,0,3055422,0,0,6072
1/07/2008,0,-1.34,0,0,4469,0,0.29,331.6,217.1,0,0,57.94,0,0,0.16,25.7,14.91,3.7,0,0,4170451,0,299.6,295396,147837,0,0,7.87,0,28509,0,0,210245670,0,11629,15675812,8363331,0,0,2783057,0,0,7532
1/08/2008,0,-1.75,0,0,4406,0,0.46,266.9,203.6,0,0,32.21,0,0,0.2,28.7,14.93,4.1,0,0,4167912,0,466,234422,139033,0,0,5.62,0,55520,0,0,149100872,0,11727,8779401,6536114,0,0,1064042,0,0,6587
1/09/2008,0,-5.71,0,0,4127,0,0.13,296.6,170.9,0,0,39.73,0,0,0.36,35.1,19.02,11,0,0,3866882,0,135.8,265489,115294,0,0,4.97,0,289207,0,0,123655502,0,4047,8565713,4766891,0,0,1165217,0,0,10866
1/10/2008,0,-4.61,0,0,4447,0,0.98,176.9,141.1,0,0,49.56,0,0,0.37,31.3,19.49,10.6,0,0,4196335,0,992,193021,94090,0,0,6.92,0,173766,0,0,190860221,0,45424,7080732,4512206,0,0,1897504,0,0,16136
1/11/2008,0,-8.18,0,0,4283,0,3.35,242,131.6,0,0,63.35,0,0,0.52,32.7,22.98,13.8,0,0,3982048,0,3363,233431,89016,0,0,5.79,0,733960,0,0,150877374,0,86063,7978247,4651045,0,0,2249554,0,0,19257
1/12/2008,0,-10.24,0,0,4429,0,6.48,292.4,156.2,0,0,40.16,0,0,0.7,34.9,25,17,0,0,4117212,0,6474,257371,106360,0,0,4.71,0,498050,0,0,126751282,0,136121,8023978,4009688,0,0,1006021,0,0,20286
1/01/2009,0,-9.62,0,0,4439,0,8.58,294.5,179.6,0,0,92.34,0,0,0.78,34.8,25.21,18.6,0,0,4153401,0,8573,255630,122732,0,907.27,6.25,0,1117530,0,0,172930551,0,237319,10360479,4896286,0,0,3463618,0,0,31337
1/02/2009,0,-6.08,0,0,3996,0,2.28,262.9,173.6,0,0,97.14,0,0,0.77,36.1,25.02,19.2,0,0,3739791,0,2279,231948,117841,0,904.11,6.05,0,711331,0,0,149426380,0,77523,9476422,5185645,0,0,3697183,0,0,29444
1/03/2009,0,-4.64,0,0,4167,0,1.61,322.3,201.2,0,0,99.8,0,0,0.82,33.8,23.98,17.3,0,0,3891845,0,1612,285495,135902,0,901.32,4.15,0,168242,0,0,104209307,0,35443,7891237,5021124,0,0,2559411,0,0,21159
1/04/2009,0,-1.27,0,0,4075,0,2.55,292.3,205.9,0,0,81.82,0,0,0.93,30.7,21.79,12.1,0,0,3661748,0,2553,255044,138763,0,871.53,5.23,0,40347,0,0,129274947,0,50904,8705780,6159593,0,0,2575643,0,0,29756
1/05/2009,0,-5.15,0,0,4122,0,4.17,325.9,232.7,0,0,89.98,0,0,0.94,26.3,18.1,9,0,0,3707576,0,4169,288605,155480,0,871.32,4.52,0,151024,0,0,111856633,0,112320,8794065,6108792,0,0,2452117,0,0,25578
1/06/2009,0,-3.32,0,0,4215,0,0.11,253.7,215.5,0,0,69.59,0,0,1.02,24.4,15.66,5.5,0,0,3840866,0,113.3,203365,143179,0,881.48,5.32,0,68125,0,0,133640537,0,3202,9150438,7470572,0,0,2267564,0,0,31498
1/07/2009,0,-15.13,-432.8,0.56,4399,0,1.73,148.7,215.9,0,0,63.31,0,0,1.05,25.8,15.02,6.2,383674,509.8,4108174,0,1737,80441,143325,0,901.68,27.75,0,370315,0,0,121742975,0,35798,4204297,5689320,0,0,1895938,0,0,28896
1/08/2009,0,-1.77,-375.8,3.04,4129,0,0.12,226.9,220.7,0,0,45.65,0,0,1.31,35.4,17.95,8.2,339369,2727,3868723,0,122.8,189617,146413,0,910.63,23.03,0,38372,0,0,95612525,0,2719,5010546,4901362,0,0,1015549,0,0,30286
1/09/2009,0,-5.54,-338,0.53,3780,0,0.13,319.2,294.3,0,0,26.3,0,0,2.39,34.2,19.66,8.5,310538,478.3,3634273,0,133.8,276842,196574,0,931.53,24.36,0,144287,0,0,92378723,0,3143,7621390,7100439,0,0,603057,0,0,58650
1/10/2009,0,-2.69,-395.8,4.89,4008,0,5.39,337.2,352.6,0,0,24.95,0,0,2.3,35,21.18,11.8,361651,4431,3833179,0,5392,295191,237282,0,926.01,25.84,0,81390,0,0,103910683,0,119967,8567855,9178001,0,0,607210,0,0,60664
1/11/2009,0,-16.53,-340.4,6.36,4251,0,16.73,325.2,379.5,0,0,35.65,0,0,3.27,34.8,24.02,14.2,310425,5324,4022853,0,16709,283720,257820,0,918.09,72.4,0,1013730,0,0,329965725,0,382237,21294434,19483152,0,0,1033851,0,0,276372
1/12/2009,0,-7.46,-469.8,8.75,4499,0,6.47,354.1,383,0,0,54.82,0,0,4.26,33.2,25.25,17.1,423402,7360,4221010,0,6470,301415,257793,0,905.1,29.11,0,631820,0,0,135806749,0,127657,9537376,10086238,0,0,1457237,0,0,131541
1/01/2010,0,-12.99,-339.1,9.5,4469,0,4.97,373.9,331,0,0,34.55,0,0,4.59,35.1,26.1,17.3,305264,8221,4158977,0,4967,312742,224485,0,904.18,66.81,0,237205,0,0,263681582,0,8675853,20844410,40049150,0,0,7270204,0,0,255256
1/02/2010,0,-1.95,-459.8,2.89,4091,0,1.73,390.5,333.7,0,0,36.3,0,0,4.42,33.5,25.4,19.6,407386,2345,3784996,0,1736,304221,223607,0,889.66,45.44,0,30408,0,0,174171321,0,3170237,14473512,22949219,0,0,2560989,0,0,174034
1/03/2010,0,-3.01,-516,1.36,4306,0,0.64,419.2,356.7,0,0,45.62,0,0,4.51,33.1,23.53,17.2,457464,1204,3985571,0,644.6,332824,240703,0,890.03,25.35,0,44664,0,0,96356516,0,17194,9604143,8395029,0,0,1053734,0,0,109238
1/04/2010,0,-2.86,-506,2.61,3937,0,0.24,495.7,284.5,0,0,78.65,0,0,4.99,31.3,21.98,13,441400,2282,3628991,0,247.9,365250,190906,0,873.29,21.69,0,47624,0,0,83742561,0,5937,10489666,6294054,0,0,1674234,0,0,105874
1/05/2010,0,-1.24,-761.6,0.28,4198,0,1.91,538.6,292.6,0,0,72,0,0,4.98,27.9,18.18,9.7,661554,237,3906891,0,1912,329629,194625,0,868.95,21.67,0,22107,0,0,86282909,0,40910,11026539,6726182,0,0,1514699,0,0,104430
1/06/2010,0,-1.48,-731.3,0,3998,0,0.27,616.2,300.9,0,0,48.34,0,0,5.28,25.2,15.91,7.3,634043,0,3709780,0,278.8,414413,199579,0,872.15,23.22,0,28037,0,0,91739188,0,7722,14267341,7706647,0,0,1211417,0,0,118995
1/07/2010,0,-0.9,-818.2,0,4160,0,0.12,659.6,295.6,0,0,56.72,0,0,5.22,26.8,15.88,6.7,701471,0,3831594,0,127.6,435343,196940,0,864.37,21.63,0,15902,0,0,83881651,0,2435,13521195,6434777,0,0,1231102,0,0,109348
1/08/2010,0,-1.68,-717.4,0.24,3897,0,1.84,764.3,303.3,0,0,57.56,0,0,6.36,27.8,16.14,6.1,617666,167.7,3645624,0,1842,507661,201134,0,868.44,21.57,0,26358,0,0,82749034,0,46693,16466318,6592804,0,0,1249088,0,0,135128
1/09/2010,0,-2.48,-649.5,0,3702,0,3.64,727.5,294.8,0,0,56.15,0,0,11.31,28.4,19.52,11.6,558245,0,3452304,0,3637,478397,195475,0,864.34,21.54,0,44748,0,0,79082072,0,76804,15574613,6363303,0,0,1218859,0,0,239772
1/10/2010,0,-0.65,-635.5,0,3920,0,0.11,638.3,299.5,0,0,55.48,0,0,10.44,29.9,19.84,9.7,540819,1.95,3629677,0.64,113,383789,198589,0,858.35,20.46,0,12648,0,0,76395821,54.64,2009,12340936,5914714,0,0,1084895,0,0,208800
1/11/2010,0,-1.97,-626.5,0.01,3755,10.38,0.11,728.4,316.8,0,0,65.33,0,0,14.22,29.5,22.26,14.9,534584,7.32,3467838,1868,115.1,487118,210106,0,855.19,18.22,0,28890,0,0,63010927,128999,1793,12386683,5525395,0,0,1111219,0,0,250983
1/12/2010,0,-12.47,-566.7,2.08,3787,1.79,0.47,777.1,294.9,0,0,100.7,0,0,17.71,32.1,23.37,14.7,473010,1757,3446439,321.9,475,519141,195824,0,841.75,23.09,0,184947,0,0,79355774,35652,10831,16467250,6373889,0,0,2111152,0,0,390859
1/01/2011,0,-3.96,-406,13.67,3877,0.84,21.99,602.2,258.4,0,0,113.1,0,0,18.73,34.9,24.77,18.8,347540,12054,3572948,194.2,21961,430219,175166,0,863.25,48.3,0,81955,0,0,190078838,55299,2158910,33028606,16705832,0,0,5184127,0,0,817939
1/02/2011,0,-13.8,-439.8,3.24,3742,4.67,7.71,670.2,236.5,0,0,93.94,0,0,17.69,35.3,25.4,18.2,376609,2864,3473212,1074,7701,455117,158908,0,864.71,122.96,0,355776,0,0,424977190,1338372,14927313,82459887,67918719,0,0,21623191,0,0,1869302
1/03/2011,0,-3.73,-360.3,13.24,3833,0,0.49,738.1,249.5,0,0,107.9,0,0,17.75,34.5,24.05,16.3,305592,11799,3515060,0,485.9,498327,166383,0,848.91,28.49,0,75469,0,0,126024408,0,18491,24764390,8766905,0,0,3545478,0,0,486882
1/04/2011,0,-2.62,-406.7,0.54,3647,0,0.02,484.9,213.1,0,0,91.48,0,0,19.32,29.4,20.81,15.3,351832,476.2,3345508,0.18,23.53,367893,142177,0,870.03,25.36,0,53985,0,0,91634041,28.28,568.1,12150666,5422399,0,0,2278529,0,0,483579
1/05/2011,0,-0.57,-416,5.61,3709,7.86,0.02,618.6,182,0,0,88.52,0,0,20.04,27.6,17.18,7.9,354157,5041,3369983,1415,24.33,435703,120741,0,853.09,27.88,0,13623,0,0,103674636,228579,772.4,17472025,5265235,0,0,2456603,0,0,550899
1/06/2011,0,-2.56,-476.4,0.33,3811,46.12,0.03,592.1,198.3,0,0,71.94,0,0,22.71,25.8,14.96,5.9,398374,288.2,3395473,8483,32.05,423824,131553,0,839.75,25.97,0,51907,0,0,97763643,1160511,780.6,15374902,5308241,0,0,1820157,0,0,575017
1/07/2011,0,-0.95,-628.5,0.11,4027,59.77,0.03,628.8,200.2,0,0,72.64,0,0,20.93,24.1,14.83,5.6,534194,93.57,3679888,11485,31.99,421326,132945,0,851.45,27.33,0,17367,0,0,107555592,1551025,1018,17076199,5751279,0,0,1929568,0,0,553807
1/08/2011,0,-3.57,-348.7,2.79,3550,61.13,0.03,652.1,228.2,0,0,83.69,0,0,23.59,25.4,15.98,5.3,301820,2484,3349562,11624,28.19,451777,151344,0,867.32,29.42,0,78628,0,0,103031470,1742119,861.3,19235299,6791247,0,0,2410467,0,0,681279
1/09/2011,0,-2.18,-339,1.57,3377,59.7,0.02,601.9,240.1,0,0,69.71,0,0,39.2,32.3,18.11,7,297821,1410,3221560,11235,22.6,425045,159263,0,878.24,29.44,0,48228,0,0,122866045,2238619,617.8,22889926,8687994,0,0,2667334,0,0,1131312
1/10/2011,0,-3.5,-365,3.53,3595,62.16,0.03,646.8,261.6,0,0,58.69,0,0,33.75,29.3,20.06,10.6,313849,3115,3352630,11747,29.34,437746,173447,0,860.44,27.74,0,65137,0,0,98487304,1686043,916.3,17829114,7286011,0,0,1637823,0,0,921375
1/11/2011,0,-5.96,-353,4.19,3713,57.74,0.92,728.2,267.4,0,0,59.62,0,0,42.33,33.9,24.06,15.8,304044,3637,3493591,10876,923.7,470293,178137,0,861.65,34.97,0,130589,0,0,113825191,1737204,22582,22716679,8895455,0,0,1744900,0,0,1420594
1/12/2011,0,-1.83,-210.6,5.73,3615,32.71,0.03,699.7,244.5,0,0,56.69,0,0,50.51,32.9,22.55,15.8,181406,4960,3372146,6282,26.7,469171,162186,0,863,26.05,0,34143,0,0,92762880,837317,713.6,18097294,6465452,0,0,1481636,0,0,1291540
1/01/2012,0,-1.57,-425.4,1.84,3917,15.81,3.75,759.7,277.8,0,0,45.01,0,0,50.91,37.1,24.23,17.4,321385,1623,3620390,2847,3751,498114,185466,0,868.71,34.65,0,25757,190042,-33842,113038626,382406,221657,22555988,9564524,0,0,1419740,0,0,1640829
1/02/2012,0,-0.81,-425.6,1.01,3802,17.05,1.81,731.3,252.3,0,0,35.94,0,0,46.05,34,24.74,19.6,280492,821,3500243,3068,1809,475924,168125,0,876.44,31.56,0,14860,445971,-3307,139341814,628632,102269,28253214,11916134,0,0,1235417,0,0,1383802
1/03/2012,0,-0.98,-555.9,1.58,3965,15.12,0.75,710.5,270.7,0,0,66.02,0,0,43.73,32.1,23.27,16.8,476080,1126,3660418,2721,747.6,470066,180405,0,858.39,28.15,0,16045,0,0,132331364,534029,35069,24933165,11227690,0,0,1901589,0,0,1189018
1/04/2012,0,-2.36,-683.2,0,3843,0,0.03,674.7,199.5,0,0,63.27,0,0,45.99,30.5,21.08,11.6,591536,0,3573501,0,29.68,435496,132351,0,866.89,29.74,0,52743,0,0,113071420,0,972.7,19987805,5934866,0,0,1868437,0,0,1342448
1/05/2012,0,-0.4,-609.4,0,3843,0.04,0.02,697.6,213.5,0,0,52.07,0,0,44.86,27.2,17.37,8.1,528289,0,3567482,6.68,22.21,456064,141608,0,866.66,26.07,0,7210,0,0,98908054,979.1,545.5,18057101,5545090,0,0,1381225,0,0,1150210
1/06/2012,0,-6.56,-401.2,2.3,3657,8.04,0.04,608.3,193.1,0,0,68.25,0,0,47.1,24.8,15.77,8.2,335485,1959,3265737,1447,37.64,407110,128211,0,840.11,35.26,0,156129,0,0,127178582,284230,1405,21388526,7037695,0,0,2391923,0,0,1614588
1/07/2012,0,-0.16,-390.7,3.19,3754,5.91,0.45,601.2,227.3,0,0,87.14,0,0,43.47,24.5,15.38,6,329590,2587,3395057,1063,452,409505,151019,0,846.51,65,0,8248,0,0,241826605,383389,78279,39619349,15753989,0,0,5545631,0,0,2762518
1/08/2012,0,-1.6,-417.2,0.23,3811,48.93,3.13,519.9,210.7,0,0,84.49,0,0,50.25,27.6,15.8,4.1,350476,187.6,3455858,8886,3126,320127,139827,0,839.88,54.64,0,79266,0,0,195153064,2514049,-189320,27275600,10847490,0,0,4499635,0,0,2699430
1/09/2012,0,-8.77,-394.5,2.38,3703,60.78,2.49,396.5,209.7,0,0,69.67,0,0,84.78,30.8,18.85,7.3,336081,1951,3425745,11550,2489,208136,139347,0,854.47,53.12,0,443132,0,0,181893396,2981374,135018,19512579,10151437,0,0,3490726,0,0,4464514
1/10/2012,0,-1.52,-565.5,0.03,3838,67.62,0.24,663.9,225,0,0,13.33,0,0,73.79,33.2,20.69,8.8,489807,21.9,3569387,12813,245.3,435857,149261,0,867.18,53.05,0,54590,0,0,194858810,3404288,18045,33302709,11585145,0,0,688916,0,0,3874712
1/11/2012,0,-0.3,-429.3,1.31,3826,64.52,2.07,622.8,214.9,0,0,11.12,0,0,92.43,34.4,22.7,14.1,373675,1060,3552704,12259,2069,416744,142779,0,870.35,55.34,0,14331,0,0,209100049,3485671,304679,34367363,12500733,0,0,724414,0,0,5009706
1/12/2012,0,-1.94,-304.5,12.91,3961,35.76,9.54,606.2,248.8,0,0,35.19,0,0,111.4,37.9,25.24,17.3,265045,10557,3668695,7061,9527,395828,165653,0,867.33,62.13,0,92563,0,0,221349005,2060988,1043408,34732366,14990398,0,0,2030669,0,0,6590424
1/01/2013,0,-15.18,-169.7,44.65,3679,16.47,37,738,278.8,0,0,87.33,0,0,110.9,35.4,25.94,19.8,146100,38548,3434067,3323,36956,482937,188295,0,859.82,170.51,0,906020,0,0,572335213,2063374,10484495,127020301,63168371,0,0,16256478,0,0,17288201
1/02/2013,0,-1.62,-202.5,18.53,3241,20.71,1.89,682.5,216,0,0,64.24,0,0,97.07,33.1,23.9,19,172423,15974,3013352,4069,1889,438587,144563,0,852.81,60.34,0,67732,0,0,188084220,1260528,185351,40218592,13568040,0,0,3737332,0,0,5712569
1/03/2013,0,-9.1,-71.55,71.72,3439,22.69,1.2,580.1,212.2,0,0,89.71,0,0,88.85,32.4,23.32,17.5,60543,61595,3153352,4531,1196,378222,142016,0,848.8,75.77,0,470202,0,0,251373752,1701325,131177,42793196,16545528,0,0,6403762,0,0,6557130
1/04/2013,0,-1.4,-181.6,10.56,3503,9.1,0.31,465.1,206.2,0,0,51.27,0,0,89.83,30.2,20.76,12,154593,8979,3179582,2092,310.6,286665,136834,0,851.65,56.21,0,72803,0,0,194626793,511168,17028,25902820,11562033,0,0,2939900,0,0,4975683
1/05/2013,0,-4.45,-191.7,6.01,3654,12.24,0.72,498.4,198.3,0,0,50.98,0,0,82.45,28.6,17.7,8.3,163710,5242,3328836,2795,721.3,300601,131848,0,853.67,59.06,0,227671,0,0,206931437,695900,40404,28279654,11513998,0,0,3012789,0,0,4773030
1/06/2013,0,-2.31,-155.2,9.51,3507,25.03,0.03,494.1,180.9,0,0,46.83,0,0,80.55,24.7,15.96,5.7,132113,8302,3189812,4624,30.81,302446,120496,0,850.88,66.51,0,118070,0,0,201673079,1439280,-4652,28193865,10551237,0,0,2620535,0,0,5190642
1/07/2013,0,-2.65,-147.2,16.3,3462,30.76,0.04,517.7,213.6,10.88,0,69.51,0,0,71.65,25.4,16.09,7.9,123213,13690,3125437,5536,39.18,335588,143115,6743,840.8,62.1,0,129656,0,0,206715098,1822996,2703,31281837,13349764,652300,0,4151490,0,0,4365634
1/08/2013,0,-1.82,-137.8,9.81,3259,50.39,0.03,610.1,199.9,24.59,0,72.76,0,0,78.26,28.5,17.07,6,115934,8326,2961637,9136,34.79,426449,133463,15244,841.3,62.57,0,82849,0,0,182077221,2770604,1659,34281610,11325566,1354675,0,4042477,0,0,4798903
1/09/2013,0,-2.45,-124.2,20.28,3283,61.23,0.05,490.8,188.4,20.45,0,50.57,0,0,126.4,32.8,20.53,10.9,103808,17040,2969062,11548,48.04,303059,125323,12681,836.22,56.97,0,119051,0,0,179612438,3320051,2622,26974093,10587452,1115989,0,2773821,0,0,7089776
1/10/2013,0,-1.66,-80.57,34.24,3331,36.33,0.03,626.8,210.2,18.28,0,57.7,0,0,106.2,34.7,22.33,12.7,67760,27566,3032012,7170,33.95,427714,140976,11333,845.64,62.67,0,85254,0,0,243562025,2176798,1950,48031322,17064317,1256923,0,4362368,0,0,6516432
1/11/2013,0,-3.29,-92.87,42.99,3225,10.82,0.08,714.9,205.5,21.62,0,47.74,0,0,129.4,33.5,22.69,14.5,80705,34777,3036909,2488,81.76,480607,136409,13405,868.54,55.16,0,167346,0,0,171267609,566796,4552,38104424,11123455,1136126,0,2561404,0,0,7044536
1/12/2013,0,-2.52,-114.5,47.61,3500,14.43,0.54,626.3,243,20.74,0,25.4,0,0,150.5,35.5,24.12,15,98628,38374,3218346,3318,545.8,423909,161975,12860,862.35,59.73,0,117186,0,0,202480291,817252,85969,36562322,15321272,1190243,0,1611870,0,0,8765120
1/01/2014,0,-3.15,-249.9,16.55,3690,21.48,5.38,771.5,268.4,22.95,0,24.06,0,0,148.7,38.7,25.38,19.1,211345,14368,3341025,4575,5377,525570,180269,14229,848.22,77.54,0,141249,0,0,462861930,3117075,4597236,102486772,56289986,2539671,0,4115021,0,0,10574057
1/02/2014,0,-7.81,-182.5,11.91,3202,24.28,3.61,629.1,291.8,21.85,0,89.62,0,0,129.7,34.1,25.01,19,153147,10459,2910523,4615,3609,450570,197379,13544,841.74,85.2,0,378219,0,0,252157664,1930454,192939,50820581,31940154,1335272,0,8376875,0,0,10094551
1/03/2014,0,-3.82,-243.7,4.99,3437,24.84,1.48,755.7,320.2,24.06,0,91.33,0,0,118,32.8,23.95,18,200726,4458,3113088,4610,1474,500278,212966,14920,827.52,50.65,0,152648,0,0,165590388,1182868,72348,36542213,15687044,1146192,0,4365724,0,0,5862240
1/04/2014,0,-2.9,-223.9,7.44,3313,0.07,1.63,602.4,255.4,25.24,0,91.51,0,0,117.9,31.3,22.24,14.5,189510,6399,3017739,13.25,1625,449456,171653,15651,853.35,49.84,0,134702,0,0,163539640,3081,120965,29551181,12916319,1236504,0,4502870,0,0,5805396
1/05/2014,0,-3.26,-231,2.62,3280,9.6,2.2,660,330,25.22,0,97.18,0,0,105.9,28.6,19.1,8.5,194920,2225,3003588,2186,2201,483697,220314,15638,847.19,51.73,0,145435,0,0,168307122,468088,224065,32848699,17517155,1272462,0,4929091,0,0,5407254
1/06/2014,0,-1.47,-325.9,1.63,3090,26.86,0.84,852,281.4,24.58,0,95.36,0,0,99.66,26.1,17.11,5.2,268746,1335,2815442,5407,837.1,582407,187708,15240,825.56,52.03,0,60781,0,0,178827943,1434754,48029,47682232,18740351,1396423,0,5137725,0,0,5074687
1/07/2014,0,-1.66,-560,0.06,3564,61.99,0.23,816.3,335.2,23.9,0,87.22,0,0,88.52,25.9,14.52,2.6,456659,47.63,3241502,11711,235.1,504213,223153,14820,817.85,33.88,0,46499,0,0,116895004,1983399,7665,26856820,11846365,758996,0,2948660,0,0,2904341
1/08/2014,0,-2.62,-809.1,0,3765,47.54,0.05,764.1,333.6,21.05,0,72.28,0,0,96.77,28.5,16.48,9,677976,0,3448074,9041,47.43,502038,222012,13051,838.83,26.76,0,44168,0,0,97541899,1237467,1135,20093155,9300473,536885,0,1903345,0,0,2507310
1/09/2014,0,-2.36,-550.3,0.23,3556,57.94,0.04,357.2,453.2,13.12,0,69.27,0,0,156.6,29.5,18.5,9.1,476651,189.8,3277132,10896,39.65,304183,302882,8132,866.59,35.11,0,52205,0,0,111484565,1853578,1160,11413151,15091760,360642,0,2222178,0,0,5289948
1/10/2014,0,-4.05,-484.9,4.29,3320,61.09,0.03,749.3,495.8,31.78,0,45.93,0,0,131.7,34.2,21.66,12.7,402836,3627,3066557,11435,31.49,487780,330814,20742,833.83,24.42,0,76439,0,0,76610482,1390188,686.9,17819366,12007191,791407,0,1184726,0,0,3087048
1/11/2014,0,-6.77,-562,3.12,3518,41.14,2.5,799.7,636.1,50.14,0,28.27,0,0,160.1,38.9,24.63,15.3,466980,2571,3220265,7600,2496,537635,427546,34084,834.82,43.1,0,140073,0,0,142613342,1725092,330728,30085883,26243423,1919080,0,1630570,0,0,6317546
1/12/2014,0,-1.8,-511.1,2.64,3968,4.93,6.41,591.5,559.2,65.73,0,24.72,0,0,186.3,35.5,24.89,17.5,428467,2174,3650529,1134,6403,300518,376933,44678,839.43,132.46,0,31669,0,0,435827653,327588,12602184,64258920,84807341,6491186,0,5337347,0,0,19984401
1/01/2015,0,-5.12,-223.4,34.18,3899,15.39,15.19,596.8,454.5,66.29,0,21.37,0,0,183.3,36.7,25.86,19.5,188777,28381,3606130,3215,15174,302941,312229,45016,846.15,136.43,0,105153,0,0,468696468,1162337,12762612,82917030,83594221,7648355,0,4839053,0,0,21512088
1/02/2015,0,-2.3,-398.2,6.13,3601,17.58,2.55,514.8,414.4,60.91,0,63.63,0,0,158.9,34.4,24.46,19.5,334581,5259,3335866,3285,2550,260125,288565,41328,841.58,35.06,0,49117,0,0,122928711,618285,87057,17767945,14742424,2056463,0,2282335,0,0,5364464
1/03/2015,0,-6.88,-236,35.96,3765,25.6,5.79,590.3,569.7,67.28,0,85.55,0,0,143.5,36.1,25.07,17.8,193525,30311,3472162,5118,5787,299113,400742,45571,829.26,142.46,0,178186,0,0,470731659,3553022,15463435,82654892,97262350,7894366,0,15963596,0,0,16877035
1/04/2015,0,-7.55,-485.3,0.01,3715,6.13,0.89,529.1,429.4,64.55,0,58.03,0,0,142.3,30.4,21.09,11.1,399578,6.12,3359342,1410,886.2,267307,298742,43687,828.67,32.89,0,198365,0,0,121448184,177486,33464,16957905,14488209,2055826,0,1951063,0,0,4560715
1/05/2015,0,-1.82,-459.2,1.04,3808,3.83,0.1,512.9,446.5,66.64,0,31.35,0,0,126.5,29.6,18.46,8.1,385287,842.9,3462923,865.1,96.68,258969,315340,45142,838.88,31.72,0,44205,0,0,120220315,116205,2776,16184602,14327028,2068202,0,1043433,0,0,3939210
1/06/2015,0,-2.88,-575.3,0.15,3841,23.88,0.04,543.8,393.8,61.33,0,52.5,0,0,118,25.4,16.34,7,476604,129.5,3502364,4408,43.59,275713,273307,41590,834.64,32.3,0,70567,0,0,123235840,677214,1583,16844073,12725766,1920108,0,1770399,0,0,3718180
1/07/2015,0,-6.85,-381.4,3.43,4104,59.09,0.44,416.3,186.9,64.66,0,57.1,0,0,104.1,25.1,14.87,5.4,318972,2819,3715808,10942,440.5,207180,128086,43723,841.54,49.11,0,205314,0,0,195804283,2806929,29547,19245724,11186319,3028723,0,2861656,0,0,4857306
1/08/2015,0,-5.33,-357.6,0.96,3922,59.49,0.11,401.7,243.8,62.68,0,51.45,0,0,113.2,29.1,16.73,6.1,297530,798.5,3542152,11111,113.7,199045,166031,42303,836.68,41.99,0,153538,0,0,160915072,2454076,6054,16386909,11685050,2531910,0,2265090,0,0,4560828
1/09/2015,0,-4.1,-236,8.61,3770,58.22,0.03,399.5,143.3,61.11,0,22.31,0,0,182.2,29.4,18.04,7.2,201221,7166,3455432,10767,26.67,205774,96379,41413,856.2,45.5,0,169721,0,0,169674393,2619442,1191,18221242,6956984,2743837,0,1063436,0,0,8158916
1/10/2015,0,-2.03,-252.6,10.72,3810,59.95,0.07,464.6,265.6,58.74,0,14.02,0,0,152.5,33.8,21.23,12.9,213459,9128,3498101,11065,69.79,236173,184068,39628,850.02,37.19,0,48662,0,0,140771908,2195374,2244,17209175,10257952,2136905,0,551750,0,0,5567775
1/11/2015,0,-3.51,-319,15.12,3862,14.88,0.44,533,447.9,55.02,0,20.47,0,0,184.8,33.4,23.88,16.1,262039,12345,3485062,2930,441.8,269607,314377,37161,834.33,48.02,0,116172,0,0,181689216,541429,89903,25070449,24567845,2463623,0,1863496,0,0,8371440
1/12/2015,0,-5.43,-370.8,4.9,4100,6.36,0.36,537.8,407,43.66,0,28.1,0,0,214.2,32.5,24.18,16.9,310665,3987,3770974,1462,356.2,272546,287552,28895,853.36,44.1,0,215699,0,0,179356789,278650,35842,23536456,18410180,1834570,0,1326872,0,0,9225594
1/01/2016,0,-1.97,-148.2,68.16,4127,28.52,4.18,541.2,212,57.34,0,45.24,0,0,210,35.7,24.96,18,126731,55405,3833295,5635,4178,275327,146328,38956,857.89,54.89,0,57081,0,0,243642648,1708725,1311559,33253349,23320182,3232217,0,3446570,0,0,10827600
1/02/2016,0,-2.02,-61.24,83.8,3814,26.58,22.74,532.4,317.8,61.33,0,22.53,0,0,181.6,36.2,26.22,19.8,52408,69879,3532223,5200,22707,271572,221763,41561,853.58,139.03,0,65405,0,0,441791819,3273169,8200923,68765108,68348767,6723057,0,5101450,0,0,22029896
1/03/2016,0,-8.6,-133.4,37.11,4098,16.32,1.98,576.1,252.3,54.86,0,24.17,0,0,163.4,33.5,24.51,19,115316,29588,3823308,3145,1974,291786,178800,37448,864.17,74.63,0,604390,0,0,349889812,1490694,167779,53169884,34788709,4344357,0,5082383,0,0,11607936
1/04/2016,0,-20.65,-209.9,19.78,4134,0,17.85,310.6,233.1,35.45,0,28.54,0,0,161.6,31,22.8,15.9,183999,16024,3885489,0,17832,166116,164470,25380,899.43,68.15,0,966193,0,0,262803158,0,1763966,19224799,19383162,2251254,0,2387244,0,0,10744784
1/05/2016,0,-35.58,-160.3,48.65,3942,0.32,1.61,488.5,170.2,41.48,0,76.11,0,0,143.5,29.6,20.1,9.3,135507,39715,3716611,57.65,1610,250501,119939,29700,879.65,71.57,0,1422920,0,0,263570791,39310,150798,34711079,15565524,2736115,0,6093670,0,0,9956030
1/06/2016,0,-43.2,-443.7,0.76,4162,12,7.04,508.1,195.7,61.34,0,95.26,0,0,133.5,28.1,16.79,6.6,374506,628.2,3859104,2161,7028,259934,137450,41981,863.56,90.68,0,1882297,0,0,356505370,845843,1012734,46596672,25293423,4984709,0,9264642,0,0,11685255
1/07/2016,0,-34.31,-409,2.96,4391,11.36,1.87,472.8,60.18,70.14,0,92.91,0,0,117.2,29.1,16.58,7.2,346052,2470,4047776,2045,1872,243098,40518,47416,866.79,63.65,0,1136452,0,0,260917961,812484,297894,29959455,6957201,4049366,0,6586329,0,0,7142168
1/08/2016,0,-5.5,-276.9,13.97,4308,44.23,0.33,371.1,30.29,68.48,0,21.49,0,0,127.5,26.4,16.63,9.1,233312,11927,3889954,7962,326.3,191325,20449,46294,860,49.84,0,235181,0,0,208592902,2132008,35688,19079278,2986905,3222109,0,1395847,0,0,6113625
1/09/2016,0,-1.46,-261.9,33.34,3998,50.13,0.05,391.3,86.45,64.75,0,16.43,0,0,205,28.8,19.58,10.4,220273,27906,3628029,9023,52.68,199244,57842,43836,855.74,47.21,0,47448,0,0,182160258,2258110,2422,18273117,4320488,2904285,0,780423,0,0,9442300
1/10/2016,0,-3.3,-272.8,12.53,4195,50.25,0.14,383.7,50.42,65.78,0,26.69,0,0,171.5,32.2,20.8,12.1,231327,9016,3839635,9066,139,197293,33743,44698,865.55,54.85,0,139474,0,0,220353260,2597689,5422,20934146,3463017,3413083,0,1345499,0,0,9212980
1/11/2016,0,-6.94,-282.8,14.03,4193,57.63,0.34,522.1,123.2,64.22,0,35.93,0,0,208.5,36,24.04,13,238305,10585,3883370,10683,337.3,265890,83733,43681,860.04,71.83,0,262772,0,0,282942077,3800312,22807,36817600,11612814,4260107,0,2621955,0,0,14478240
1/12/2016,0,-11.81,-166.2,62.47,4430,41.72,1.11,463.5,85.69,66.38,0,24.89,0,0.5,238.2,34.1,25.02,17.8,143006,48748,4079181,7857,1114,239557,59084,45314,867.87,70.77,0,503007,0,0,277886697,2653758,110220,31654968,9237032,4090602,0,2210636,0,31855,16033242
1/01/2017,0,-6.46,-138.9,48.56,4378,16.24,31.44,611.3,214.2,65.46,0,92.38,0,0.44,234.5,35.6,26.61,19.3,117250,41146,4053868,3008,31400,312520,151633,44582,850.97,223.3,0,367530,0,0,707723135,3619152,15127912,114264494,87453890,10365313,0,17335275,0,44268,46348925
1/02/2017,0,-12.63,-263.1,14.27,4165,16.56,37.21,585.3,205.7,57.53,0,90,0,0.71,229.7,37.6,26.87,19.6,219484,11865,3833173,2995,37166,298133,144881,39233,847.12,270.64,0,989080,0,0,1015911826,3334103,36303723,161196674,126048416,13778567,0,33555815,0,457925,55038417
1/03/2017,0,-15.33,-347,11.92,4429,15.67,2.31,650.7,150.3,65.88,0,89.39,0,2.42,190.8,35.7,25.4,19.5,292961,10273,4136291,2953,2313,331201,101874,44772,857.86,91.27,0,1029918,0,0,387918182,1329568,254314,59182080,18151496,5683686,0,8595934,0,248346,16925868
1/04/2017,0,-2.64,-553.9,0.03,3975,3.81,0.05,532.7,128.1,62.5,0,66.22,0,5.21,193.1,29,20.71,13,470031,27.01,3710722,877,48.24,271772,85701,42270,863.49,96.28,0,172727,0,0,375401328,335125,4505,51027955,13529397,5857733,0,6480744,0,495217,18298156
1/05/2017,0,-1.95,-321.7,0.82,4124,5.83,0.23,475.4,101.8,59.22,0,59.29,0,4.07,160.3,27.7,19.06,11.2,272002,697.5,3777776,1340,236.1,243952,68328,39715,856.45,87.47,0,133436,0,0,355340194,507754,21963,41518761,9943172,5119401,0,5113238,0,339069,13827478
1/06/2017,0,-0.6,-528.3,0.12,4336,17.78,0.02,466,51.31,57.61,0,44.34,0,4.01,151.3,25.1,16.98,9.4,453462,99.25,4008196,3410,22.7,239338,34326,39262,870.26,77.87,0,32023,0,0,331291042,1275880,1651,36464773,4563540,4327138,0,3537255,0,289763,11568398
1/07/2017,0,-0.55,-645.9,0.04,4617,57.59,0.02,338.4,80.99,63.9,0,45.8,0,4.01,95.16,26.4,15.51,5.9,558435,36.2,4287620,10647,22.02,178420,56121,43748,880.93,79.62,0,-64199,0,0,357441405,4394067,1561,26399742,8519854,4908150,0,3819667,0,283526,7385367
1/08/2017,0,-2.9,-657.1,0.04,4637,54.13,0.19,235.1,126.2,65.81,0,34.33,0,4.73,67.09,32.3,17.29,7.5,570451,29.39,4296590,9924,189.2,126920,86484,44913,888.18,83.85,0,193125,0,0,386093428,4424874,8522,19409226,13306528,5358398,0,3205730,0,338122,5479240
1/09/2017,0,-5.62,-427.7,22.88,4288,51.5,0.53,185,109.6,65.14,0,27.22,0,5.23,250.5,37,20.23,8.2,366254,18388,3933400,9503,532.6,104803,76155,44376,884.1,81.9,0,398346,0,0,344201875,4106791,61275,14936526,9946059,5198063,0,2316836,0,397336,20177775
1/10/2017,0,-20.05,-286.7,61.72,4249,38.75,2.51,335.3,97.86,62.91,0,29.43,0,4.97,201.6,33.7,22.11,13.9,249105,50880,3982786,7046,2512,177376,68098,42749,892.18,80.17,0,1487985,0,0,327462131,3230798,285229,24766608,10455375,4871604,0,2904877,0,387628,15769152
1/11/2017,0,-1.49,-574,0.43,4454,55.6,0.23,468.1,10.36,62.01,0,16.68,0,5.13,246.2,29.7,21.79,14.6,495287,353.5,4145932,10352,231.2,263794,6879,41959,883.74,66.41,0,-1868,0,0,292816460,3618791,15012,31337134,893975,4039351,0,1159168,0,345084,16094094
1/12/2017,0,-3,-428.7,19.81,4728,19.53,0.04,449.4,43.95,63.9,0,27.74,0,8.92,293.8,36.2,25.25,17.4,370739,16351,4413551,3858,37.66,255680,30036,43314,890.96,73.16,0,180996,0,0,349356733,1401501,2865,34329083,4974630,4646212,0,2332754,0,727100,21012576
1/01/2018,0,-4.83,-335,21.5,4628,21.92,0.79,640.8,77.77,68.07,0,26.67,0,10.46,288.4,37.5,26.13,17.4,289833,17891,4321024,4311,787.7,434827,52058,46318,889.69,78.12,0,264989,0,0,381151698,1785533,51198,55827881,9622510,5536594,0,2524843,0,1143161,21857836
1/02/2018,0,-2.07,-327.2,13.87,4220,16.66,4.39,492.6,56.77,60.3,0,69.83,0,11.49,218.7,35.7,24.96,17.8,284493,10750,3902122,3191,4385,347459,39050,41080,880.2,74.59,0,138912,0,0,305238110,1217205,660040,37531369,6589665,4276162,0,5142854,0,910651,15713595
1/03/2018,0,-1.48,-427,3.47,4489,2.46,0.95,654.2,21.74,68.46,0,90.74,0,14.02,217.6,35.2,24.18,18.3,371990,2808,4174455,564.7,953.8,437160,14646,46500,875.63,63.62,0,72952,0,0,281458766,156188,57490,41673982,1818860,4242940,0,5703788,0,907082,13873060
1/04/2018,0,-5.99,-513.9,0.11,4264,4.6,0.06,551,38.17,61.84,0,91.64,0,15.84,211.4,32,22.14,14.9,440993,91.51,3984640,1057,58.72,292267,25591,42234,866.35,64.81,0,336276,0,0,271387390,287126,3677,35900482,3198260,3911841,0,5922614,0,1003618,12762378
1/05/2018,0,-5.08,-536.2,2.19,4393,2.56,0.06,494.4,38.03,65.22,0,77.45,0,19.32,203,27.9,18.52,8.3,463415,1724,4078964,590,65.58,281219,25880,44403,872.22,66.69,0,223484,0,0,289312227,160097,3351,33329383,3510122,4204832,0,5224627,0,1145688,11403707
1/06/2018,0,-7.54,-557.8,0.2,4440,8.68,0.49,392.6,87.57,63.1,0,82,0,29.75,188.2,25.4,16.14,6.9,482147,163.1,4130531,1590,492.3,216733,58798,42832,874.41,83.98,0,430090,0,0,342799937,645857,53624,32136638,9677640,4757384,0,6560442,0,1985466,11468174
1/07/2018,0,-6.77,-382.7,1.83,4451,25.04,0.05,266.6,55.29,65.16,0,75.47,0,47.17,211.7,26.4,16.16,5.2,331262,1487,4153157,4913,49.2,141226,36662,44160,880.88,71.61,0,338282,0,0,312777640,1746158,3252,20637411,5842570,4458799,0,5506257,0,2781136,11833677
1/08/2018,0,-16.82,-438.6,2.01,4388,39.1,0.05,249.4,114.1,52.6,0,71.11,2.24,77.64,274.6,29.5,16.37,5.2,376046,1584,4114074,7546,51.53,134016,76695,35772,879.51,85.72,0,1034421,0,0,369822007,3214069,4068,23060835,13882878,4367103,0,7168137,225305,5317780,17874166
1/09/2018,0,-18.94,-494.7,0.01,4360,36.35,0.04,106,101.1,56.4,0,40.98,27.24,89.57,272,28.9,18.68,12.1,428386,7.76,4053414,6930,37.05,64951,68049,38066,883.6,83.28,0,1131499,0,0,354560426,2894429,2516,8297506,11853679,4498771,0,4424208,2011326,6244500,18097316
1/10/2018,0,-16.53,-373,3.51,4460,34.24,0.1,157.1,53.37,54.83,0,24.44,19.12,98.24,278.6,32.5,20.69,12.5,317195,2914,4058526,6475,97.92,89999,35703,36775,866.65,80.33,0,950513,0,0,348129999,2616024,7282,12879871,5524845,4199383,0,2367929,1443180,7409611,20253583
1/11/2018,0,-37.67,-159.9,48.85,4150,25.2,0.32,263.6,67.55,53.18,0,47.58,30.54,148,339.5,37.9,23.37,14.1,129770,38792,3764363,4891,324.5,141911,45422,35711,841.37,92.02,0,2611263,0,0,365345954,2186384,22363,25639885,8884832,4596783,0,5400779,2514621,13090009,29420457
1/12/2018,0,-12.03,-352.8,11.44,4635,20.11,0.61,249.6,43.84,41.07,0,80.05,35.22,140.3,323.6,35.7,25.41,17.2,295722,8938,4265721,3984,614.5,143590,29346,27966,855.29,82.52,0,640405,0,0,361961884,1629973,58026,21447153,4951932,3105048,0,6412038,2354265,11654156,27302972
1/01/2019,0,-12.07,-408.6,9.57,4569,18.21,0.03,495.2,141.7,63.17,0,114,39.11,144.1,346.7,33.6,27.29,20.2,338611,7939,4247862,3467,36.52,357878,94424,42810,853.55,96.97,0,798141,0,0,431780265,1772742,3346,50534578,17497893,5843027,0,11000275,3524281,14317314,35983429
1/02/2019,0,-13.11,-247.7,24.1,4017,19.1,1.61,479,65.49,54.54,0,109.7,21.11,132.4,283.6,34.8,26.78,18.9,206917,19426,3728509,3725,1606,339820,43603,36945,850.64,86.18,0,836983,0,0,338023510,1588787,189197,42852184,7046121,4511501,0,9328429,1601293,11379806,24346861
1/03/2019,0,-17.17,-397,8.18,4464,18.94,0.11,582.7,76.53,61.51,0,120.2,33.04,151.1,284.6,37.7,26.36,15.3,330479,6355,4153457,3589,114.1,392881,50859,41978,846.46,82.95,0,1111476,0,0,363921520,1471856,8835,49377833,7812177,4945421,0,10062106,2630778,12189500,22859039
1/04/2019,0,-10.15,-474.7,0.97,4230,6,1.75,211.2,31.18,64.64,0,115.2,62.1,176.4,259.2,29.4,22.41,15.8,389431,795.8,3916495,1380,1752,117862,20781,43956,841.21,70.25,0,463194,0,0,294148670,410712,229024,14800309,3136326,4387926,0,8101107,4138578,11074909,16035931
1/05/2019,0,-9.55,-373.7,4.54,4197,0.86,2.42,292.4,47.46,69.76,0,112.1,53.45,160.1,235.1,27.6,19.6,7.7,301002,3721,3818197,192.2,2420,182952,32216,47340,830.85,74.8,0,455016,0,0,311477188,62002,267735,22471093,5004532,5056086,0,8390017,3858023,9912596,14154116
1/06/2019,0,-11.75,-364,7.86,4007,18.76,4.06,357.9,92.47,67.57,0,104.7,46.04,154.1,206.5,27.5,17.6,7.6,298975,6452,3714267,3427,4061,224901,62001,45825,838.84,88.69,0,756218,0,0,347302390,1471288,558815,33245171,13354058,5673351,0,9694002,3799684,10331709,13117989
1/07/2019,0,-17.55,-333.2,12.51,4052,28.54,1.48,312.8,69.87,69.56,0,94.14,37.01,196.2,256.3,27.1,17.41,7.4,263272,9685,3708312,5503,1480,159522,46406,47128,821.24,68.55,0,668600,0,0,273373999,1876634,123106,23114347,6899048,4566566,0,6807130,2388035,9930975,12244794
1/08/2019,0,-13.83,-562,3.05,4110,36.89,1.33,307.1,100.2,67.12,0,63.78,55.19,240,311.5,28.7,17.91,7.7,453414,2310,3863645,7029,1329,154452,67325,45579,836.56,65.2,0,300871,0,0,262403604,2270895,97205,22566731,10807454,4107760,0,4450755,3424505,8649709,8547504
1/09/2019,0,-3.96,-653,0.29,3989,32.01,0.55,316.7,89.15,61.78,0,59.97,62.72,248.6,363.4,34.8,20.75,10.4,531520,194.5,3745616,6122,556.2,168251,59916,41804,830.42,62.95,0,-10144,0,0,234108403,1900215,100866,21290378,9799475,3395656,0,3723712,3558976,6806402,2700023
1/10/2019,0,-24.26,-552.8,1.49,4167,21.98,0.44,339,55.06,59.37,0,59.28,62.06,258.6,385.2,30.8,21.62,12.3,448442,1021,3905844,4218,440.3,176933,37056,40203,835.87,76.82,0,1263730,0,0,306995724,1612817,78598,28032077,6647294,4341397,0,5307526,4592574,14382666,17999490
1/11/2019,0,-21.74,-281.2,9.8,4040,22.91,0.24,304.5,33.08,52.08,0,32.21,64.9,327.3,424,34.8,25.08,15.1,219845,7447,3746771,4331,236.5,159817,22052,35200,819.36,63.21,0,635736,0,0,251904109,1435461,11608,21240177,3078222,3195182,0,2706810,4060730,16501139,19750593
1/12/2019,0,-19.33,-152.5,80.45,4223,19.01,0.08,336.8,61.06,61.97,0,26.68,60.44,343,449.5,41.2,26.54,17.4,118013,63931,3918889,3794,87.01,202168,41688,42109,824.23,56.73,0,818348,0,0,240408720,1116588,4538,21326618,5911410,3440275,0,2362537,3291230,17423285,23338711
1/01/2020,0,-17.08,-261.9,24.78,4505,11.61,0.15,523,61.97,59.95,0,39.96,46.67,257.7,404.9,33.5,26.99,20.7,213304,19859,4189959,2197,148.2,376806,42378,40736,849,70.94,0,786560,0,0,281952862,611591,10443,37450781,10786242,3579752,0,4483246,2782312,17249306,23934512
1/02/2020,0,-14.9,-221.6,30.22,4169,19.15,0.47,490.2,57.55,50.42,0,44.66,41.77,254.3,326.3,34.5,26.07,19.9,179786,22885,3858145,3448,476.6,361066,38812,33898,841.04,55.53,0,699590,0,0,222742111,1001027,35900,28174805,4623547,2637548,0,2705590,2150379,13172118,17390945
1/03/2020,0,-18.24,-440.7,18.07,4037,3.52,0.2,634.2,56.17,60.41,0,50.34,93.96,283.8,373.7,33.4,24.39,17.3,347578,14173,3751938,632.8,202.3,414049,37780,40957,818.66,43.11,0,422100,0,0,167725247,177694,12178,27532424,3399952,2453818,0,2477538,3656345,9922509,12464689
1/04/2020,0,-15.83,-318,10.11,3738,1,0.03,437.6,15.54,61.81,0,36.23,86.76,284.5,346.2,33.6,23.27,14.1,242580,7659,3410330,230.9,34.54,263499,10423,42016,804.93,38.24,0,221787,0,0,143841396,33773,1105,18203934,1027974,2299462,0,1899545,3008209,8237244,9661680
1/05/2020,0,-18.75,-390,1.4,3741,0.05,0.04,466.1,29.91,60.52,0,56.29,144.1,224.3,291.3,27.1,18.94,10.2,308733,1093,3481749,8.67,36.94,306567,20001,40976,820.8,33.05,0,9489,0,0,131312815,3344,1644,18783745,1923997,2058535,0,2541911,4725241,4701371,1749715
1/06/2020,0,-17.77,-446.3,0.78,3625,14.44,0.02,631.3,74.96,57.38,0,47.73,143.4,201.2,264.6,26.1,17.63,9.1,357579,611.8,3338004,2599,25.95,432016,50246,38727,808.99,35.39,0,98287,0,0,136750623,498957,790.6,26102796,6250932,2037784,0,2881139,4929034,3965849,4345256
1/07/2020,0,-20.89,-403.2,0.17,3725,15.22,0.05,611.3,96.29,65.44,0,67.14,126.9,220.7,291.2,25.4,16.83,7.6,312758,136.7,3361520,2799,57.05,412824,64170,44349,793.3,40.31,0,265158,0,0,148056124,598243,1832,26671270,5770748,2509785,0,3301574,4661141,5520908,6390699
1/08/2020,0,-30.34,-564.2,0.28,3858,22.25,0.38,407.5,71.9,57.41,0,61.96,112.3,259.4,375.4,27.2,17.43,8,439078,178.8,3475056,4304,379.2,268049,47980,39211,797.79,32.9,0,-97083,0,0,128217418,706772,16759,16314242,4118734,1830977,0,2899858,3641321,3281899,2559000
1/09/2020,0,-30.57,-278.9,0.64,3580,31.65,0.07,190.1,53.21,56.71,0,62.7,151,260.7,402.6,31.4,20.41,10.3,216566,479.1,3220916,6020,72.6,148353,35551,38431,792.99,29.38,0,-151949,0,0,103982623,879171,1714,6754522,2877955,1571916,0,2521979,4043844,2801686,2486013
1/10/2020,0,-30.52,-458.5,0.06,3886,30.93,0.32,359.9,28.54,55.54,0,52.85,134.6,273.4,472.3,30.5,22.4,14.6,360167,42.35,3537626,5899,326.7,233745,19213,37652,801.81,37.08,0,38042,0,0,129518004,974789,12611,14801246,1950600,1748960,0,2496444,4650397,5394252,8113695
1/11/2020,0,-32.48,-281.6,2.83,3899,26.14,0.13,281.2,49.1,45.48,0,72,126.9,342.2,535.5,32.2,23.94,15.5,217101,2043,3589631,4895,130.9,155273,33437,30552,794.29,48.52,0,630850,0,0,159162844,1004853,7551,14317948,3550480,1779258,0,3647508,5238244,9663326,12977176
1/12/2020,0,-18.69,-217.8,30.85,4274,12.18,3.83,384.1,81.77,50.11,0,30.09,130.8,304.9,471.3,33.9,25.03,17.3,171076,22838,3915546,2332,3823,241409,55968,33757,810.2,57.62,0,577523,0,0,221995921,651798,339765,23185176,7033256,2533683,0,2360237,6004068,16159388,23089870
1/01/2021,0,-18.04,-255.7,28.6,4113,11.64,0.52,376.7,29.79,51.29,0,105.1,142.6,283.3,481.4,35.3,24.97,18.5,198504,20955,3789780,2146,523.1,270842,20016,34655,809.32,41.79,0,498203,0,0,155159655,450681,40245,15563731,1755057,1896892,0,4068685,5172388,9819475,16854079
1/02/2021,0,-3.27,-130.3,56.69,3735,14.99,1.15,372.5,35.76,38.23,0,82.45,95.28,260.8,419.9,34.5,25.08,19,100627,42865,3427656,2770,1149,269598,24740,25705,810.18,43.61,0,87660,0,0,148577911,578914,49219,16192713,2095645,1495585,0,3232584,3692293,8927929,14934905
1/03/2021,0,-9.3,-165.5,39.82,4010,2.68,1.32,403.6,46.53,41.86,0,84.26,139.8,279.6,397.8,32.9,23.84,16.8,126328,30248,3640006,615.8,1319,273796,31774,28180,795.87,48.83,0,158964,0,0,158634681,102267,23744,17434349,2134412,1607910,0,3296082,5350854,9528324,11820438
1/04/2021,0,-24.73,-357.4,8.87,3908,1.41,0.33,263.5,46.02,50,0,98.85,133,222.4,364.1,32.7,20.53,12,280591,6372,3560961,323.6,326.1,149750,31072,33611,804.97,58.05,0,207394,0,0,196114649,65689,3239,17210064,3854929,2416878,0,5589151,5101494,6344987,3543795
1/05/2021,0,-30.83,-276.2,15.64,3755,1.41,17.98,257.3,121.8,53.42,0,104.8,152.8,239.4,344.9,27.5,18.14,8.8,212472,11728,3410222,324.1,17955,183541,83932,35971,800.27,139.69,0,359618,0,0,468927074,96097,12576033,48921605,65518727,7666982,0,30548082,10185380,22811942,15892696
1/06/2021,0,-34.54,-221.7,36.45,3389,15.2,13.93,510.4,211.1,48.32,0,99.68,146.4,207.4,311.6,23.9,15.77,6.8,163232,28211,3058412,2804,13906,325252,143369,32266,778.22,226.34,0,1455843,0,0,435235397,2259713,2189419,74111926,36945092,6056422,0,13469101,14494228,18991197,18296678
1/07/2021,0,-45.48,-290.3,17.6,3801,26.23,28.53,358,130.1,39.1,0.01,105.3,175.2,257,357.6,25.8,15.73,6.3,209999,13207,3535275,4805,28492,189966,88337,26112,798.78,151.84,0,2086560,0,0,413733351,2862757,7030805,48038006,23430682,4131821,315.3,16701864,15858307,14923789,18591785
1/08/2021,0,-39.71,-287.4,9.75,3755,33.12,3.16,316.8,46.12,40.49,0.01,49.32,179.9,263.2,441.9,27.4,17.27,7,213430,7020,3477000,6293,3152,186647,30933,26872,806.57,58.43,0,673339,0,0,212099230,1823418,362540,21835487,5583201,2172544,193.6,4899678,9878556,6425196,8023312
1/09/2021,0,-37.24,-177.5,12.58,3553,21.48,3.32,216.3,37.39,39.84,0.14,64.72,175.8,242.6,504.4,29.4,18.82,9.9,131150,8979,3279961,4096,3319,130229,25458,26277,806.07,56.66,0,136008,0,0,230910118,1260174,441219,18149290,5935244,2463146,1000,6872885,11424310,8050674,357036
1/10/2021,0,-32.21,-129.4,31.01,3662,27.91,8.04,227.3,104.2,42.87,0,82.44,128.1,304,575.7,36.3,22.29,12.6,91018,22259,3366038,5332,8030,161845,71218,28706,801.66,74.96,198.4,-175257,0,0,220220157,1758947,1209209,18895696,12116210,2508390,17.34,7328941,8169183,9534699,2174696
1/11/2021,-0.02,-39.08,-136.5,36.35,3725,19.14,2.43,243.2,93.32,44.57,0,74.68,151.5,277.4,519.6,30.8,22.85,12.4,98546,27614,3442541,3639,2428,154157,63620,30113,807.12,105.39,1102,1465415,0,0,406220474,1947486,512330,32078980,19398280,4700533,263.4,12488381,13152626,36821977,40819280
1/12/2021,-0.39,-59.19,-73.99,102.1,3775,12.47,3.59,332.7,70.52,47.3,0.03,70.67,121.2,368.4,638,32.8,24.19,17.9,51380,70972,3475860,2382,3583,197010,49251,31941,792.31,149.46,29660,2703593,0,0,507106302,1587516,6991940,72919693,35762558,5997790,2186,29467493,12222496,27754660,42515348
1/01/2022,-0.53,-78.86,-33.1,204.4,3819,12.75,2.34,287.9,120.4,41.16,0.05,104.7,145,361.7,588.5,31.8,25.16,19.3,21847,146028,3507119,2295,2336,150874,81787,27635,781.29,153.95,60517,6319346,0,0,550292188,1606434,2278932,55236509,40372356,5632561,6473,27617742,15259116,44341167,57435462
1/02/2022,-0.38,-47.45,-61.88,128,3432,6.83,2.92,239.9,103.2,38.99,0.25,112.2,144.6,332.1,505.2,35.1,23.96,18.1,43315,90219,3174445,1230,2920,125464,72747,26342,778.57,194.61,29702,3651431,0,0,559486565,1331097,10298783,67953552,59631301,5650115,21669,36260971,14996688,42581897,78847316
1/03/2022,-0.37,-45.56,-167.3,22.5,4102,0,1.21,323.4,106.7,35.58,0.23,110.2,125.2,338.5,519.5,34.3,24.02,18.3,122471,15516,3747376,0,1212,167617,74714,23605,789.04,170.93,47933,3320409,0,0,622998965,0,3713505,66639208,52494940,4876851,296728,34770847,12143038,34872277,43510685
1/04/2022,-1.58,-57.81,-143.6,27.31,3573,0,4.07,218.3,138.2,45.77,1.02,92.16,168.8,265.4,447.2,29.7,21.71,16.2,102735,19361,3257520,0,4063,118289,92163,31048,789.58,234.13,203466,6698153,0,0,792880035,0,3125947,55067768,47527382,9655839,552280,31060905,32334268,39067730,61958275
1/05/2022,-3.85,-43.3,-161.4,23.3,3565,0,7.67,448,134.1,49.53,2.96,113,159.6,227.8,289.6,27.9,19.74,11.2,115085,14889,3278692,0,7661,231210,89628,33553,782.89,365.66,899549,9183199,0,0,1317386854,0,8735028,179535047,82435855,17945796,3109829,59932200,51273813,59590422,63601434
1/06/2022,-2.57,-64.28,-454.1,4.35,3672,6.24,8.38,424.1,165.9,46.97,1.95,116.4,162.9,266.6,389,23.5,14.84,7.8,329076,2946,3326407,1123,8372,218900,114102,31955,774.94,432.18,486393,12869065,0,0,1445308124,1813918,4045951,195069834,99585707,18372372,2350141,63212778,69808496,59906952,81114770
1/07/2022,-3.5,-83.88,-456,6.58,3921,4.46,1.97,408.9,148.3,46.39,2.87,143.5,177.3,289.3,387.5,24,14.57,7.2,318503,4177,3529068,802.7,1969,210033,100844,31619,772.71,430.38,404368,15519840,0,0,1572317309,1231503,2989354,199468560,105499257,18098435,1387779,73952461,57120563,53064735,56302090
1/08/2022,-5,-79.11,-305,12.02,3672,25.34,0,288,117.2,43.28,4.22,100.4,176.4,312.9,487.5,28,16,6.1,213679,7961,3344265,4562,0,150363,80558,29630,780.18,144.36,215116,1367517,0,0,509944871,3478407,0,43751497,26387847,5861906,993577,20075215,23923967,17073279,15285413
1/09/2022,-4.97,-75.69,-194.4,37.26,3385,26.02,0.35,204.6,78.28,28.92,4.12,105.1,148.1,359.9,526.2,29,18.72,10.3,131370,25849,3161906,4684,350.6,119195,54162,20438,793.45,165.96,291435,3010854,0,0,554137838,4231738,111325,37557200,19782219,4615225,1105228,22641622,24911136,28595987,29138211
1/10/2022,-5.12,-52.24,-239.3,60.11,3560,23.85,0.06,237.1,83.58,42.56,4.15,68.64,173.7,396.7,573.9,33.8,20.9,12,167672,42173,3347942,4319,58.39,183227,56338,29403,802.93,162.02,386799,3435852,0,0,548569235,3494378,7987,41950849,18208633,6422198,1019339,13644183,27050297,36411606,57949561
1/11/2022,-4.74,-65.19,-159,108.5,3202,31.07,0,225.2,83.24,42.79,3.97,64.85,163.7,473,702.9,34.2,22.21,12.9,94843,69717,2968165,5910,0,176418,56119,29537,770.14,130.98,203370,1942268,0,0,396141472,3643717,0,34075127,17019928,4983144,837350,12057531,18718494,26727954,35263464
1/12/2022,-2.79,-74.13,-194.2,89,3431,20.1,0.48,202.2,61.5,42.13,2.07,68.42,163.5,543.2,713.7,34.3,23.08,15.8,123222,57478,3209039,3876,477.4,153933,41929,29281,774.91,92.67,72548,260477,0,0,317205131,1907871,54397,25849513,11235994,3626253,414654,9577481,15063637,17933702,15942714
1/01/2023,-3.1,-66.84,-261.5,42.25,3799,7.75,0,285.3,60.05,43.83,2.39,138.2,158.9,497.6,697.7,33.6,24.88,18.1,176870,28085,3473787,1681,0,221540,41737,30229,769.62,107.43,155282,2670538,0,0,398633055,774898,0,38292943,13216301,4410667,402986,18514190,15972182,30807607,42560308
1/02/2023,-3.54,-58.44,-296,36.62,3676,3.23,2.69,281.6,35.26,42.33,2.98,118,175,468.3,627.8,35.6,25.36,18.5,205326,24094,3370660,744.1,2681,201644,24315,29303,768.98,94.77,141959,1961879,0,0,343588004,310020,652973,34123903,6916164,3800734,468763,13294290,15765043,25182941,33539118
1/03/2023,-3.8,-45.88,-294.1,35.17,4108,0.59,2.52,336.3,81.97,45.77,3.12,130.9,141,451.7,631.9,36.3,25.46,16.8,208755,24229,3805806,135.7,2516,233691,56373,31699,790.2,138.38,287927,2395362,0,0,535352576,54748,3977453,63280881,32679566,5734799,1231195,22771097,14678340,35416841,43353535
1/04/2023,-5.03,-56.26,-267.5,39.56,3501,0,3.1,190,93.55,38.48,4.37,133.9,171.7,454.7,569.6,30.5,21.46,13.1,167466,29400,3188409,0.23,3095,146531,66163,26665,765.49,119.17,326615,1233117,0,0,414388001,64.09,896586,29440157,22335496,4383796,747749,19806859,17183973,21020304,19582930
1/05/2023,-4.99,-45.03,-434.5,16.03,3523,0.58,3.52,422.9,110.7,35.72,4.26,101.6,247.5,463.4,549.6,26.9,16.97,7.6,291682,11808,3259846,103.8,3513,285375,75120,25083,758.02,184.37,402967,1104164,0,0,636738844,285410,1788812,104920125,43463526,6018096,1792296,25937151,37356747,25046443,22833043
1/06/2023,-6.07,-37.17,-208.6,59.04,3408,19.2,2.45,349.8,87.05,40.13,5.26,73.16,226.8,369.1,456,25.5,16.38,7.6,136324,42475,3169407,3456,2443,237565,58889,28038,776.17,112.72,303111,971168,0,0,374168598,2095799,913366,51650944,22070782,4098634,911297,12649609,21269285,15754311,15426544
1/07/2023,-6.19,-47.24,-331.6,19.26,3729,7.61,0.34,347.7,48.65,37.76,5.33,73.14,243.3,402.5,461.9,27.6,16.12,7,225034,13729,3444543,1370,341.6,232376,32751,26239,778.51,84.8,211189,432667,0,0,316451697,726937,30611,39013678,8026089,2922278,740735,8842262,19752684,8236203,5009455
1/08/2023,-5.64,-61.36,-444,5.37,3530,23.92,1.93,295.6,48.41,45.99,4.81,104.9,258.2,492.2,594.7,29,17.84,8.9,301393,3692,3285682,4374,1925,196842,33081,32013,757.2,77.63,52568,-1526124,0,0,280155343,1747430,604329,35314579,12081176,3228408,765314,11169103,18382113,111464,-8046664
1/09/2023,-7.12,-104,-343.5,9.17,3281,24.33,0,219.7,31.78,44.45,5.93,121.3,282.2,471.6,692.2,31.8,19.44,11.1,224045,5549,2972786,4464,0,131836,21310,30843,728.97,59.77,-2015,-2722146,0,0,205503563,1519969,0,19696572,6645764,2300688,800999,12947545,16128528,-2601031,-13794285
1/10/2023,-5.46,-96.29,-205.9,60.2,3261,34.53,0,202.1,15.54,42.33,4.64,119.3,244.9,574.5,817.6,32,21.63,13.3,115072,40760,2955668,6689,0,130901,10478,29418,719.49,44.83,-34955,-2429785,0,0,151222113,1516024,0,14438480,1901847,1554336,533455,9309310,11685218,-3796423,-16403504
1/11/2023,-6.21,-71.52,-299.2,34.88,3466,32.71,1.2,314.3,31.31,33.43,5.02,91.22,238.8,550.5,698.4,34.3,22.7,15.2,191835,23917,3146386,6296,1195,190241,21547,23890,728.48,80.35,165634,302572,0,0,283006186,2500851,460868,36237971,7145463,2412199,866683,11165108,18690092,16610618,14571876
1/12/2023,-7.62,-88.22,-139.3,145.6,3651,7.93,1.58,297.2,65.23,42.75,6.34,121.9,216.2,648.9,827.1,37.8,26.09,19.1,78032,98205,3370236,1668,1581,181786,44541,29566,734.39,107.2,302412,978117,0,0,380802413,643877,1367729,50232319,22796163,3895514,1783504,19423365,18747295,26926621,37687061
1/01/2024,-7.61,-65.47,-85.95,196,3854,0,12.62,350.9,90.09,44.42,6.18,108.2,204.6,614.3,702,35.4,26.21,20.5,50042,132351,3584236,0,12600,229175,63013,30650,751.93,193.11,520773,3027174,0,0,696384327,0,15518054,110420768,72854976,7382948,6110121,36549322,28160094,48078350,58388600
1/02/2024,-7.37,-69.57,-118.2,124.2,3700,5.28,9.41,349,77.88,41.01,6.01,106.7,163.7,555.3,694.9,34.1,26.1,20.1,71359,84837,3421832,1214,9400,213484,54505,28564,757.07,136.05,405783,2931624,0,0,486269439,875694,6726194,69200658,35402023,4862043,2529704,20189117,17978423,38374183,50513934
1/03/2024,-7.56,-72.49,-161.7,103.9,3798,4.98,0.01,246.9,31.33,35.7,6.26,112.3,296.5,512.9,635.5,32.4,23.95,18.6,99478,66096,3502109,1145,10.9,151809,21175,25289,747.53,78.53,286126,1758704,0,0,302056319,441727,491.4,27278350,4874682,2693595,865285,10765549,21715534,21236777,25223167
1/04/2024,-7.2,-88.26,-269.3,49.74,3591,10.66,1.25,230.1,64.03,37.99,5.99,119.1,237.2,462.2,601.8,31.2,21.91,15.8,179016,34404,3328207,2199,1245,141405,43435,27139,764.77,90.6,270823,1757524,0,0,330060308,983973,251250,28332392,10897557,3253908,927705,13607104,20746126,15815090,15825064
1/05/2024,-11.09,-78.73,-396.5,1.5,3848,7.51,2.78,161.7,104.6,50.83,9.3,118.6,311.3,381.2,523.1,26.4,18.61,10.2,283711,952.9,3547601,1353,2778,121331,71443,35268,775.22,99.85,358668,156832,0,0,392305949,629563,491402,21904292,19006029,4706961,1676391,15404265,28961143,10400789,5621883
1/06/2024,-9.31,-79.19,-441.6,11.55,3860,11.84,4.82,223.2,147.7,45.32,7.88,113.1,164.3,396.1,521.4,27.2,15.96,8,309969,8041,3561627,2131,4812,165146,100957,31164,799.85,136.36,505497,1004603,0,0,522003505,1515672,1601468,40649173,37188035,5713621,1657311,19005706,20697185,16615591,13333717
1/07/2024,-10.19,-78.21,-294.4,65.4,3568,21.2,0.95,333.1,111,34.38,8.41,134.4,288.2,427.8,569.5,23.9,15.53,6.8,186184,46557,3275473,3858,945,206469,74740,23465,747.35,132.47,386668,1168692,0,0,467584593,2674750,175168,60285252,30857885,4215287,2449290,23842295,34303397,16803688,13556262
1/08/2024,-7.71,-100,-260.9,58.63,3404,18.96,0.3,305.7,116.8,38.56,6.04,129,238.2,463.6,654.8,32.3,18.59,7.3,159925,37437,3065655,3753,297.9,154078,78888,26529,726.95,147.98,172534,888744,0,0,508267607,2988242,72788,61727247,46893494,4813084,2253286,32276691,32388064,14426722,8716873
1/09/2024,-7.25,-112.1,-232.6,38.68,3197,29.73,0.21,235.4,25.24,28.15,5.73,121.3,244.9,470.5,776.5,33.3,19.94,11.8,137140,23242,2829165,5717,214.3,124970,16893,19543,712.65,58.08,-195315,-3364115,0,0,194581797,1663526,13002,20257143,4717353,1348438,871134,12371915,14508755,-5202933,-19372430
