date,Battery (Charging) -  GWh,Exports -  GWh,Imports -  GWh,Coal (Brown) -  GWh,Distillate -  GWh,Gas (Steam) -  GWh,Gas (CCGT) -  GWh,Gas (OCGT) -  GWh,Gas (Reciprocating) -  GWh,Battery (Discharging) -  GWh,Wind -  GWh,Solar (Utility) -  GWh,Solar (Rooftop) -  GWh,Temperature Max - C,Temperature Mean - C,Temperature Min - C,Exports Emissions Vol - tCO₂e,Imports Emissions Vol - tCO₂e,Coal (Brown) Emissions Vol - tCO₂e,Distillate Emissions Vol - tCO₂e,Gas (Steam) Emissions Vol - tCO₂e,Gas (CCGT) Emissions Vol - tCO₂e,Gas (OCGT) Emissions Vol - tCO₂e,Gas (Reciprocating) Emissions Vol - tCO₂e,Emissions Intensity - kgCO₂e/MWh,Volume Weighted Price - AUD/MWh,Battery (Charging) Market Value - AUD,Exports Market Value - AUD,Imports Market Value - AUD,Coal (Brown) Market Value - AUD,Distillate Market Value - AUD,Gas (Steam) Market Value - AUD,Gas (CCGT) Market Value - AUD,Gas (OCGT) Market Value - AUD,Gas (Reciprocating) Market Value - AUD,Battery (Discharging) Market Value - AUD,Wind Market Value - AUD,Solar (Utility) Market Value - AUD,Solar (Rooftop) Market Value - AUD
1998-12-01,0.00,0.00,0.00,275.30,1.39,210.10,1.41,4.74,0.00,0.00,0.00,0.00,0.00,0.00,0.00,0.00,0.00,0.00,312285.00,2017.00,148841.00,766.80,5392.00,0.00,0.00,32.55,0.00,0.00,0.00,6294591.00,0.00,3682237.00,0.00,40613.00,0.00,0.00,0.00,0.00,0.00
1999-01-01,0.00,0.00,0.00,344.20,0.00,310.20,0.00,0.85,0.00,0.00,0.00,0.00,0.00,0.00,0.00,0.00,0.00,0.00,390879.00,0.00,219825.00,0.00,1046.00,0.00,0.00,49.00,0.00,0.00,0.00,14970859.00,0.00,13269471.00,0.00,30812.00,0.00,0.00,0.00,0.00,0.00
1999-02-01,0.00,0.00,0.00,342.40,0.48,289.20,0.00,2.96,0.00,0.00,0.00,0.00,0.00,0.00,0.00,0.00,0.00,0.00,390864.00,688.60,204927.00,0.00,3691.00,0.00,0.00,79.40,0.00,0.00,0.00,18985687.00,14650.00,19922156.00,0.00,97343.00,0.00,0.00,0.00,0.00,0.00
1999-03-01,0.00,0.00,0.00,365.50,0.00,207.90,0.00,1.01,0.00,0.00,0.00,0.00,0.00,0.00,0.00,0.00,0.00,0.00,416113.00,0.00,147319.00,0.00,1317.00,0.00,0.00,46.17,0.00,0.00,0.00,15576419.00,0.00,8409677.00,0.00,38259.00,0.00,0.00,0.00,0.00,0.00
1999-04-01,0.00,0.00,0.00,150.20,0.27,330.60,0.00,2.82,0.00,0.00,0.00,0.00,0.00,0.00,0.00,0.00,0.00,0.00,173672.00,386.60,234245.00,0.00,3561.00,0.00,0.00,93.12,0.00,0.00,0.00,15683059.00,12217.00,20190109.00,0.00,203897.00,0.00,0.00,0.00,0.00,0.00
1999-05-01,0.00,0.00,0.00,195.50,0.15,367.10,0.56,0.42,0.00,0.00,0.00,0.00,0.00,0.00,0.00,0.00,0.00,0.00,228875.00,216.80,260135.00,302.50,560.00,0.00,0.00,47.22,0.00,0.00,0.00,7999495.00,5575.00,15769974.00,27333.00,6359.00,0.00,0.00,0.00,0.00,0.00
1999-06-01,0.00,0.00,0.00,370.80,0.00,292.90,0.15,1.88,0.00,0.00,0.00,0.00,0.00,0.00,0.00,0.00,0.00,0.00,423140.00,0.00,207506.00,83.68,2296.00,0.00,0.00,58.59,0.00,0.00,0.00,17388946.00,0.00,13959907.00,6074.00,67335.00,0.00,0.00,0.00,0.00,0.00
1999-07-01,0.00,0.00,0.00,366.20,0.00,242.60,0.00,2.17,0.00,0.00,0.00,0.00,0.00,0.00,0.00,0.00,0.00,0.00,415202.00,0.00,171888.00,0.00,2863.00,0.00,0.00,50.43,0.00,0.00,0.00,17594432.00,0.00,10949439.00,0.00,95140.00,0.00,0.00,0.00,0.00,0.00
1999-08-01,0.00,0.00,0.00,355.50,0.00,244.80,0.00,2.45,0.00,0.00,0.00,0.00,0.00,0.00,0.00,0.00,0.00,0.00,404542.00,0.00,173483.00,0.00,3250.00,0.00,0.00,54.09,0.00,0.00,0.00,18195934.00,0.00,11904755.00,0.00,127085.00,0.00,0.00,0.00,0.00,0.00
1999-09-01,0.00,0.00,0.00,249.00,0.00,277.50,0.00,0.67,0.00,0.00,0.00,0.00,0.00,0.00,0.00,0.00,0.00,0.00,285733.00,0.00,196619.00,0.00,872.10,0.00,0.00,48.15,0.00,0.00,0.00,12070488.00,0.00,11642439.00,0.00,29540.00,0.00,0.00,0.00,0.00,0.00
1999-10-01,0.00,0.00,0.00,288.50,0.11,251.10,0.00,1.31,0.00,0.00,0.00,0.00,0.00,0.00,0.00,0.00,0.00,0.00,330320.00,158.60,177919.00,0.00,1672.00,0.00,0.00,57.71,0.00,0.00,0.00,16500736.00,5906.00,13260999.00,0.00,126113.00,0.00,0.00,0.00,0.00,0.00
1999-11-01,0.00,0.00,0.00,365.90,0.07,194.20,0.00,5.34,0.00,0.00,0.00,0.00,0.00,0.00,0.00,0.00,0.00,0.00,414041.00,105.10,137618.00,0.00,5952.00,0.00,0.00,102.00,0.00,0.00,0.00,32566406.00,2375.00,19750819.00,0.00,287763.00,0.00,0.00,0.00,0.00,0.00
1999-12-01,0.00,0.00,0.00,338.10,0.38,262.90,0.00,2.22,0.00,0.00,0.00,0.00,0.00,0.00,0.00,0.00,0.00,0.00,385219.00,553.90,186312.00,0.00,2498.00,0.00,0.00,40.73,0.00,0.00,0.00,13189755.00,8407.00,9942158.00,0.00,57038.00,0.00,0.00,0.00,0.00,0.00
2000-01-01,0.00,0.00,0.00,380.80,0.07,305.30,0.00,7.48,0.00,0.00,0.00,0.00,0.00,0.00,0.00,0.00,0.00,0.00,434542.00,101.50,216346.00,0.00,7081.00,0.00,0.00,51.72,0.00,0.00,0.00,17386187.00,1848.00,13993162.00,0.00,296535.00,0.00,0.00,0.00,0.00,0.00
2000-02-01,0.00,0.00,0.00,384.70,0.86,396.90,40.47,28.56,0.00,0.00,0.00,0.00,0.00,0.00,0.00,0.00,0.00,0.00,446823.00,1252.00,281231.00,22042.00,22758.00,0.00,0.00,148.06,0.00,0.00,0.00,38169361.00,32534.00,48028981.00,1937137.00,1976611.00,0.00,0.00,0.00,0.00,0.00
2000-03-01,0.00,0.00,0.00,387.70,0.14,280.20,95.37,23.38,0.00,0.00,0.00,0.00,0.00,0.00,0.00,0.00,0.00,0.00,445452.00,208.20,198571.00,51948.00,16779.00,0.00,0.00,99.34,0.00,0.00,0.00,25340464.00,5115.00,30103997.00,8593432.00,1798198.00,0.00,0.00,0.00,0.00,0.00
2000-04-01,0.00,0.00,0.00,364.00,0.00,181.70,113.10,18.18,0.00,0.00,0.00,0.00,0.00,0.00,0.00,0.00,0.00,0.00,412128.00,0.00,128771.00,61587.00,12169.00,0.00,0.00,43.27,0.00,0.00,0.00,14549560.00,0.00,7328835.00,4504798.00,783813.00,0.00,0.00,0.00,0.00,0.00
2000-05-01,0.00,0.00,0.00,391.40,0.06,248.90,116.60,36.96,0.00,0.00,0.00,0.00,0.00,0.00,0.00,0.00,0.00,0.00,445853.00,91.35,176388.00,63512.00,25508.00,0.00,0.00,63.06,0.00,0.00,0.00,22779390.00,2586.00,14582541.00,6984472.00,2436524.00,0.00,0.00,0.00,0.00,0.00
2000-06-01,0.00,0.00,0.00,310.90,0.00,375.10,123.50,64.46,0.00,0.00,0.00,0.00,0.00,0.00,0.00,0.00,0.00,0.00,361899.00,0.00,265762.00,67292.00,45483.00,0.00,0.00,63.16,0.00,0.00,0.00,17952220.00,0.00,21995332.00,7354663.00,3896858.00,0.00,0.00,0.00,0.00,0.00
2000-07-01,0.00,0.00,0.00,390.90,0.00,350.10,127.30,79.49,0.00,0.00,0.00,0.00,0.00,0.00,0.00,0.00,0.00,0.00,454469.00,0.00,248064.00,69317.00,59733.00,0.00,0.00,61.19,0.00,0.00,0.00,22578610.00,0.00,19861072.00,7428104.00,4774429.00,0.00,0.00,0.00,0.00,0.00
2000-08-01,0.00,0.00,0.00,415.20,0.05,312.50,129.30,97.39,0.00,0.00,0.00,0.00,0.00,0.00,0.00,0.00,0.00,0.00,484894.00,75.77,221394.00,70439.00,76105.00,0.00,0.00,67.36,0.00,0.00,0.00,27515857.00,2661.00,21560867.00,8594022.00,6135555.00,0.00,0.00,0.00,0.00,0.00
2000-09-01,0.00,0.00,0.00,409.00,0.00,194.90,120.10,59.45,0.00,0.00,0.00,0.00,0.00,0.00,0.00,0.00,0.00,0.00,481005.00,0.00,138112.00,65352.00,40619.00,0.00,0.00,35.58,0.00,0.00,0.00,13593375.00,0.00,6887140.00,4028684.00,1951484.00,0.00,0.00,0.00,0.00,0.00
2000-10-01,0.00,0.00,0.00,343.30,0.15,212.40,127.80,60.57,0.00,0.00,0.00,0.00,0.00,0.00,0.00,0.00,0.00,0.00,388330.00,211.10,150495.00,68250.00,40451.00,0.00,0.00,46.46,0.00,0.00,0.00,14738168.00,4772.00,8741078.00,5354247.00,2661497.00,0.00,0.00,0.00,0.00,0.00
2000-11-01,0.00,0.00,0.00,369.00,0.44,246.10,129.40,62.83,0.00,0.00,0.00,0.00,0.00,0.00,0.00,0.00,0.00,0.00,418664.00,638.30,174363.00,69326.00,43142.00,0.00,0.00,61.11,0.00,0.00,0.00,19279643.00,12335.00,11521527.00,6849639.00,3381045.00,0.00,0.00,0.00,0.00,0.00
2000-12-01,0.00,0.00,0.00,375.80,0.03,223.50,168.00,29.40,0.00,0.00,0.00,0.00,0.00,0.00,0.00,0.00,0.00,0.00,426163.00,45.04,158332.00,87728.00,20640.00,0.00,0.00,39.48,0.00,0.00,0.00,13467588.00,529.40,8380335.00,5976009.00,1048138.00,0.00,0.00,0.00,0.00,0.00
2001-01-01,0.00,0.00,0.00,398.30,2.08,356.20,247.90,38.32,0.00,0.00,0.00,0.00,0.00,0.00,0.00,0.00,0.00,0.00,456922.00,3014.00,252418.00,125539.00,29831.00,0.00,0.00,96.49,0.00,0.00,0.00,28576755.00,180730.00,23443040.00,18043001.00,2656682.00,0.00,0.00,0.00,0.00,0.00
2001-02-01,0.00,0.00,0.00,364.60,2.22,298.90,271.20,32.66,0.00,0.00,0.00,0.00,0.00,0.00,0.00,0.00,0.00,0.00,423239.00,3212.00,211764.00,135558.00,24287.00,0.00,0.00,62.86,0.00,0.00,0.00,18643219.00,64849.00,12810944.00,12516165.00,1479784.00,0.00,0.00,0.00,0.00,0.00
2001-03-01,0.00,0.00,0.00,375.00,0.05,206.30,316.60,26.54,0.00,0.00,0.00,0.00,0.00,0.00,0.00,0.00,0.00,0.00,425490.00,66.58,146143.00,158327.00,17892.00,0.00,0.00,50.33,0.00,0.00,0.00,18733456.00,1244.00,11621626.00,13797500.00,1410820.00,0.00,0.00,0.00,0.00,0.00
2001-04-01,0.00,0.00,0.00,325.90,0.01,185.20,262.90,31.52,0.00,0.00,0.00,0.00,0.00,0.00,0.00,0.00,0.00,0.00,369416.00,8.70,131197.00,131658.00,21096.00,0.00,0.00,34.75,0.00,0.00,0.00,10459520.00,235.10,5602708.00,8797460.00,1051064.00,0.00,0.00,0.00,0.00,0.00
2001-05-01,0.00,0.00,0.00,372.50,0.17,200.50,319.70,7.42,0.00,0.00,0.00,0.00,0.00,0.00,0.00,0.00,0.00,0.00,421275.00,247.10,142032.00,160037.00,5256.00,0.00,0.00,40.24,0.00,0.00,0.00,14408929.00,7629.00,7849549.00,12463614.00,337254.00,0.00,0.00,0.00,0.00,0.00
2001-06-01,0.00,0.00,0.00,368.90,0.00,213.40,331.30,34.86,0.00,0.00,0.00,0.00,0.00,0.00,0.00,0.00,0.00,0.00,417085.00,0.00,151209.00,164637.00,22884.00,0.00,0.00,40.39,0.00,0.00,0.00,13369287.00,0.00,7062923.00,12160485.00,1258193.00,0.00,0.00,0.00,0.00,0.00
2001-07-01,0.00,0.00,0.00,379.70,0.00,240.10,316.40,55.23,0.00,0.00,0.00,0.00,0.00,0.00,0.00,0.00,0.00,0.00,429893.00,0.00,170114.00,158034.00,36098.00,0.00,0.00,65.36,0.00,0.00,0.00,18451703.00,0.00,10047723.00,14950149.00,2288329.00,0.00,0.00,0.00,0.00,0.00
2001-08-01,0.00,0.00,0.00,375.80,0.13,222.80,410.00,54.86,0.00,0.00,0.00,0.00,0.00,0.00,0.00,0.00,0.00,0.00,426889.00,182.90,157875.00,202455.00,35860.00,0.00,0.00,95.30,0.00,0.00,0.00,21894610.00,4576.00,11470272.00,26371871.00,4037597.00,0.00,0.00,0.00,0.00,0.00
2001-09-01,0.00,0.00,0.00,315.30,0.23,189.20,338.60,61.66,0.00,0.00,0.00,0.00,0.00,0.00,0.00,0.00,0.00,0.00,357073.00,328.00,134081.00,164830.00,40736.00,0.00,0.00,28.00,0.00,0.00,0.00,8483427.00,4935.00,5066258.00,9006664.00,1651001.00,0.00,0.00,0.00,0.00,0.00
2001-10-01,0.00,0.00,0.00,385.20,0.00,157.70,399.00,56.19,0.00,0.00,0.00,0.00,0.00,0.00,0.00,0.00,0.00,0.00,435710.00,3.71,111761.00,197027.00,37447.00,0.00,0.00,34.96,0.00,0.00,0.00,12100959.00,68.87,4374620.00,12422223.00,1766922.00,0.00,0.00,0.00,0.00,0.00
2001-11-01,0.00,0.00,0.00,346.00,0.01,171.10,233.20,54.42,0.00,0.00,0.00,0.00,0.00,0.00,0.00,0.00,0.00,0.00,392897.00,7.63,121216.00,118025.00,38917.00,0.00,0.00,29.54,0.00,0.00,0.00,9371807.00,90.16,4689508.00,6501941.00,1482183.00,0.00,0.00,0.00,0.00,0.00
2001-12-01,0.00,0.00,0.00,365.70,0.18,171.20,330.00,56.03,0.00,0.00,0.00,0.00,0.00,0.00,0.00,0.00,0.00,0.00,417817.00,258.00,121270.00,164464.00,38473.00,0.00,0.00,29.53,0.00,0.00,0.00,10327847.00,5053.00,4987434.00,9296900.00,1566253.00,0.00,0.00,0.00,0.00,0.00
2002-01-01,0.00,0.00,0.00,405.70,0.00,189.20,281.40,73.24,0.00,0.00,0.00,0.00,0.00,0.00,0.00,0.00,0.00,0.00,466757.00,5.90,134042.00,141598.00,49853.00,0.00,0.00,38.60,0.00,0.00,0.00,13990343.00,52.26,5926588.00,10390082.00,2742998.00,0.00,0.00,0.00,0.00,0.00
2002-02-01,0.00,0.00,0.00,363.40,0.02,171.80,266.90,47.23,0.00,0.00,0.00,0.00,0.00,0.00,0.00,0.00,0.00,0.00,417300.00,33.44,121721.00,133493.00,32179.00,0.00,0.00,37.29,0.00,0.00,0.00,12505878.00,375.00,5914478.00,8983743.00,1648446.00,0.00,0.00,0.00,0.00,0.00
2002-03-01,0.00,0.00,0.00,384.70,0.06,193.00,329.80,33.72,0.00,0.00,0.00,0.00,0.00,0.00,0.00,0.00,0.00,0.00,440688.00,91.80,136749.00,164360.00,22867.00,0.00,0.00,32.26,0.00,0.00,0.00,11506508.00,1965.00,5955232.00,10012126.00,1009272.00,0.00,0.00,0.00,0.00,0.00
2002-04-01,0.00,0.00,0.00,364.10,0.00,227.30,301.40,33.33,0.00,0.00,0.00,0.00,0.00,0.00,0.00,0.00,0.00,0.00,412173.00,0.00,161071.00,147780.00,22665.00,0.00,0.00,30.60,0.00,0.00,0.00,10681078.00,0.00,6411009.00,8412768.00,971625.00,0.00,0.00,0.00,0.00,0.00
2002-05-01,0.00,0.00,0.00,212.40,0.47,261.30,419.30,41.87,0.00,0.00,0.00,0.00,0.00,0.00,0.00,0.00,0.00,0.00,240726.00,681.00,185181.00,207023.00,31241.00,0.00,0.00,64.03,0.00,0.00,0.00,11873012.00,10666.00,15935084.00,25285220.00,2404061.00,0.00,0.00,0.00,0.00,0.00
2002-06-01,0.00,0.00,0.00,334.90,0.25,198.20,381.30,77.18,0.00,0.00,0.00,0.00,0.00,0.00,0.00,0.00,0.00,0.00,379001.00,357.50,140431.00,188722.00,54090.00,0.00,0.00,42.76,0.00,0.00,0.00,13403991.00,4636.00,8115327.00,15267150.00,2793898.00,0.00,0.00,0.00,0.00,0.00
2002-07-01,0.00,0.00,0.00,343.50,0.42,255.30,344.90,80.83,0.00,0.00,0.00,0.00,0.00,0.00,0.00,0.00,0.00,0.00,388458.00,601.80,180862.00,171973.00,57624.00,0.00,0.00,49.24,0.00,0.00,0.00,15395167.00,12842.00,11591741.00,13697857.00,3586555.00,0.00,0.00,0.00,0.00,0.00
2002-08-01,0.00,0.00,0.00,381.90,0.01,222.20,361.80,55.46,0.00,0.00,0.00,0.00,0.00,0.00,0.00,0.00,0.00,0.00,431829.00,20.43,157461.00,179685.00,37027.00,0.00,0.00,29.27,0.00,0.00,0.00,10760393.00,412.20,6220163.00,10244131.00,1498962.00,0.00,0.00,0.00,0.00,0.00
2002-09-01,0.00,0.00,0.00,364.20,0.00,211.40,331.50,60.89,0.00,0.00,0.00,0.00,0.00,0.00,0.00,0.00,0.00,0.00,411760.00,0.00,149784.00,164075.00,39958.00,0.00,0.00,29.35,0.00,0.00,0.00,10354289.00,0.00,5859830.00,9468615.00,1728105.00,0.00,0.00,0.00,0.00,0.00
2002-10-01,0.00,0.00,0.00,354.20,0.00,218.80,352.40,55.21,0.00,0.00,0.00,0.00,0.00,0.00,0.00,0.00,0.00,0.00,400418.00,0.32,155027.00,174917.00,37257.00,0.00,0.00,28.96,0.00,0.00,0.00,9759691.00,6.51,5949143.00,9794125.00,1476507.00,0.00,0.00,0.00,0.00,0.00
2002-11-01,0.00,0.00,0.00,343.10,1.47,207.20,335.10,57.24,0.00,0.00,0.00,0.00,0.00,0.00,0.00,0.00,0.00,0.00,388112.00,2128.00,146794.00,166417.00,38660.00,0.00,0.00,30.21,0.00,0.00,0.00,9748928.00,33478.00,5705642.00,9454609.00,1619477.00,0.00,0.00,0.00,0.00,0.00
2002-12-01,0.00,0.00,0.00,359.70,0.45,227.20,322.50,59.81,0.00,0.00,0.00,0.00,0.00,0.00,0.00,0.00,0.00,0.00,407552.00,647.50,161017.00,160704.00,41768.00,0.00,0.00,42.30,0.00,0.00,0.00,13003986.00,43915.00,8798854.00,12199911.00,2238437.00,0.00,0.00,0.00,0.00,0.00
2003-01-01,0.00,0.00,0.00,361.20,0.21,208.70,345.20,74.56,0.00,0.00,0.00,0.00,0.00,0.00,0.00,0.00,0.00,0.00,411091.00,307.10,147903.00,170811.00,53392.00,0.00,0.00,38.07,0.00,0.00,0.00,11370456.00,22782.00,6684466.00,11662774.00,2409740.00,0.00,0.00,0.00,0.00,0.00
2003-02-01,0.00,0.00,0.00,320.20,0.10,137.20,301.70,54.03,0.00,0.00,0.00,0.00,0.00,0.00,0.00,0.00,0.00,0.00,362406.00,148.10,97206.00,149980.00,35970.00,0.00,0.00,22.70,0.00,0.00,0.00,6841908.00,1801.00,2848175.00,6496263.00,1168604.00,0.00,0.00,0.00,0.00,0.00
2003-03-01,0.00,0.00,0.00,359.80,0.01,97.42,270.00,63.49,0.00,0.00,0.00,0.00,0.00,0.00,0.00,0.00,0.00,0.00,407560.00,13.71,69031.00,135627.00,42057.00,0.00,0.00,27.44,0.00,0.00,0.00,8669045.00,218.70,2713812.00,7546796.00,1624315.00,0.00,0.00,0.00,0.00,0.00
2003-04-01,0.00,0.00,0.00,353.00,0.10,137.20,96.34,46.05,0.00,0.00,0.00,0.00,0.00,0.00,0.00,0.00,0.00,0.00,399068.00,141.80,97190.00,52212.00,31037.00,0.00,0.00,22.75,0.00,0.00,0.00,7567111.00,1808.00,2901881.00,2054143.00,987505.00,0.00,0.00,0.00,0.00,0.00
2003-05-01,0.00,0.00,0.00,224.90,0.01,195.10,285.40,38.70,0.00,0.00,0.00,0.00,0.00,0.00,0.00,0.00,0.00,0.00,254315.00,21.21,138212.00,143159.00,28230.00,0.00,0.00,29.26,0.00,0.00,0.00,6138371.00,455.10,5414769.00,8406226.00,988537.00,0.00,0.00,0.00,0.00,0.00
2003-06-01,0.00,0.00,0.00,368.10,0.03,189.00,311.90,29.24,0.00,0.00,0.00,0.00,0.00,0.00,0.00,0.00,0.00,0.00,416206.00,41.81,133884.00,154154.00,20514.00,0.00,0.00,31.25,0.00,0.00,0.00,10639986.00,1363.00,5804830.00,9638186.00,901418.00,0.00,0.00,0.00,0.00,0.00
2003-07-01,0.00,0.00,0.00,385.10,0.00,170.80,334.20,54.67,0.00,0.00,0.00,0.00,0.00,0.00,0.00,0.00,0.00,0.00,435433.00,0.00,121020.00,166350.00,36587.00,0.00,0.00,29.74,0.00,0.00,0.00,10618625.00,0.00,4753608.00,9508381.00,1519686.00,0.00,0.00,0.00,0.00,0.00
2003-08-01,0.00,0.00,0.00,382.20,0.04,186.10,298.20,52.66,0.00,0.00,0.00,0.00,0.00,0.00,0.00,0.00,0.00,0.00,432122.00,60.13,131830.00,149244.00,35028.00,0.00,0.00,23.57,0.00,0.00,0.00,8682928.00,1206.00,3915510.00,6776827.00,1180977.00,0.00,0.00,0.00,0.00,0.00
2003-09-01,0.00,0.00,0.00,370.80,0.00,167.80,216.80,59.48,0.00,0.00,0.00,0.00,0.00,0.00,0.00,0.00,0.00,0.00,419188.00,0.00,118869.00,110372.00,39165.00,0.00,0.00,25.47,0.00,0.00,0.00,8808753.00,0.00,3807789.00,5174737.00,1405695.00,0.00,0.00,0.00,0.00,0.00
2003-10-01,0.00,0.00,0.00,337.00,0.06,199.30,205.40,51.20,0.00,0.00,0.00,0.00,0.00,0.00,0.00,0.00,0.00,0.00,381000.00,86.69,141201.00,104504.00,33961.00,0.00,0.00,25.42,0.00,0.00,0.00,8364015.00,1322.00,4743852.00,5034007.00,1285002.00,0.00,0.00,0.00,0.00,0.00
2003-11-01,0.00,0.00,0.00,346.30,0.01,171.80,254.10,34.11,0.00,0.00,0.00,0.00,0.00,0.00,0.00,0.00,0.00,0.00,392535.00,18.53,121701.00,127941.00,23647.00,0.00,0.00,38.78,0.00,0.00,0.00,11194564.00,166.90,5392855.00,8793559.00,1036934.00,0.00,0.00,0.00,0.00,0.00
2003-12-01,0.00,0.00,0.00,365.60,0.22,197.10,290.90,35.78,0.00,0.00,0.00,0.00,0.00,0.00,0.00,0.00,0.00,0.00,416310.00,315.80,139654.00,145665.00,25352.00,0.00,0.00,33.23,0.00,0.00,0.00,10645908.00,4186.00,5488907.00,8495701.00,1028092.00,0.00,0.00,0.00,0.00,0.00
2004-01-01,0.00,0.00,0.00,390.90,0.05,216.20,129.40,28.71,0.00,0.00,0.00,0.00,0.00,0.00,0.00,0.00,0.00,0.00,447532.00,68.49,153187.00,66891.00,18888.00,0.00,0.00,28.25,0.00,0.00,0.00,10468711.00,1678.00,5803792.00,3402253.00,779391.00,0.00,0.00,0.00,0.00,0.00
2004-02-01,0.00,0.00,0.00,371.10,1.05,261.70,188.70,42.31,0.00,0.00,0.00,0.00,0.00,0.00,0.00,0.00,0.00,0.00,423594.00,1523.00,185413.00,96741.00,32770.00,0.00,0.00,89.84,0.00,0.00,0.00,26329515.00,421999.00,22121240.00,14513498.00,3478482.00,0.00,0.00,0.00,0.00,0.00
2004-03-01,0.00,0.00,0.00,389.60,0.04,223.30,126.50,38.36,0.00,0.00,0.00,0.00,0.00,0.00,0.00,0.00,0.00,0.00,445680.00,57.30,158218.00,67826.00,28135.00,0.00,0.00,37.49,0.00,0.00,0.00,13046827.00,1284.00,7170974.00,4211759.00,1262585.00,0.00,0.00,0.00,0.00,0.00
2004-04-01,0.00,0.00,0.00,401.80,0.00,280.50,152.00,30.29,0.00,0.00,0.00,0.00,0.00,0.00,0.00,0.00,0.00,0.00,462981.00,0.00,198766.00,78486.00,20525.00,0.00,0.00,35.43,0.00,0.00,0.00,13097893.00,0.00,8495185.00,4589899.00,1010582.00,0.00,0.00,0.00,0.00,0.00
2004-05-01,0.00,0.00,0.00,326.90,0.04,363.40,216.80,60.40,0.00,0.00,0.00,0.00,0.00,0.00,0.00,0.00,0.00,0.00,382440.00,51.96,257498.00,110494.00,40858.00,0.00,0.00,39.23,0.00,0.00,0.00,11813127.00,1423.00,12998546.00,8152055.00,2110800.00,0.00,0.00,0.00,0.00,0.00
2004-06-01,0.00,0.00,0.00,344.30,0.00,324.50,201.10,66.63,0.00,0.00,0.00,0.00,0.00,0.00,0.00,0.00,0.00,0.00,412039.00,0.00,229946.00,102960.00,45048.00,0.00,0.00,43.33,0.00,0.00,0.00,13012293.00,0.00,12283202.00,7509076.00,2435106.00,0.00,0.00,0.00,0.00,0.00
2004-07-01,0.00,0.00,0.00,417.50,0.00,277.70,166.80,69.37,0.00,0.00,0.00,0.00,0.00,0.00,0.00,0.00,0.00,0.00,489923.00,1.16,196788.00,87068.00,47524.00,0.00,0.00,50.09,0.00,0.00,0.00,19309998.00,34.96,13186889.00,8721076.00,3067095.00,0.00,0.00,0.00,0.00,0.00
2004-08-01,0.00,0.00,0.00,417.80,0.00,230.10,148.00,63.62,0.00,0.00,0.00,0.00,0.00,0.00,0.00,0.00,0.00,0.00,484764.00,0.28,163054.00,77945.00,42824.00,0.00,0.00,39.53,0.00,0.00,0.00,16961178.00,7.63,8038388.00,6726550.00,2458370.00,0.00,0.00,0.00,0.00,0.00
2004-09-01,0.00,0.00,0.00,384.20,0.01,251.90,199.10,64.26,0.00,0.00,0.00,0.00,0.00,0.00,0.00,0.00,0.00,0.00,448650.00,21.01,178507.00,101907.00,42799.00,0.00,0.00,32.03,0.00,0.00,0.00,11856425.00,265.70,7691995.00,6207906.00,1965072.00,0.00,0.00,0.00,0.00,0.00
2004-10-01,0.00,0.00,0.00,440.00,0.10,333.80,117.90,71.64,0.00,0.00,0.00,0.00,0.00,0.00,0.00,0.00,0.00,0.00,517153.00,145.40,236507.00,57925.00,48676.00,0.00,0.00,44.83,0.00,0.00,0.00,18475627.00,3635.00,13163087.00,5074255.00,2941851.00,0.00,0.00,0.00,0.00,0.00
2004-11-01,0.00,0.00,0.00,418.10,0.01,306.10,72.66,61.21,0.00,0.00,0.00,0.00,0.00,0.00,0.00,0.00,0.00,0.00,491018.00,10.51,216894.00,34417.00,44609.00,0.00,0.00,82.97,0.00,0.00,0.00,26391024.00,168.20,15059421.00,5728627.00,3974977.00,0.00,0.00,0.00,0.00,0.00
2004-12-01,0.00,0.00,0.00,377.90,0.46,239.10,162.10,48.37,0.00,0.00,0.00,0.00,0.00,0.00,0.00,0.00,0.00,0.00,432837.00,663.80,169422.00,82705.00,33046.00,0.00,0.00,40.01,0.00,0.00,0.00,13735861.00,14157.00,8282211.00,6006859.00,1814846.00,0.00,0.00,0.00,0.00,0.00
2005-01-01,0.00,0.00,0.00,406.20,0.58,223.60,206.20,9.65,0.00,0.00,0.00,0.00,0.00,0.00,0.00,0.00,0.00,0.00,472142.00,826.90,158423.00,105326.00,8550.00,0.00,0.00,34.05,0.00,0.00,0.00,12624462.00,16177.00,6623529.00,6421069.00,225894.00,0.00,0.00,0.00,0.00,0.00
2005-02-01,0.00,0.00,0.00,359.50,0.29,184.10,185.00,26.37,0.00,0.00,0.00,0.00,0.00,0.00,0.00,0.00,0.00,0.00,414767.00,379.30,130458.00,94456.00,17854.00,0.00,0.00,32.57,0.00,0.00,0.00,10601222.00,7475.00,5103266.00,5366807.00,778131.00,0.00,0.00,0.00,0.00,0.00
2005-03-01,0.00,0.00,0.00,404.50,0.34,189.40,190.30,48.54,0.00,0.00,0.00,0.00,0.00,0.00,0.00,0.00,0.00,0.00,468911.00,465.00,134233.00,97715.00,32909.00,0.00,0.00,33.09,0.00,0.00,0.00,13130752.00,9908.00,5750752.00,6376349.00,1572075.00,0.00,0.00,0.00,0.00,0.00
2005-04-01,0.00,0.00,0.00,362.70,0.50,233.60,302.00,59.27,0.00,0.00,0.00,0.00,0.00,0.00,0.00,0.00,0.00,0.00,433422.00,712.50,165549.00,150525.00,41417.00,0.00,0.00,5.21,0.00,0.00,0.00,11534930.00,13425.00,7025280.00,9195768.00,1815761.00,0.00,0.00,0.00,0.00,0.00
2005-05-01,0.00,0.00,0.00,422.70,0.12,231.90,196.30,45.54,0.00,0.00,0.00,0.00,0.00,0.00,0.00,0.00,0.00,0.00,500513.00,151.40,164298.00,100520.00,33576.00,0.00,0.00,6.28,0.00,0.00,0.00,15975678.00,7008.00,8605038.00,7122892.00,1779718.00,0.00,0.00,0.00,0.00,0.00
2005-06-01,0.00,0.00,0.00,415.60,0.08,183.60,226.70,22.89,0.00,0.00,0.00,0.00,0.00,0.00,0.00,0.00,0.00,0.00,485080.00,79.18,130123.00,114836.00,15402.00,0.00,0.00,4.75,0.00,0.00,0.00,11932632.00,2487.00,4998881.00,6481681.00,657667.00,0.00,0.00,0.00,0.00,0.00
2005-07-01,0.00,0.00,0.00,431.60,0.09,217.60,270.30,36.30,0.00,0.00,0.00,0.00,0.00,0.00,0.00,0.00,0.00,0.00,506009.00,101.60,154160.00,136161.00,25120.00,0.00,0.00,4.95,0.00,0.00,0.00,12875455.00,2270.00,6356376.00,8127850.00,1037760.00,0.00,0.00,0.00,0.00,0.00
2005-08-01,0.00,0.00,0.00,432.40,0.57,210.50,254.10,37.11,0.00,0.00,0.00,0.00,0.00,0.00,0.00,0.00,0.00,0.00,508371.00,617.80,149155.00,127717.00,26592.00,0.00,0.00,4.77,0.00,0.00,0.00,12377877.00,13396.00,6026220.00,7279711.00,968285.00,0.00,0.00,0.00,0.00,0.00
2005-09-01,0.00,0.00,0.00,413.40,0.10,200.60,243.50,34.90,0.00,0.00,0.00,0.00,0.00,0.00,0.00,0.00,0.00,0.00,481264.00,103.50,142160.00,122579.00,23855.00,0.00,0.00,5.18,0.00,0.00,0.00,13129495.00,1745.00,6329780.00,7735362.00,1070634.00,0.00,0.00,0.00,0.00,0.00
2005-10-01,0.00,0.00,0.00,392.30,0.05,197.20,220.00,34.56,0.00,0.00,0.00,0.00,0.00,0.00,0.00,0.00,0.00,0.00,454543.00,71.30,139724.00,110671.00,23341.00,0.00,0.00,5.04,0.00,0.00,0.00,11702737.00,1688.00,6167672.00,6757875.00,1084249.00,0.00,0.00,0.00,0.00,0.00
2005-11-01,0.00,0.00,0.00,390.10,0.27,176.90,214.40,31.69,0.00,0.00,0.00,0.00,0.00,0.00,0.00,0.00,0.00,0.00,455592.00,270.40,125342.00,108364.00,21916.00,0.00,0.00,6.46,0.00,0.00,0.00,15809308.00,6068.00,6827913.00,8495724.00,1069591.00,0.00,0.00,0.00,0.00,0.00
2005-12-01,0.00,0.00,0.00,405.60,0.54,161.90,187.40,41.59,0.00,0.00,0.00,0.00,0.00,0.00,0.00,0.00,0.00,0.00,469502.00,679.90,114734.00,95724.00,29136.00,0.00,0.00,7.87,0.00,0.00,0.00,19884065.00,23711.00,6992344.00,8094614.00,1833542.00,0.00,0.00,0.00,0.00,0.00
2006-01-01,0.00,0.00,0.00,425.30,1.36,241.30,204.60,68.95,0.00,0.00,0.00,0.00,0.00,0.00,0.00,0.00,0.00,0.00,511830.00,1534.00,171008.00,102094.00,53825.00,0.00,0.00,11.94,0.00,0.00,0.00,30811240.00,90228.00,17001627.00,13702297.00,3977431.00,0.00,0.00,0.00,0.00,0.00
2006-02-01,0.00,0.00,0.00,364.60,0.27,140.70,209.60,67.20,0.00,0.00,0.00,0.00,0.00,0.00,0.00,0.00,0.00,0.00,421780.00,332.40,99673.00,105407.00,50030.00,0.00,0.00,5.49,0.00,0.00,0.00,12753614.00,5926.00,4292367.00,6886836.00,2178284.00,0.00,0.00,0.00,0.00,0.00
2006-03-01,0.00,0.00,0.00,382.90,0.11,201.80,244.70,60.12,0.00,0.00,0.00,0.00,0.00,0.00,0.00,0.00,0.00,0.00,449747.00,127.30,143012.00,122977.00,45237.00,0.00,0.00,5.08,0.00,0.00,0.00,11902672.00,2500.00,5922133.00,7562152.00,1831980.00,0.00,0.00,0.00,0.00,0.00
2006-04-01,0.00,0.00,0.00,247.10,0.08,199.80,199.30,30.57,0.00,0.00,0.00,0.00,0.00,0.00,0.00,0.00,0.00,0.00,301557.00,76.68,141592.00,101407.00,20292.00,0.00,0.00,4.47,0.00,0.00,0.00,6622991.00,2094.00,5321658.00,5513414.00,833682.00,0.00,0.00,0.00,0.00,0.00
2006-05-01,0.00,0.00,0.00,256.40,0.22,299.80,252.00,35.35,0.00,0.00,0.00,0.00,0.00,0.00,0.00,0.00,0.00,0.00,312623.00,229.80,212394.00,126927.00,24450.00,0.00,0.00,6.14,0.00,0.00,0.00,9162385.00,8848.00,11180970.00,9288856.00,1257574.00,0.00,0.00,0.00,0.00,0.00
2006-06-01,0.00,0.00,0.00,395.30,0.06,288.30,295.00,22.26,0.00,0.00,0.00,0.00,0.00,0.00,0.00,0.00,0.00,0.00,461921.00,65.39,204250.00,147462.00,14743.00,0.00,0.00,6.34,0.00,0.00,0.00,14956798.00,2483.00,10796017.00,11167184.00,805422.00,0.00,0.00,0.00,0.00,0.00
2006-07-01,0.00,0.00,0.00,456.40,0.48,183.30,317.20,42.92,0.00,0.00,0.00,0.00,0.00,0.00,0.00,0.00,0.00,0.00,538345.00,572.20,129879.00,157825.00,33100.00,0.00,0.00,7.46,0.00,0.00,0.00,20746004.00,10173.00,9856671.00,14966009.00,1655776.00,0.00,0.00,0.00,0.00,0.00
2006-08-01,0.00,0.00,0.00,466.60,0.26,152.30,318.40,37.17,0.00,0.00,0.00,0.00,0.00,0.00,0.00,0.00,0.00,0.00,556975.00,314.80,107914.00,156606.00,25895.00,0.00,0.00,7.56,0.00,0.00,0.00,21559809.00,9476.00,5943485.00,14058374.00,1659844.00,0.00,0.00,0.00,0.00,0.00
2006-09-01,0.00,0.00,0.00,432.80,0.00,160.60,346.10,44.29,0.00,0.00,0.00,0.00,0.00,0.00,0.00,0.00,0.00,0.00,510482.00,0.30,113768.00,171098.00,31680.00,0.00,0.00,5.27,0.00,0.00,0.00,13839908.00,8.30,5134750.00,11071416.00,1369329.00,0.00,0.00,0.00,0.00,0.00
2006-10-01,0.00,0.00,0.00,423.30,0.02,156.40,359.70,38.45,0.00,0.00,0.00,0.00,0.00,0.00,0.00,0.00,0.00,0.00,492126.00,22.27,110795.00,178080.00,26576.00,0.00,0.00,5.34,0.00,0.00,0.00,13738023.00,444.80,4730805.00,11532968.00,1213637.00,0.00,0.00,0.00,0.00,0.00
2006-11-01,0.00,0.00,0.00,423.50,0.18,198.20,293.40,44.92,0.00,0.00,0.00,0.00,0.00,0.00,0.00,0.00,0.00,0.00,497627.00,228.70,140431.00,145016.00,33316.00,0.00,0.00,6.02,0.00,0.00,0.00,15464357.00,3513.00,7441147.00,10437484.00,1513850.00,0.00,0.00,0.00,0.00,0.00
2006-12-01,0.00,0.00,0.00,407.50,0.50,162.30,316.30,27.43,0.00,0.00,0.00,0.00,0.00,0.00,0.00,0.00,0.00,0.00,474683.00,706.00,114989.00,156784.00,22981.00,0.00,0.00,4.82,0.00,0.00,0.00,11650932.00,27940.00,4903003.00,9432228.00,824635.00,0.00,0.00,0.00,0.00,0.00
2007-01-01,0.00,0.00,0.00,400.80,0.63,232.20,388.20,59.10,0.00,0.00,0.00,0.00,0.01,0.00,0.00,0.00,0.00,0.00,478036.00,760.20,164527.00,191564.00,54798.00,0.00,0.00,11.28,0.00,0.00,0.00,30104757.00,22716.00,17418591.00,25800110.00,2792223.00,0.00,0.00,0.00,0.00,619.60
2007-02-01,0.00,0.00,0.00,400.50,0.83,235.70,369.80,55.23,0.00,0.00,0.00,0.00,0.02,0.00,0.00,0.00,0.00,0.00,482994.00,1041.00,166989.00,182523.00,52164.00,0.00,0.00,9.09,0.00,0.00,0.00,22178827.00,33562.00,12873901.00,20820106.00,2077762.00,0.00,0.00,0.00,0.00,922.90
2007-03-01,0.00,0.00,0.00,461.90,0.20,270.20,413.70,41.58,0.00,0.00,0.00,0.00,0.03,0.00,0.00,0.00,0.00,0.00,549665.00,230.80,191458.00,203875.00,36897.00,0.00,0.00,8.65,0.00,0.00,0.00,24980730.00,7398.00,13915546.00,21727378.00,1696946.00,0.00,0.00,0.00,0.00,1443.00
2007-04-01,0.00,0.00,0.00,449.10,0.15,337.60,118.20,80.47,0.00,0.00,0.00,0.00,0.03,0.00,0.00,0.00,0.00,0.00,535035.00,165.20,239185.00,64266.00,83003.00,0.00,0.00,10.99,0.00,0.00,0.00,29980045.00,10842.00,22555786.00,7984193.00,5095588.00,0.00,0.00,0.00,0.00,1674.00
2007-05-01,0.00,0.00,0.00,420.90,0.13,267.50,367.50,40.25,0.00,0.00,0.00,0.00,0.02,0.00,0.00,0.00,0.00,0.00,496098.00,184.90,189516.00,182491.00,36855.00,0.00,0.00,9.05,0.00,0.00,0.00,22899846.00,7310.00,14319105.00,20068870.00,1874866.00,0.00,0.00,0.00,0.00,1103.00
2007-06-01,0.00,0.00,0.00,444.60,2.33,369.50,417.40,20.13,0.00,0.00,2.93,0.00,0.03,0.00,0.00,0.00,0.00,0.00,526487.00,2365.00,261804.00,205805.00,22274.00,0.00,0.00,16.97,0.00,0.00,0.00,44641243.00,288149.00,37936734.00,41674728.00,1470709.00,0.00,0.00,351164.00,0.00,2513.00
2007-07-01,0.00,0.00,0.00,469.20,0.69,367.50,327.20,7.92,0.00,0.00,9.21,0.00,0.03,0.00,0.00,0.00,0.00,0.00,562557.00,732.90,260395.00,162434.00,8452.00,0.00,0.00,11.06,0.00,0.00,0.00,31314115.00,48513.00,24699642.00,22773985.00,274656.00,0.00,0.00,619681.00,0.00,1859.00
2007-08-01,0.00,0.00,0.00,415.20,0.15,253.90,415.20,2.80,0.00,0.00,7.96,0.00,0.04,0.00,0.00,0.00,0.00,0.00,498286.00,167.10,179876.00,204821.00,2064.00,0.00,0.00,7.15,0.00,0.00,0.00,18237180.00,5740.00,10693708.00,17779505.00,95693.00,0.00,0.00,353071.00,0.00,1810.00
2007-09-01,0.00,0.00,0.00,426.60,0.13,270.50,352.60,19.07,0.00,0.00,13.10,0.00,0.11,0.00,0.00,0.00,0.00,0.00,508294.00,131.70,191630.00,170729.00,12558.00,0.00,0.00,7.34,0.00,0.00,0.00,18963968.00,6579.00,12055127.00,15437593.00,797781.00,0.00,0.00,576387.00,0.00,4684.00
2007-10-01,0.00,0.00,0.00,395.40,0.10,209.10,412.20,4.51,0.00,0.00,15.06,0.00,0.15,0.00,0.00,0.00,0.00,0.00,469680.00,99.87,148162.00,203182.00,3262.00,0.00,0.00,6.71,0.00,0.00,0.00,16035027.00,3835.00,8143799.00,16561811.00,184314.00,0.00,0.00,562644.00,0.00,6273.00
2007-11-01,0.00,0.00,0.00,418.00,0.18,296.40,371.90,19.10,0.00,0.00,9.63,0.00,0.18,0.00,0.00,0.00,0.00,0.00,487102.00,185.50,210052.00,183827.00,15513.00,0.00,0.00,7.61,0.00,0.00,0.00,19778929.00,6113.00,12479368.00,17033704.00,629463.00,0.00,0.00,444493.00,0.00,8577.00
2007-12-01,0.00,0.00,0.00,457.60,0.52,301.50,368.40,13.11,0.00,0.00,16.11,0.00,0.25,0.00,0.00,0.00,0.00,0.00,551606.00,535.40,213598.00,179803.00,9831.00,0.00,0.00,7.62,0.00,0.00,0.00,20366896.00,24720.00,13168541.00,16860851.00,613002.00,0.00,0.00,836279.00,0.00,11694.00
2008-01-01,0.00,0.00,0.00,453.60,1.06,224.00,395.90,32.06,0.00,0.00,31.00,0.00,0.30,0.00,0.00,0.00,0.00,0.00,547050.00,1473.00,158749.00,195064.00,27232.00,0.00,0.00,5.97,0.00,0.00,0.00,16351711.00,44138.00,7959409.00,14289911.00,1123594.00,0.00,0.00,1013343.00,0.00,11018.00
2008-02-01,0.00,0.00,0.00,411.40,0.76,186.00,370.80,15.59,0.00,0.00,41.09,0.00,0.29,0.00,0.00,0.00,0.00,0.00,497528.00,1071.00,131818.00,182817.00,13233.00,0.00,0.00,21.68,0.00,0.00,0.00,51150040.00,18238.00,27473615.00,44650496.00,1830532.00,0.00,0.00,6433430.00,0.00,36507.00
2008-03-01,0.00,0.00,0.00,414.90,2.14,260.40,388.30,73.04,0.00,0.00,41.19,0.00,0.31,0.00,0.00,0.00,0.00,0.00,500756.00,2977.00,184517.00,191812.00,61298.00,0.00,0.00,16.51,0.00,0.00,0.00,40504927.00,62061.00,27491031.00,38294060.00,7033877.00,0.00,0.00,5328229.00,0.00,30521.00
2008-04-01,0.00,0.00,0.00,258.50,0.00,320.10,251.60,38.75,0.00,0.00,37.59,0.00,0.26,0.00,0.00,0.00,0.00,0.00,318965.00,3.72,226820.00,127203.00,27784.00,0.00,0.00,13.01,0.00,0.00,0.00,20650089.00,163.70,27347482.00,21143023.00,2248172.00,0.00,0.00,2826606.00,0.00,20694.00
2008-05-01,0.00,0.00,0.00,334.40,0.00,348.10,440.80,32.17,0.00,0.00,41.80,0.00,0.21,0.00,0.00,0.00,0.00,0.00,401353.00,1.18,246614.00,217431.00,23267.00,0.00,0.00,12.44,0.00,0.00,0.00,25963061.00,41.48,22459708.00,36938559.00,1390284.00,0.00,0.00,2019019.00,0.00,17543.00
2008-06-01,0.00,0.00,0.00,427.40,0.05,273.80,414.90,12.58,0.00,0.00,67.87,0.00,0.23,0.00,0.00,0.00,0.00,0.00,505546.00,56.85,194015.00,204515.00,8474.00,0.00,0.00,10.87,0.00,0.00,0.00,30995756.00,1525.00,18720584.00,28543134.00,426422.00,0.00,0.00,3915240.00,0.00,16329.00
2008-07-01,0.00,0.00,0.00,450.50,0.16,236.90,400.10,12.11,0.00,0.00,93.32,0.00,0.20,0.00,0.00,0.00,0.00,0.00,529918.00,209.70,167827.00,196518.00,8729.00,0.00,0.00,8.53,0.00,0.00,0.00,24038700.00,3632.00,13108873.00,21757750.00,452676.00,0.00,0.00,3744856.00,0.00,10823.00
2008-08-01,0.00,0.00,0.00,449.10,0.00,289.50,432.50,17.50,0.00,0.00,82.93,0.00,0.25,0.00,0.00,0.00,0.00,0.00,531917.00,0.00,205121.00,213176.00,11793.00,0.00,0.00,6.38,0.00,0.00,0.00,17120209.00,0.00,11240550.00,16714955.00,600308.00,0.00,0.00,2987410.00,0.00,9567.00
2008-09-01,0.00,0.00,0.00,421.40,0.00,195.50,388.50,35.97,0.00,0.00,95.28,0.00,0.57,0.00,0.00,0.00,0.00,0.00,497211.00,0.00,138524.00,191685.00,23690.00,0.00,0.00,5.30,0.00,0.00,0.00,13520916.00,0.00,6435783.00,12496441.00,999459.00,0.00,0.00,2826551.00,0.00,18205.00
2008-10-01,0.00,0.00,0.00,389.60,0.12,221.10,416.00,29.62,0.00,0.00,79.40,0.00,0.73,0.00,0.00,0.00,0.00,0.00,463407.00,117.20,156678.00,205018.00,20870.00,0.00,0.00,13.22,0.00,0.00,0.00,33507368.00,3775.00,13943612.00,33043280.00,1149029.00,0.00,0.00,12618568.00,0.00,63583.00
2008-11-01,0.00,0.00,0.00,402.40,0.02,225.70,338.40,23.51,0.00,0.00,79.82,0.00,0.78,0.00,0.00,0.00,0.00,0.00,464445.00,23.74,159950.00,167756.00,16129.00,0.00,0.00,5.58,0.00,0.00,0.00,13720571.00,556.80,7758362.00,11060953.00,782317.00,0.00,0.00,2838548.00,0.00,26634.00
2008-12-01,0.00,0.00,0.00,364.90,0.01,117.20,369.00,1.47,0.00,0.00,84.90,0.00,0.99,0.00,0.00,0.00,0.00,0.00,419017.00,8.84,83060.00,182010.00,1409.00,0.00,0.00,9.77,0.00,0.00,0.00,22608751.00,142.40,12155750.00,22520568.00,39149.00,0.00,0.00,2677777.00,0.00,55647.00
2009-01-01,0.00,0.00,0.00,417.90,3.90,222.10,392.80,61.17,0.00,0.00,84.90,0.00,1.09,0.00,0.00,0.00,0.00,0.00,493550.00,5140.00,157374.00,193758.00,52735.00,0.00,763.08,40.15,0.00,0.00,0.00,102221667.00,365331.00,55411625.00,90498274.00,9916372.00,0.00,0.00,27147414.00,0.00,250143.00
2009-02-01,0.00,0.00,0.00,359.50,0.75,221.80,359.20,48.81,0.00,0.00,83.13,0.00,1.01,0.00,0.00,0.00,0.00,0.00,432197.00,987.60,157160.00,176971.00,39404.00,0.00,751.70,6.24,0.00,0.00,0.00,13992240.00,-26116.00,8515757.00,13438414.00,1423931.00,0.00,0.00,3083798.00,0.00,38987.00
2009-03-01,0.00,0.00,0.00,438.30,0.00,95.33,375.30,15.73,0.00,0.00,79.70,0.00,1.09,0.00,0.00,0.00,0.00,0.00,529861.00,0.00,67548.00,184182.00,11584.00,0.00,789.73,5.31,0.00,0.00,0.00,13973741.00,0.00,3162939.00,11541325.00,364672.00,0.00,0.00,2517140.00,0.00,34661.00
2009-04-01,0.00,0.00,0.00,401.80,0.10,207.80,328.10,27.66,0.00,0.00,75.34,0.00,0.90,0.00,0.00,0.00,0.00,0.00,478696.00,139.70,147260.00,162927.00,20854.00,0.00,778.13,5.86,0.00,0.00,0.00,13975534.00,2121.00,7503916.00,11481146.00,898428.00,0.00,0.00,2720751.00,0.00,31826.00
2009-05-01,0.00,0.00,0.00,413.30,0.00,246.60,356.60,26.63,0.00,0.00,69.13,0.00,0.70,0.00,0.00,0.00,0.00,0.00,500002.00,0.00,174707.00,175537.00,18775.00,0.00,781.31,5.59,0.00,0.00,0.00,13863828.00,0.00,8363776.00,11822713.00,802803.00,0.00,0.00,2139227.00,0.00,23572.00
2009-06-01,0.00,0.00,0.00,400.30,0.15,235.70,368.80,20.80,0.00,0.00,100.70,0.00,0.74,0.00,0.00,0.00,0.00,0.00,473367.00,165.90,167039.00,182428.00,15180.00,0.00,744.09,5.19,0.00,0.00,0.00,12182806.00,5075.00,7769081.00,11748230.00,566600.00,0.00,0.00,2797277.00,0.00,23036.00
2009-07-01,0.00,-44.52,80.34,459.60,0.08,149.90,377.50,19.17,0.00,0.00,143.70,0.00,0.63,0.00,0.00,0.00,27816.00,95656.00,549322.00,108.60,106186.00,186286.00,13769.00,0.00,778.83,27.24,0.00,0.00,0.00,12565539.00,1548.00,4026265.00,10423846.00,329442.00,0.00,0.00,3724182.00,0.00,17154.00
2009-08-01,0.00,-49.06,85.96,430.60,0.00,117.10,352.50,12.84,0.00,0.00,161.60,0.00,0.75,0.00,0.00,0.00,28335.00,104368.00,513092.00,3.40,82986.00,174172.00,8747.00,0.00,769.23,22.80,0.00,0.00,0.00,9793222.00,40.20,2648608.00,8165443.00,207475.00,0.00,0.00,3509086.00,0.00,16986.00
2009-09-01,0.00,-28.98,109.90,275.60,0.02,142.70,350.40,41.51,0.00,0.00,139.80,0.00,1.69,0.00,0.00,0.00,16490.00,133416.00,345731.00,21.38,101141.00,172391.00,29553.00,0.00,742.78,26.29,0.00,0.00,0.00,6991823.00,117.70,3776592.00,9329808.00,1094422.00,0.00,0.00,3714298.00,0.00,44319.00
2009-10-01,0.00,-30.65,96.66,255.00,0.00,153.40,392.70,56.01,0.00,0.00,122.90,0.00,2.15,0.00,0.00,0.00,16858.00,117196.00,323830.00,0.00,108670.00,193748.00,42912.00,0.00,735.64,27.80,0.00,0.00,0.00,7005698.00,0.00,4260791.00,10981295.00,1510391.00,0.00,0.00,3475000.00,0.00,60023.00
2009-11-01,0.00,-49.35,65.65,364.90,1.83,210.90,345.90,108.30,0.00,0.00,114.30,0.00,2.28,0.00,0.00,0.00,33014.00,74588.00,440778.00,2651.00,149444.00,170978.00,88604.00,0.00,769.10,188.46,0.00,0.00,0.00,82146493.00,32337.00,42515736.00,69518267.00,19459227.00,0.00,0.00,15167934.00,0.00,450230.00
2009-12-01,0.00,-60.55,64.11,472.10,0.28,125.80,351.60,33.22,0.00,0.00,110.50,0.00,2.87,0.00,0.00,0.00,40831.00,77435.00,568306.00,381.20,89125.00,173177.00,24860.00,0.00,813.50,23.69,0.00,0.00,0.00,11283482.00,6380.00,3014272.00,8389684.00,728487.00,0.00,0.00,2779035.00,0.00,68487.00
2010-01-01,0.00,-49.48,86.87,451.30,0.80,158.60,370.40,47.36,0.00,0.00,112.10,0.00,3.12,0.00,0.00,0.00,32537.00,101887.00,542727.00,1155.00,112381.00,182002.00,38830.00,0.00,803.47,157.46,0.00,0.00,0.00,47330933.00,4200699.00,36291886.00,42243611.00,33399370.00,0.00,0.00,17144644.00,0.00,303989.00
2010-02-01,0.00,-50.10,76.11,391.40,1.47,194.90,352.20,53.42,0.00,0.00,107.10,0.00,2.79,0.00,0.00,0.00,32914.00,89005.00,479278.00,2084.00,138084.00,173407.00,44687.00,0.00,793.28,204.51,0.00,0.00,0.00,61776240.00,6623904.00,49709170.00,56023088.00,47816352.00,0.00,0.00,6387954.00,0.00,368523.00
2010-03-01,0.00,-35.49,68.56,442.90,0.15,144.10,353.70,26.25,0.00,0.00,113.60,0.00,2.93,0.00,0.00,0.00,23568.00,81804.00,536176.00,215.30,102113.00,173812.00,19882.00,0.00,799.48,24.65,0.00,0.00,0.00,10552983.00,2200.00,4003987.00,8674217.00,775433.00,0.00,0.00,2355665.00,0.00,69112.00
2010-04-01,0.00,-17.97,112.20,340.80,0.35,267.40,174.30,36.47,0.00,0.00,95.39,0.00,2.38,0.00,0.00,0.00,11731.00,134636.00,412582.00,422.70,189442.00,89617.00,28795.00,0.00,836.29,31.12,0.00,0.00,0.00,9123317.00,32810.00,8233203.00,4349018.00,1276194.00,0.00,0.00,2204738.00,0.00,70417.00
2010-05-01,0.00,-55.41,63.61,387.90,0.00,259.10,343.70,33.18,0.00,0.00,80.94,0.00,1.86,0.00,0.00,0.00,38630.00,75981.00,465734.00,3.69,183616.00,170455.00,25010.00,0.00,792.59,30.98,0.00,0.00,0.00,11616828.00,499.80,8565683.00,10882442.00,1221041.00,0.00,0.00,2131546.00,0.00,55672.00
2010-06-01,0.00,-10.42,151.10,279.90,0.14,228.10,393.70,62.46,0.00,0.00,84.60,0.00,1.99,0.00,0.00,0.00,6137.00,179564.00,351269.00,162.90,161656.00,194308.00,47094.00,0.00,780.03,37.24,0.00,0.00,0.00,9663128.00,9676.00,9284473.00,13890999.00,2458603.00,0.00,0.00,2536285.00,0.00,70485.00
2010-07-01,0.00,-30.01,137.60,411.60,0.05,220.30,396.00,21.98,0.00,0.00,108.10,0.00,1.70,0.00,0.00,0.00,16828.00,164590.00,489804.00,57.81,156093.00,195456.00,15927.00,0.00,794.16,30.29,0.00,0.00,0.00,12058383.00,-18393.00,7099568.00,11819841.00,726255.00,0.00,0.00,2563243.00,0.00,49810.00
2010-08-01,0.00,-56.95,86.33,416.40,0.03,202.80,362.60,18.93,0.00,0.00,196.00,0.00,2.02,0.00,0.00,0.00,31264.00,103267.00,488691.00,36.54,143676.00,178589.00,14171.00,0.00,731.70,27.39,0.00,0.00,0.00,11159299.00,615.90,5896963.00,9969151.00,650771.00,0.00,0.00,4477802.00,0.00,52485.00
2010-09-01,0.00,-45.07,74.09,340.50,0.15,231.90,357.70,37.19,0.00,0.00,139.00,0.00,4.63,0.00,0.00,0.00,26311.00,88548.00,384932.00,192.50,164326.00,176223.00,26843.00,0.00,717.56,26.70,0.00,0.00,0.00,10959419.00,78649.00,7694465.00,12149484.00,1164619.00,0.00,0.00,3703423.00,0.00,116070.00
2010-10-01,0.00,-45.69,108.90,313.50,0.06,176.30,279.10,38.52,0.00,0.00,169.40,0.00,5.78,0.00,0.00,0.00,22749.00,128251.00,357585.00,80.47,124934.00,135487.00,29157.00,0.00,723.73,24.07,0.00,0.00,0.00,5261478.00,4721.00,6218055.00,8216098.00,1683801.00,0.00,0.00,1587375.00,0.00,128320.00
2010-11-01,0.00,-23.19,134.00,377.70,0.30,140.30,270.90,25.78,0.00,0.00,216.60,0.00,6.20,0.00,0.00,0.00,12373.00,148861.00,440726.00,361.80,99435.00,129508.00,20982.00,0.00,724.36,25.09,0.00,0.00,0.00,8271325.00,27342.00,3472596.00,6047286.00,849713.00,0.00,0.00,3538205.00,0.00,140041.00
2010-12-01,0.00,-58.81,78.94,387.50,0.07,129.40,334.50,14.80,0.00,0.00,281.80,0.00,7.93,0.00,0.00,0.00,30722.00,85507.00,448524.00,91.45,91677.00,165055.00,13869.00,0.00,662.56,18.74,0.00,0.00,0.00,7120142.00,3067.00,2789711.00,6330280.00,453379.00,0.00,0.00,4181367.00,0.00,139506.00
2011-01-01,0.00,-62.04,74.81,380.50,1.11,258.00,378.80,35.47,0.00,0.00,226.20,0.00,8.96,0.00,0.00,0.00,36155.00,87645.00,440980.00,1406.00,182802.00,186668.00,27618.00,0.00,689.15,175.30,0.00,0.00,0.00,22429273.00,5082904.00,72399964.00,43041745.00,32964605.00,0.00,0.00,11251996.00,0.00,923170.00
2011-02-01,0.00,-91.88,49.70,382.10,0.26,246.50,319.40,15.78,0.00,0.00,265.50,0.00,8.46,0.00,0.00,0.00,55788.00,57067.00,461407.00,350.40,174629.00,157828.00,12182.00,0.00,680.23,32.55,0.00,0.00,0.00,11394021.00,24140.00,9407457.00,10247885.00,1012463.00,0.00,0.00,7050089.00,0.00,253794.00
2011-03-01,0.00,-72.35,60.36,386.70,0.72,165.30,301.20,34.10,0.00,0.00,302.10,0.00,9.49,0.00,0.00,0.00,40470.00,71976.00,447193.00,1007.00,117101.00,149657.00,25692.00,0.00,655.41,23.14,0.00,0.00,0.00,8848803.00,18420.00,3186973.00,6887697.00,879783.00,0.00,0.00,5766685.00,0.00,212291.00
2011-04-01,0.00,-22.18,106.40,321.50,0.09,140.10,273.90,26.84,0.00,0.00,233.60,0.00,8.08,0.00,0.00,0.00,11437.00,130053.00,363527.00,89.17,99268.00,136039.00,19969.00,0.00,682.72,27.75,0.00,0.00,0.00,8721486.00,2507.00,4057481.00,7662151.00,763896.00,0.00,0.00,5944131.00,0.00,220342.00
2011-05-01,0.00,-44.85,71.97,291.60,0.12,249.40,382.00,21.97,0.00,0.00,225.40,0.00,6.76,0.00,0.00,0.00,23524.00,85838.00,329746.00,159.80,176715.00,188528.00,17193.00,0.00,646.84,34.64,0.00,0.00,0.00,9153881.00,-26529.00,8779458.00,12736474.00,798589.00,0.00,0.00,6256684.00,0.00,227101.00
2011-06-01,0.00,-31.22,145.40,245.10,0.12,213.00,325.20,8.41,0.00,0.00,330.10,0.00,8.27,0.00,0.00,0.00,13423.00,172762.00,277158.00,139.00,150936.00,161480.00,5781.00,0.00,610.65,32.22,0.00,0.00,0.00,7490225.00,4730.00,7213598.00,10641903.00,373405.00,0.00,0.00,9037560.00,0.00,255252.00
2011-07-01,0.00,-32.15,152.00,218.10,0.11,259.40,332.10,17.32,0.00,0.00,336.00,0.00,7.18,0.00,0.00,0.00,13616.00,180339.00,246555.00,113.50,183795.00,165202.00,12732.00,0.00,604.21,35.13,0.00,0.00,0.00,6456234.00,5603.00,10348262.00,12120942.00,993872.00,0.00,0.00,9388634.00,0.00,237801.00
2011-08-01,0.00,-8.75,206.70,102.20,0.00,238.80,367.40,16.54,0.00,0.00,271.90,0.00,8.66,0.00,0.00,0.00,3352.00,254441.00,115524.00,1.82,169189.00,181872.00,11246.00,0.00,610.08,35.42,0.00,0.00,0.00,3354627.00,89.68,9022829.00,13138057.00,725172.00,0.00,0.00,8242174.00,0.00,298181.00
2011-09-01,0.00,-24.24,170.80,183.50,0.12,170.30,223.20,32.13,0.00,0.00,357.70,0.00,20.10,0.00,0.00,0.00,9230.00,208077.00,226832.00,153.30,120641.00,111121.00,26026.00,0.00,613.93,39.63,0.00,0.00,0.00,5772508.00,6440.00,6337426.00,7257902.00,1369482.00,0.00,0.00,10050354.00,0.00,763197.00
2011-10-01,0.00,-17.99,150.80,245.90,0.53,125.50,299.20,25.05,0.00,0.00,266.90,0.00,25.46,0.00,0.00,0.00,7723.00,185712.00,305594.00,727.50,88914.00,149119.00,20385.00,0.00,677.74,42.38,0.00,0.00,0.00,7040784.00,23121.00,3940508.00,8793336.00,878712.00,0.00,0.00,6605282.00,0.00,1025783.00
2011-11-01,0.00,-19.69,132.60,235.00,0.14,155.80,316.60,18.86,0.00,0.00,262.70,0.00,26.76,0.00,0.00,0.00,9384.00,160964.00,290661.00,163.40,110395.00,156900.00,13635.00,0.00,656.38,31.71,0.00,0.00,0.00,6843857.00,-14619.00,4813233.00,9420465.00,517656.00,0.00,0.00,6886580.00,0.00,820996.00
2011-12-01,0.00,-21.33,94.92,287.60,0.01,167.80,315.70,9.78,0.00,0.00,281.50,0.00,32.76,0.00,0.00,0.00,10223.00,117164.00,325120.00,15.57,118929.00,156441.00,6991.00,0.00,628.92,24.66,0.00,0.00,0.00,7045209.00,300.30,4327906.00,7823775.00,348038.00,0.00,0.00,6065241.00,0.00,778705.00
2012-01-01,0.00,-36.78,54.75,234.00,0.15,244.30,319.60,14.57,0.00,0.00,389.00,0.00,34.61,0.00,0.00,0.00,4656.00,65434.00,276449.00,184.70,173113.00,158366.00,11830.00,0.00,558.15,27.81,0.00,8725.00,-158142.00,6249691.00,6076.00,7916438.00,8964320.00,687208.00,0.00,0.00,9001218.00,0.00,886708.00
2012-02-01,0.00,-37.82,42.75,341.50,0.16,208.30,326.00,2.02,0.00,0.00,260.80,0.00,29.86,0.00,0.00,0.00,2326.00,53089.00,407727.00,201.00,147597.00,160542.00,1652.00,0.00,671.92,28.34,0.00,26266.00,-81125.00,9456134.00,4981.00,6510179.00,9248873.00,127015.00,0.00,0.00,6511323.00,0.00,810699.00
2012-03-01,0.00,-30.44,143.40,212.80,0.08,163.20,342.80,0.17,0.00,0.00,293.20,0.00,30.07,0.00,0.00,0.00,12105.00,174201.00,240614.00,115.00,115619.00,169421.00,171.30,0.00,611.48,26.31,0.00,0.00,0.00,5305950.00,1730.00,4581219.00,9175329.00,5832.00,0.00,0.00,6827846.00,0.00,774001.00
2012-04-01,0.00,-57.02,67.15,245.30,0.06,272.70,320.10,7.72,0.00,0.00,221.00,0.00,23.29,0.00,0.00,0.00,29268.00,83601.00,277387.00,80.23,193258.00,158062.00,5718.00,0.00,639.58,29.51,0.00,0.00,0.00,7442371.00,1768.00,8465540.00,9475164.00,331365.00,0.00,0.00,5272541.00,0.00,677971.00
2012-05-01,0.00,-34.19,109.30,346.50,0.18,212.00,296.60,2.10,0.00,0.00,270.10,0.00,17.58,0.00,0.00,0.00,17130.00,134557.00,391743.00,207.40,150231.00,147658.00,1570.00,0.00,672.58,29.81,0.00,0.00,0.00,10241425.00,6046.00,6601942.00,8766978.00,69938.00,0.00,0.00,7385913.00,0.00,511578.00
2012-06-01,0.00,-69.56,53.34,347.30,0.06,227.30,324.80,14.37,0.00,0.00,352.50,0.00,18.93,0.00,0.00,0.00,35844.00,61914.00,392713.00,81.42,161058.00,161718.00,10110.00,0.00,601.35,29.67,0.00,0.00,0.00,10487016.00,2064.00,5391082.00,10289340.00,702783.00,0.00,0.00,8687784.00,0.00,495398.00
2012-07-01,0.00,-16.73,175.20,63.53,0.17,291.60,439.90,28.95,0.00,0.00,274.70,0.00,15.50,0.00,0.00,0.00,6057.00,193502.00,71824.00,181.40,206624.00,217445.00,21174.00,0.00,560.47,82.38,0.00,0.00,0.00,6450341.00,37970.00,27399254.00,36624252.00,3372794.00,0.00,0.00,17902428.00,0.00,1235505.00
2012-08-01,0.00,-15.31,157.40,0.00,0.42,272.30,423.10,21.36,0.00,0.00,388.80,0.00,17.52,0.00,0.00,0.00,4051.00,175129.00,0.00,591.00,192929.00,209232.00,15923.00,0.00,472.53,64.62,0.00,0.00,0.00,0.00,26885.00,18408534.00,26494169.00,1671136.00,0.00,0.00,21687474.00,0.00,1109541.00
2012-09-01,0.00,-41.50,104.60,59.72,0.11,194.20,392.40,16.83,0.00,0.00,346.00,0.00,37.39,0.00,0.00,0.00,12432.00,120937.00,67523.00,146.40,137595.00,193767.00,11759.00,0.00,484.26,54.93,0.00,0.00,0.00,2657892.00,5680.00,12653650.00,22043524.00,1283756.00,0.00,0.00,15422307.00,0.00,2011955.00
2012-10-01,0.00,-63.50,42.14,295.90,0.06,112.00,406.40,16.67,0.00,0.00,288.20,0.00,44.06,0.00,0.00,0.00,30859.00,47553.00,334516.00,82.38,79357.00,199579.00,12183.00,0.00,585.14,51.60,0.00,0.00,0.00,15200953.00,3315.00,5995593.00,20954535.00,984105.00,0.00,0.00,13927886.00,0.00,2245297.00
2012-11-01,0.00,-61.59,46.31,313.80,0.44,118.70,383.00,15.97,0.00,0.00,277.80,0.00,43.74,0.00,0.00,0.00,32133.00,54069.00,354737.00,502.70,84113.00,189248.00,13295.00,0.00,606.55,71.10,0.00,0.00,0.00,17530575.00,70202.00,9100368.00,22454639.00,1458694.00,0.00,0.00,15079126.00,0.00,2789299.00
2012-12-01,0.00,-51.47,67.51,330.80,0.41,108.90,359.90,9.75,0.00,0.00,305.40,0.00,53.72,0.00,0.00,0.00,24776.00,80398.00,373976.00,479.20,77174.00,178539.00,8385.00,0.00,613.66,56.56,0.00,0.00,0.00,20714985.00,118943.00,9976705.00,22829884.00,1067041.00,0.00,0.00,18181210.00,0.00,2946004.00
2013-01-01,0.00,-26.62,97.33,326.30,0.45,184.80,370.10,14.50,0.00,0.00,282.30,0.00,55.91,0.00,0.00,0.00,13070.00,111045.00,368891.00,547.50,130934.00,183146.00,11956.00,0.00,635.19,67.59,0.00,0.00,0.00,19894587.00,451284.00,17120046.00,23074857.00,4160692.00,0.00,0.00,14550161.00,0.00,3305958.00
2013-02-01,0.00,-14.03,107.00,300.20,0.38,175.80,357.40,19.00,0.00,0.00,238.90,0.00,47.53,0.00,0.00,0.00,6883.00,117614.00,339396.00,505.30,124543.00,176509.00,14956.00,0.00,647.14,62.98,0.00,0.00,0.00,16705974.00,36573.00,11496502.00,20243385.00,1543277.00,0.00,0.00,12454331.00,0.00,2781930.00
2013-03-01,0.00,-28.60,104.40,313.20,0.18,167.90,352.50,23.77,0.00,0.00,304.30,0.00,47.20,0.00,0.00,0.00,12410.00,120753.00,354098.00,196.30,118959.00,174979.00,19605.00,0.00,627.14,61.34,0.00,0.00,0.00,16697308.00,6549.00,10084389.00,18813247.00,1578033.00,0.00,0.00,14037786.00,0.00,2719664.00
2013-04-01,0.00,-3.10,299.60,109.90,0.21,103.00,254.20,41.37,0.00,0.00,221.60,0.00,35.93,0.00,0.00,0.00,635.00,342880.00,124237.00,255.20,73000.00,128151.00,36270.00,0.00,685.80,79.53,0.00,0.00,0.00,7044013.00,15433.00,8097511.00,17669779.00,3538783.00,0.00,0.00,12540384.00,0.00,2763376.00
2013-05-01,0.00,-2.64,260.30,3.94,1.27,190.80,294.70,51.48,0.00,0.00,321.10,0.00,25.99,0.00,0.00,0.00,620.40,290588.00,4453.00,1353.00,135224.00,148734.00,49564.00,0.00,561.40,114.49,0.00,0.00,0.00,215287.00,237365.00,24188568.00,29908848.00,7321958.00,0.00,0.00,22524968.00,0.00,2826672.00
2013-06-01,0.00,-8.20,249.60,114.30,0.89,222.10,297.90,61.65,0.00,0.00,226.10,0.00,26.16,0.00,0.00,0.00,2958.00,279281.00,129225.00,964.50,157342.00,149323.00,56201.00,0.00,660.78,117.61,0.00,0.00,0.00,11100341.00,928255.00,24164292.00,27638342.00,12910397.00,0.00,0.00,13512572.00,0.00,2859549.00
2013-07-01,0.00,-20.99,194.60,116.80,0.18,213.70,329.70,26.57,0.00,0.00,364.00,0.00,21.22,0.00,0.00,0.00,6435.00,210925.00,132050.00,191.50,151450.00,166202.00,21896.00,0.00,552.27,72.48,0.00,0.00,0.00,8396268.00,14016.00,16458424.00,22400378.00,2467141.00,0.00,0.00,21458471.00,0.00,1477760.00
2013-08-01,0.00,-5.57,235.20,0.00,0.10,225.70,212.80,70.76,0.00,0.00,451.70,0.00,23.99,0.00,0.00,0.00,1237.00,257150.00,0.00,116.30,159937.00,105218.00,55369.00,0.00,484.22,74.24,0.00,0.00,0.00,0.00,185199.00,20372823.00,15645047.00,8435401.00,0.00,0.00,28679916.00,0.00,1709287.00
2013-09-01,0.00,-15.91,187.50,0.69,0.15,163.40,264.90,42.37,0.00,0.00,366.50,0.00,51.94,0.00,0.00,0.00,3661.00,200109.00,776.90,186.30,115804.00,133098.00,33011.00,0.00,474.77,63.22,0.00,0.00,0.00,29978.00,15277.00,10075280.00,15012199.00,2861150.00,0.00,0.00,19102893.00,0.00,3183922.00
2013-10-01,0.00,-29.51,147.70,207.40,0.03,102.80,234.90,21.48,0.00,0.00,380.90,0.00,62.19,0.00,0.00,0.00,9467.00,167170.00,234461.00,30.17,72835.00,121198.00,16939.00,0.00,565.98,58.44,0.00,0.00,0.00,11755576.00,1368.00,6197649.00,12922122.00,1634936.00,0.00,0.00,19276472.00,0.00,3572193.00
2013-11-01,0.00,-21.39,101.20,243.90,0.08,119.40,278.10,11.96,0.00,0.00,307.00,0.00,62.55,0.00,0.00,0.00,9356.00,116954.00,275787.00,112.30,84632.00,140266.00,8619.00,0.00,593.14,50.55,0.00,0.00,0.00,12257810.00,4059.00,6247088.00,13923498.00,712115.00,0.00,0.00,14706374.00,0.00,3116241.00
2013-12-01,0.00,-24.50,165.90,171.60,0.22,141.40,308.30,22.97,0.00,0.00,311.60,0.00,75.17,0.00,0.00,0.00,8267.00,192586.00,194013.00,227.20,100207.00,155692.00,18071.00,0.00,594.56,103.31,0.00,0.00,0.00,18032250.00,1091619.00,35380353.00,34186090.00,14829718.00,0.00,0.00,24658238.00,0.00,5981276.00
2014-01-01,0.00,-32.55,134.00,270.90,1.02,188.80,313.90,53.17,0.00,0.00,354.40,0.00,79.33,0.00,0.00,0.00,12753.00,155542.00,306324.00,1064.00,133792.00,158186.00,44728.00,0.00,613.01,116.30,0.00,0.00,0.00,33541693.00,1287826.00,44392660.00,39038799.00,20804446.00,0.00,0.00,26563147.00,0.00,7049263.00
2014-02-01,0.00,-25.37,132.00,250.30,0.10,158.90,272.10,44.91,0.00,0.00,302.20,0.00,66.65,0.00,0.00,0.00,10901.00,154660.00,282952.00,117.80,112613.00,137265.00,35084.00,0.00,627.05,62.47,0.00,0.00,0.00,15016046.00,11531.00,11407044.00,15981520.00,3903515.00,0.00,0.00,15583054.00,0.00,3831042.00
2014-03-01,0.00,-27.18,134.80,260.70,0.53,113.20,283.60,40.01,0.00,0.00,259.30,0.00,65.43,0.00,0.00,0.00,10967.00,161214.00,294806.00,764.40,80235.00,143917.00,29663.00,0.00,656.96,50.25,0.00,0.00,0.00,13156522.00,28724.00,5870249.00,14033841.00,2210321.00,0.00,0.00,11611371.00,0.00,3217193.00
2014-04-01,0.00,-21.57,186.00,189.70,0.02,87.57,251.20,61.25,0.00,0.00,261.80,0.00,49.26,0.00,0.00,0.00,7250.00,223454.00,214432.00,23.02,62050.00,126343.00,44058.00,0.00,652.68,48.99,0.00,0.00,0.00,9355372.00,1048.00,4462431.00,12083838.00,3197703.00,0.00,0.00,11534724.00,0.00,2370883.00
2014-05-01,0.00,-33.95,157.90,242.00,0.00,107.10,264.70,65.97,0.00,0.00,309.90,0.00,35.27,0.00,0.00,0.00,13555.00,181855.00,273591.00,4.05,75864.00,135310.00,47762.00,0.00,629.33,52.98,0.00,0.00,0.00,12853199.00,175.70,6034638.00,13648717.00,3733544.00,0.00,0.00,14824815.00,0.00,1833334.00
2014-06-01,0.00,-30.57,149.40,142.30,0.08,119.50,293.60,54.10,0.00,0.00,419.20,0.00,35.06,0.00,0.00,0.00,7839.00,163222.00,160887.00,98.55,84672.00,148693.00,38794.00,0.00,512.83,55.68,0.00,0.00,0.00,7937179.00,5340.00,7477877.00,15766057.00,3428619.00,0.00,0.00,18717081.00,0.00,1907965.00
2014-07-01,0.00,-45.99,142.90,188.90,0.18,119.50,283.60,32.19,0.00,0.00,521.10,0.00,28.07,0.00,0.00,0.00,12900.00,161746.00,213631.00,205.30,84661.00,143690.00,26666.00,0.00,497.19,55.45,0.00,0.00,0.00,9628163.00,75394.00,8546744.00,14816710.00,4414004.00,0.00,0.00,18161835.00,0.00,1453464.00
2014-08-01,0.00,-19.18,173.40,197.80,0.10,247.80,286.30,34.81,0.00,0.00,260.60,0.00,31.09,0.00,0.00,0.00,6002.00,203236.00,223663.00,127.50,175614.00,145140.00,26681.00,0.00,650.34,43.94,0.00,0.00,0.00,7783116.00,5748.00,10498449.00,11016257.00,1663873.00,0.00,0.00,8312810.00,0.00,1294898.00
2014-09-01,0.00,-45.18,133.90,183.90,0.07,105.80,219.50,41.03,0.00,0.00,378.60,0.00,65.66,0.00,0.00,0.00,13527.00,151861.00,207878.00,95.85,74992.00,111649.00,31061.00,0.00,554.24,42.89,0.00,0.00,0.00,7091631.00,2761.00,5020372.00,8968325.00,2067925.00,0.00,0.00,12022062.00,0.00,2696656.00
2014-10-01,0.00,-29.95,183.00,240.80,0.09,131.40,146.90,41.60,0.00,0.00,343.70,0.00,76.24,0.00,0.00,0.00,9487.00,212844.00,272201.00,124.40,93111.00,78595.00,30453.00,0.00,640.96,32.84,0.00,0.00,0.00,7688907.00,3064.00,4689146.00,4510861.00,1590564.00,0.00,0.00,8881728.00,0.00,2441967.00
2014-11-01,0.00,-43.75,92.66,225.20,0.12,117.50,231.50,54.41,0.00,0.00,339.80,0.00,74.29,0.00,0.00,0.00,17249.00,109525.00,254606.00,126.80,83238.00,118198.00,42122.00,0.00,580.44,34.53,0.00,0.00,0.00,6772803.00,4747.00,3921360.00,7217351.00,1776641.00,0.00,0.00,8738067.00,0.00,2430768.00
2014-12-01,0.00,-37.79,139.40,199.90,0.00,123.90,233.20,34.51,0.00,0.00,330.30,0.00,87.46,0.00,0.00,0.00,13675.00,166013.00,225992.00,0.00,87789.00,119336.00,26301.00,0.00,597.76,29.57,0.00,0.00,0.00,5864348.00,0.00,4052742.00,7051261.00,1166603.00,0.00,0.00,8321175.00,0.00,2503105.00
2015-01-01,0.00,-39.70,123.90,249.10,0.40,128.10,224.70,21.88,0.00,0.00,397.30,0.00,89.87,0.00,0.00,0.00,14355.00,146252.00,281609.00,440.10,90771.00,115067.00,17196.00,0.00,576.10,40.44,0.00,0.00,0.00,9894785.00,125122.00,8131679.00,8755509.00,2376038.00,0.00,0.00,10701463.00,0.00,3118489.00
2015-02-01,0.00,-20.03,126.50,241.70,0.13,162.00,237.20,28.56,0.00,0.00,331.60,0.00,75.52,0.00,0.00,0.00,8027.00,143819.00,273252.00,151.60,114805.00,120395.00,22628.00,0.00,602.19,50.28,0.00,0.00,0.00,11909968.00,97873.00,11019417.00,11392435.00,3180491.00,0.00,0.00,12615272.00,0.00,3387072.00
2015-03-01,0.00,-30.75,149.40,229.20,0.14,93.59,239.10,33.26,0.00,0.00,296.60,0.00,74.09,0.00,0.00,0.00,11582.00,172408.00,259192.00,145.90,66316.00,121189.00,25618.00,0.00,626.68,29.06,0.00,0.00,0.00,6682714.00,3506.00,2979761.00,7023789.00,929947.00,0.00,0.00,7213619.00,0.00,2113787.00
2015-04-01,0.00,-18.67,204.90,227.10,0.14,108.00,106.10,38.02,0.00,0.00,324.40,0.00,55.81,0.00,0.00,0.00,5898.00,231078.00,256804.00,164.40,76528.00,57784.00,28589.00,0.00,651.57,42.08,0.00,0.00,0.00,9481102.00,39370.00,5876451.00,3851156.00,2252473.00,0.00,0.00,10218821.00,0.00,2229051.00
2015-05-01,0.00,-31.01,180.90,242.50,0.06,137.60,130.00,26.74,0.00,0.00,398.50,0.00,39.89,0.00,0.00,0.00,8473.00,206056.00,274220.00,76.57,97512.00,70835.00,19134.00,0.00,607.54,40.87,0.00,0.00,0.00,10120223.00,38585.00,6758440.00,5154829.00,1554160.00,0.00,0.00,11152335.00,0.00,1517016.00
2015-06-01,0.00,-14.72,255.00,218.70,0.65,213.50,135.60,49.67,0.00,0.00,297.90,0.00,39.68,0.00,0.00,0.00,4023.00,293462.00,247308.00,818.70,151242.00,73680.00,37762.00,0.00,692.08,62.18,0.00,0.00,0.00,11006262.00,527575.00,15783834.00,8107215.00,4830351.00,0.00,0.00,14010286.00,0.00,2325248.00
2015-07-01,0.00,-14.89,223.80,213.80,1.49,245.90,125.90,39.25,0.00,0.00,429.30,0.00,31.71,0.00,0.00,0.00,3645.00,256118.00,241718.00,1693.00,174208.00,68425.00,30717.00,0.00,608.31,80.60,0.00,0.00,0.00,16743891.00,539194.00,27351547.00,9864686.00,7479468.00,0.00,0.00,19052997.00,0.00,2331002.00
2015-08-01,0.00,-20.77,280.10,177.30,0.74,234.60,124.80,36.53,0.00,0.00,374.80,0.00,35.04,0.00,0.00,0.00,5130.00,318159.00,200419.00,813.40,166235.00,67956.00,27994.00,0.00,642.70,64.82,0.00,0.00,0.00,11062031.00,405259.00,19351090.00,7956542.00,4172587.00,0.00,0.00,14659208.00,0.00,2126227.00
2015-09-01,0.00,-8.86,225.10,116.40,0.42,215.30,125.30,29.50,0.00,0.00,340.10,0.00,73.75,0.00,0.00,0.00,1884.00,254012.00,131637.00,430.80,152552.00,68263.00,22573.00,0.00,601.56,61.35,0.00,0.00,0.00,6644144.00,102387.00,15261730.00,7529501.00,2548214.00,0.00,0.00,17290858.00,0.00,4357150.00
2015-10-01,0.00,-24.00,150.20,191.00,0.07,202.30,146.90,22.24,0.00,0.00,355.30,0.00,85.20,0.00,0.00,0.00,7729.00,173899.00,215943.00,73.88,143327.00,75656.00,15928.00,0.00,591.08,42.38,0.00,0.00,0.00,7924916.00,6643.00,9630835.00,6374174.00,1374707.00,0.00,0.00,11923231.00,0.00,3502572.00
2015-11-01,0.00,-38.05,109.50,285.20,0.24,207.80,132.60,36.98,0.00,0.00,305.70,0.00,82.92,0.00,0.00,0.00,17783.00,127539.00,322486.00,261.20,147260.00,66784.00,28489.00,0.00,649.09,50.82,0.00,0.00,0.00,13782283.00,63208.00,12243352.00,6712511.00,2953864.00,0.00,0.00,12911225.00,0.00,4051471.00
2015-12-01,0.00,-45.46,150.40,308.80,1.38,241.80,170.50,43.29,0.00,0.00,368.10,0.00,97.41,0.00,0.00,0.00,20368.00,167372.00,349089.00,1517.00,171337.00,88367.00,36344.00,0.00,640.66,79.61,0.00,0.00,0.00,20699517.00,527550.00,26418613.00,14283689.00,7150714.00,0.00,0.00,18685434.00,0.00,6509910.00
2016-01-01,0.00,-29.28,186.80,286.90,0.65,184.60,150.70,21.37,0.00,0.00,378.20,0.00,99.93,0.00,0.00,0.00,12487.00,208099.00,324429.00,824.10,130826.00,79991.00,16365.00,0.00,633.97,58.14,0.00,0.00,0.00,13127487.00,55312.00,12011950.00,8285284.00,2068133.00,0.00,0.00,14344236.00,0.00,5023481.00
2016-02-01,0.00,-24.08,171.50,344.20,0.08,123.20,124.60,10.65,0.00,0.00,314.50,0.00,83.96,0.00,0.00,0.00,10475.00,188776.00,389148.00,80.72,87269.00,66976.00,8285.00,0.00,685.73,43.58,0.00,0.00,0.00,13949264.00,12931.00,6588616.00,5611419.00,960828.00,0.00,0.00,10803339.00,0.00,3418851.00
2016-03-01,0.00,-12.49,213.80,344.90,0.74,207.70,93.18,28.67,0.00,0.00,262.60,0.00,82.30,0.00,0.00,0.00,5637.00,240897.00,389970.00,1024.00,147176.00,48290.00,21478.00,0.00,740.23,61.01,0.00,0.00,0.00,21810727.00,446467.00,20724382.00,9372989.00,4969550.00,0.00,0.00,14799352.00,0.00,4553659.00
2016-04-01,0.00,-20.40,134.80,258.30,0.14,203.70,105.20,35.59,0.00,0.00,274.30,0.00,61.96,0.00,0.00,0.00,8758.00,158195.00,292087.00,190.70,144310.00,56348.00,25359.00,0.00,673.37,51.57,0.00,0.00,0.00,12080070.00,21322.00,12868085.00,6142121.00,2693048.00,0.00,0.00,9529201.00,0.00,3071976.00
2016-05-01,0.00,-34.08,144.10,74.06,0.47,241.70,88.05,39.49,0.00,0.00,513.00,0.00,44.23,0.00,0.00,0.00,8858.00,157910.00,83738.00,624.70,171251.00,47958.00,30176.00,0.00,452.57,75.08,0.00,0.00,0.00,2566766.00,137598.00,22823234.00,6930152.00,4627167.00,0.00,0.00,26543194.00,0.00,3124849.00
2016-06-01,0.00,-13.94,241.20,0.00,1.68,316.80,126.70,52.82,0.00,0.00,404.30,0.00,43.93,0.00,0.00,0.00,2839.00,259505.00,0.00,2067.00,224454.00,69002.00,40984.00,0.00,525.14,130.59,0.00,0.00,0.00,0.00,757621.00,49476839.00,15884717.00,11409311.00,0.00,0.00,36938598.00,0.00,5406904.00
2016-07-01,0.00,-17.96,172.00,0.00,10.87,313.80,162.00,93.03,0.00,0.00,475.40,0.00,35.05,0.00,0.00,0.00,3427.00,181578.00,0.00,14691.00,222322.00,85762.00,80061.00,0.00,480.50,254.43,0.00,0.00,0.00,0.00,6030425.00,91614686.00,31850102.00,43846313.00,0.00,0.00,55759367.00,0.00,8042222.00
2016-08-01,0.00,-9.04,292.80,0.00,0.54,276.80,126.10,33.09,0.00,0.00,423.30,0.00,38.83,0.00,0.00,0.00,1371.00,313144.00,0.00,712.90,196113.00,65805.00,27097.00,0.00,525.98,71.32,0.00,0.00,0.00,0.00,75183.00,23108102.00,10381476.00,3566685.00,0.00,0.00,16538348.00,0.00,2571322.00
2016-09-01,0.00,-12.21,289.30,0.00,1.42,234.30,143.40,33.07,0.00,0.00,347.30,0.00,81.79,0.00,0.00,0.00,1947.00,309842.00,0.00,2023.00,165981.00,73725.00,25240.00,0.00,554.58,63.17,0.00,0.00,0.00,0.00,22413.00,15517265.00,8327609.00,2660456.00,0.00,0.00,14291167.00,0.00,4894313.00
2016-10-01,0.00,-18.85,202.10,0.00,0.60,191.80,61.83,31.28,0.00,0.00,449.90,0.00,94.53,0.00,0.00,0.00,2214.00,209771.00,0.00,820.60,135926.00,29291.00,24359.00,0.00,433.19,62.82,0.00,0.00,0.00,0.00,52239.00,12464184.00,3967514.00,2061936.00,0.00,0.00,18079958.00,0.00,5600902.00
2016-11-01,0.00,-4.65,254.20,0.00,1.17,238.70,91.28,20.39,0.00,0.00,349.90,0.00,92.24,0.00,0.00,0.00,376.80,281072.00,0.00,1457.00,169160.00,44287.00,16454.00,0.00,538.45,64.35,0.00,0.00,0.00,0.00,299770.00,18679101.00,7226307.00,2616165.00,0.00,0.00,14301404.00,0.00,5705044.00
2016-12-01,0.00,-4.70,336.70,0.00,1.96,216.50,90.84,16.18,0.00,0.00,372.30,0.00,110.30,0.00,0.00,0.00,572.80,379055.00,0.00,2664.00,153386.00,43998.00,14231.00,0.00,575.62,95.97,0.00,0.00,0.00,0.00,1162274.00,22136189.00,7853774.00,4093641.00,0.00,0.00,19054466.00,0.00,10739911.00
2017-01-01,0.00,-3.15,303.40,0.00,2.10,261.60,172.40,28.13,0.00,0.00,355.50,0.00,117.30,0.00,0.00,0.00,555.90,348403.00,0.00,2818.00,185327.00,88760.00,22748.00,0.00,578.14,95.08,0.00,0.00,0.00,0.00,438607.00,26776665.00,16395181.00,4282433.00,0.00,0.00,22455717.00,0.00,9883698.00
2017-02-01,0.00,-7.21,235.30,0.00,3.94,240.40,160.20,40.97,0.00,0.00,331.60,0.00,96.20,0.00,0.00,0.00,1119.00,264907.00,0.00,5299.00,170313.00,80297.00,33644.00,0.00,550.48,265.90,0.00,0.00,0.00,0.00,6782219.00,74608878.00,36032845.00,29116190.00,0.00,0.00,35204367.00,0.00,17301570.00
2017-03-01,0.00,-14.22,238.00,0.00,3.37,228.70,235.30,36.65,0.00,0.00,396.30,0.00,93.31,0.00,0.00,0.00,2980.00,268856.00,0.00,4468.00,162043.00,119748.00,29388.00,0.00,517.32,132.16,0.00,0.00,0.00,0.00,1845415.00,42325536.00,34653826.00,11230279.00,0.00,0.00,36478220.00,0.00,11416478.00
2017-04-01,0.00,-29.24,206.90,0.00,0.01,125.70,262.20,56.54,0.00,0.00,319.70,0.00,66.72,0.00,0.00,0.00,4969.00,216055.00,0.00,9.32,89032.00,131630.00,42458.00,0.00,503.52,122.77,0.00,0.00,0.00,0.00,1149.00,16323331.00,31519250.00,8173832.00,0.00,0.00,31106871.00,0.00,7985716.00
2017-05-01,0.00,-34.90,185.00,0.00,1.05,242.30,240.30,78.21,0.00,0.00,367.80,0.00,54.98,23.00,14.72,4.60,7538.00,182760.00,0.00,1521.00,171648.00,122965.00,60139.00,0.00,492.23,122.31,0.00,0.00,0.00,0.00,169968.00,32727070.00,28978871.00,11002081.00,0.00,0.00,35737270.00,0.00,6550867.00
2017-06-01,0.00,-7.72,179.00,0.00,0.12,309.30,404.20,95.63,0.00,0.00,155.20,0.00,52.21,19.40,11.18,3.20,3025.00,181099.00,0.00,162.80,219168.00,200842.00,70582.00,0.00,588.89,110.90,0.00,0.00,0.00,0.00,26251.00,35285207.00,43678290.00,11139770.00,0.00,0.00,15375114.00,0.00,5681492.00
2017-07-01,0.00,-161.00,39.22,0.00,0.53,296.50,366.90,43.54,0.00,0.00,592.30,0.00,25.77,21.80,12.20,3.30,38740.00,34864.00,0.00,762.80,210062.00,182395.00,36841.00,0.00,361.79,116.52,0.00,0.00,0.00,0.00,67682.00,37346455.00,42394467.00,6010836.00,0.00,0.00,59379933.00,0.00,2922060.00
2017-08-01,0.00,-151.30,46.80,0.00,0.76,305.20,421.70,28.18,0.00,0.00,517.30,0.00,20.64,23.00,11.88,3.50,38846.00,44800.00,0.00,1045.00,216248.00,208564.00,22173.00,0.00,388.47,110.56,0.00,0.00,0.00,0.00,213069.00,35682144.00,45551470.00,4423894.00,0.00,0.00,43355829.00,0.00,2177107.00
2017-09-01,0.00,-168.00,23.54,0.00,0.05,171.80,373.50,15.02,0.00,0.00,573.60,0.00,87.97,29.80,14.60,4.90,36805.00,22571.00,0.00,69.66,121754.00,184310.00,10846.00,0.00,305.96,76.12,0.00,0.00,0.00,0.00,3441.00,14575648.00,28540027.00,1426126.00,0.00,0.00,37665606.00,0.00,6475471.00
2017-10-01,0.00,-168.50,33.54,0.00,0.98,184.20,384.70,9.98,0.00,0.00,463.90,0.00,108.40,33.90,17.39,5.90,43081.00,32664.00,0.00,1131.00,130482.00,189025.00,7275.00,0.00,349.36,70.65,0.00,0.00,0.00,0.00,71953.00,13948577.00,27507445.00,790788.00,0.00,0.00,27585751.00,0.00,7516456.00
2017-11-01,-0.23,-182.50,20.92,0.00,2.39,300.00,417.50,25.56,0.00,0.16,406.80,0.00,106.50,39.40,21.55,8.80,57670.00,19675.00,0.00,2489.00,212561.00,206005.00,19492.00,0.00,406.37,97.64,22592.00,0.00,0.00,0.00,231826.00,31031019.00,38138789.00,3526302.00,0.00,21613.00,32164920.00,0.00,9663810.00
2017-12-01,-3.07,-122.90,44.14,0.00,0.60,252.20,403.80,19.27,0.00,2.50,406.70,0.00,125.30,39.40,20.84,10.80,37411.00,46998.00,0.00,649.00,178688.00,199718.00,13940.00,0.00,401.28,86.27,239991.00,0.00,0.00,0.00,63658.00,23543611.00,34588998.00,2084701.00,0.00,239759.00,30238181.00,0.00,10462550.00
2018-01-01,-3.66,-54.83,122.10,0.00,4.08,224.70,385.30,32.88,0.00,2.93,465.10,0.00,124.50,42.30,24.42,12.60,12149.00,120769.00,0.00,5457.00,159212.00,190538.00,27516.00,0.00,416.89,213.94,316822.00,0.00,0.00,0.00,6417693.00,56285230.00,61781383.00,22756500.00,0.00,1191445.00,51297472.00,0.00,19766865.00
2018-02-01,-4.10,-40.02,137.00,0.00,1.48,190.80,343.80,23.16,0.00,3.42,396.10,0.00,108.20,39.70,23.61,10.90,8719.00,137112.00,0.00,1948.00,135196.00,169164.00,18479.00,0.00,430.93,126.23,334275.00,0.00,0.00,0.00,2759737.00,36344940.00,44552667.00,11386412.00,0.00,797574.00,35152742.00,0.00,11812194.00
2018-03-01,-3.22,-61.14,131.50,0.00,0.12,142.20,343.30,16.19,0.00,2.58,469.20,0.00,108.20,35.50,20.94,11.40,12178.00,130846.00,0.00,179.90,100730.00,171044.00,12265.00,0.00,387.12,82.50,218739.00,0.00,0.00,0.00,12641.00,12449669.00,28424274.00,1702519.00,0.00,235699.00,33154156.00,0.00,9033942.00
2018-04-01,-4.16,-23.09,158.70,0.00,0.95,197.70,205.40,93.54,0.00,3.32,377.60,0.00,85.97,36.30,20.10,8.90,4940.00,161606.00,0.00,1295.00,140089.00,103705.00,72792.00,0.00,469.87,101.13,293761.00,0.00,0.00,0.00,277313.00,21980751.00,19148133.00,11778371.00,0.00,353758.00,29197477.00,0.00,9718151.00
2018-05-01,-5.02,-46.28,191.10,0.00,0.31,229.50,152.60,84.96,0.00,4.18,479.10,1.97,53.20,26.60,14.79,4.80,8217.00,183150.00,0.00,422.20,162634.00,81417.00,67078.00,0.00,445.32,91.90,364946.00,0.00,0.00,0.00,44351.00,22118217.00,13460852.00,9157204.00,0.00,461774.00,34548658.00,186492.00,4327115.00
2018-06-01,-3.97,-44.63,185.80,0.00,0.73,299.40,224.70,59.35,0.00,3.27,416.80,1.86,56.14,21.00,11.52,2.90,9714.00,187942.00,0.00,971.20,212152.00,113544.00,44986.00,0.00,480.96,111.26,322051.00,0.00,0.00,0.00,138621.00,36077837.00,26559720.00,8214349.00,0.00,500351.00,33399308.00,172916.00,5472043.00
2018-07-01,-4.07,-53.72,72.56,0.00,2.83,258.70,253.60,47.18,0.00,3.32,622.30,4.33,64.05,21.20,12.20,3.30,11237.00,73123.00,0.00,4012.00,183319.00,124242.00,39432.00,0.00,342.07,111.08,186596.00,0.00,0.00,0.00,371876.00,26632873.00,25936584.00,6250989.00,0.00,370051.00,40826450.00,301659.00,2737377.00
2018-08-01,-4.41,-142.20,38.75,0.00,0.16,235.10,291.80,28.71,0.00,3.62,667.80,9.46,80.54,25.40,12.90,4.10,36396.00,38348.00,0.00,204.70,166561.00,142048.00,22320.00,0.00,295.08,77.24,202393.00,0.00,0.00,0.00,17010.00,22339084.00,25503681.00,3504633.00,0.00,365804.00,42966867.00,604395.00,4136177.00
2018-09-01,-3.91,-87.25,70.10,0.00,0.15,213.80,288.80,35.13,0.00,3.12,428.60,22.03,116.70,26.70,13.09,3.40,23720.00,69512.00,0.00,187.60,151461.00,142968.00,27103.00,0.00,378.66,96.27,237995.00,0.00,0.00,0.00,15797.00,23783953.00,28719011.00,4557617.00,0.00,333287.00,29574898.00,1616904.00,8189509.00
2018-10-01,-4.14,-102.50,55.59,0.00,1.08,154.00,292.80,36.82,0.00,3.35,478.60,20.49,121.40,35.10,17.42,6.50,20957.00,55157.00,0.00,1519.00,109102.00,140673.00,28176.00,0.00,335.09,100.63,333136.00,0.00,0.00,0.00,142448.00,17325529.00,29364338.00,4400111.00,0.00,415774.00,38686673.00,1844688.00,10729409.00
2018-11-01,-4.50,-71.99,99.34,0.00,0.76,187.30,255.50,31.63,0.00,3.60,400.30,26.75,141.30,36.10,24.37,6.50,15972.00,99020.00,0.00,1026.00,132682.00,121453.00,23861.00,0.00,389.87,101.29,363807.00,0.00,0.00,0.00,70143.00,20006436.00,25455964.00,3591904.00,0.00,402152.00,34641209.00,2365799.00,12370462.00
2018-12-01,-4.24,-81.04,134.50,0.00,1.21,187.10,273.30,23.10,0.00,3.40,494.60,34.03,149.90,42.20,23.23,10.60,17840.00,140309.00,0.00,1509.00,132602.00,132971.00,17251.00,0.00,381.63,99.25,294080.00,0.00,0.00,0.00,164194.00,19899369.00,27339402.00,3058160.00,0.00,378630.00,39161557.00,3284250.00,14081940.00
2019-01-01,-4.33,-113.10,72.11,0.00,3.23,283.60,415.70,48.80,0.00,3.41,434.90,33.19,164.80,46.60,25.67,12.80,36586.00,68882.00,0.00,4162.00,200938.00,204362.00,40454.00,0.00,409.52,366.55,521866.00,0.00,0.00,0.00,28504251.00,155978585.00,113738572.00,62730686.00,0.00,2101665.00,67888241.00,12104918.00,38824347.00
2019-02-01,-3.77,-79.55,86.86,0.00,0.84,156.70,353.60,31.33,0.00,2.90,408.70,30.30,142.90,37.90,23.16,11.30,17262.00,86481.00,0.00,1158.00,111027.00,173031.00,24483.00,0.00,383.55,117.81,314196.00,0.00,0.00,0.00,150416.00,20498760.00,41098742.00,4899465.00,0.00,372517.00,37063968.00,3537137.00,16909441.00
2019-03-01,-4.43,-82.09,88.12,0.00,1.38,184.00,404.10,32.41,0.00,3.56,391.60,34.60,132.60,40.30,21.10,9.80,20651.00,90681.00,0.00,1734.00,130401.00,199233.00,24396.00,0.00,404.27,161.57,384876.00,0.00,0.00,0.00,5082918.00,47973391.00,62474546.00,18060833.00,0.00,1069541.00,42342026.00,6152256.00,24926276.00
2019-04-01,-4.60,-89.77,64.76,0.00,0.14,165.60,337.30,22.90,0.00,3.56,432.60,33.42,102.80,33.80,19.21,8.20,22387.00,65334.00,0.00,188.70,117321.00,164269.00,16032.00,0.00,352.78,95.59,404406.00,0.00,0.00,0.00,13921.00,17790111.00,33991347.00,2512722.00,0.00,351048.00,35206067.00,2997371.00,8584585.00
2019-05-01,-4.65,-140.00,30.45,0.00,0.26,276.90,329.70,36.62,0.00,3.59,496.20,27.16,71.51,24.90,14.71,4.90,34768.00,30106.00,0.00,353.70,196206.00,159963.00,26434.00,0.00,358.16,87.18,353762.00,0.00,0.00,0.00,28709.00,26490866.00,29651183.00,4035743.00,0.00,306397.00,36186134.00,2247890.00,5448054.00
2019-06-01,-4.35,-116.20,41.24,0.00,0.21,301.90,366.90,30.99,0.00,3.53,472.90,27.46,64.86,22.20,12.11,1.80,32391.00,39054.00,0.00,242.80,213888.00,180229.00,23525.00,0.00,377.51,101.44,381309.00,0.00,0.00,0.00,43730.00,35781568.00,39477513.00,4549530.00,0.00,377507.00,35418392.00,2442128.00,5505738.00
2019-07-01,-4.26,-96.15,40.65,0.00,0.24,245.40,354.30,34.29,0.00,3.28,556.60,28.07,70.42,21.70,12.75,4.60,22763.00,38109.00,0.00,273.70,173908.00,174909.00,24709.00,0.00,334.77,78.44,163541.00,0.00,0.00,0.00,25186.00,22801769.00,29987697.00,3803195.00,0.00,300792.00,33955076.00,2065771.00,4104210.00
2019-08-01,-4.92,-158.00,29.11,0.00,0.23,263.20,371.80,55.73,0.00,3.98,562.90,33.42,93.36,22.10,11.58,2.50,40754.00,26483.00,0.00,259.80,186467.00,182655.00,43697.00,0.00,344.56,87.37,266427.00,0.00,0.00,0.00,46055.00,29378349.00,37075517.00,8303069.00,0.00,491804.00,34576077.00,2199804.00,3749455.00
2019-09-01,-4.66,-172.70,9.14,0.00,0.26,252.20,292.60,72.02,0.00,3.72,467.30,40.72,128.60,28.90,14.03,3.40,53066.00,8537.00,0.00,289.40,178664.00,142896.00,57227.00,0.00,348.27,81.30,271273.00,0.00,0.00,0.00,47052.00,25877789.00,27664281.00,9517946.00,0.00,400478.00,26409709.00,2377561.00,6164251.00
2019-10-01,-5.03,-193.10,11.52,0.00,0.62,194.10,316.40,58.82,1.28,4.06,499.70,45.83,165.20,37.20,18.08,6.40,51978.00,11126.00,0.00,757.70,137505.00,156460.00,45395.00,1119.00,321.54,73.19,155121.00,0.00,0.00,0.00,94847.00,18009850.00,26510169.00,6372618.00,72292.00,335231.00,20689675.00,2903911.00,7984853.00
2019-11-01,-5.34,-104.90,65.10,0.00,0.91,160.80,238.30,13.19,9.99,4.41,490.80,38.61,179.60,41.60,17.86,7.40,21758.00,66380.00,0.00,1067.00,113951.00,115904.00,9467.00,8734.00,322.13,56.41,191421.00,0.00,0.00,0.00,53539.00,10543182.00,15046888.00,1067790.00,462054.00,216564.00,21193927.00,1842114.00,3584904.00
2019-12-01,-6.29,-70.82,157.50,0.00,1.25,145.10,263.90,36.25,47.93,5.24,473.60,59.24,210.10,45.30,23.70,8.60,15893.00,157007.00,0.00,1626.00,102826.00,129269.00,30062.00,41892.00,401.46,124.29,297717.00,0.00,0.00,0.00,2626454.00,23885356.00,27892060.00,13532782.00,3652099.00,1214721.00,27824549.00,4033695.00,13373819.00
2020-01-01,-5.24,-75.61,116.10,0.00,1.08,137.90,238.60,19.21,35.18,4.30,500.70,58.92,193.30,43.30,22.61,11.50,13998.00,117862.00,0.00,1412.00,97733.00,114827.00,15408.00,30748.00,353.00,121.69,486855.00,0.00,0.00,0.00,3323629.00,24655404.00,26776586.00,11037465.00,6605089.00,896414.00,34223329.00,4652227.00,15520094.00
2020-02-01,-3.20,-39.85,50.04,0.00,3.01,177.60,272.20,39.43,15.26,2.38,332.70,45.03,170.60,32.90,21.37,11.80,11080.00,49453.00,0.00,3867.00,125812.00,131695.00,32607.00,13338.00,386.42,72.29,122396.00,0.00,0.00,0.00,879836.00,14444611.00,19690632.00,4806017.00,1214926.00,141007.00,14769903.00,2981359.00,6713079.00
2020-03-01,-4.36,-82.21,91.21,0.00,0.22,135.10,237.80,13.22,28.28,3.35,483.60,46.86,160.20,34.10,20.36,10.00,15853.00,90213.00,0.00,256.30,95742.00,113844.00,9622.00,24713.00,334.22,45.56,81154.00,0.00,0.00,0.00,7304.00,7143195.00,11068057.00,1329067.00,1657334.00,128632.00,14138967.00,2534807.00,12108770.00
2020-04-01,-4.87,-89.08,125.30,0.00,0.19,137.60,233.50,13.67,23.76,3.76,427.00,30.98,115.60,29.50,17.10,7.90,15064.00,127473.00,0.00,212.20,97491.00,113764.00,10355.00,20765.00,393.65,35.97,154307.00,0.00,0.00,0.00,7682.00,6612138.00,9963389.00,843598.00,1460077.00,153800.00,11243058.00,985609.00,2843148.00
2020-05-01,-5.54,-85.69,105.60,0.00,0.13,153.00,306.20,22.13,37.93,4.29,513.20,27.47,97.47,22.20,13.60,4.30,16173.00,96772.00,0.00,128.20,108411.00,150071.00,16907.00,33153.00,360.86,39.92,183654.00,0.00,0.00,0.00,4792.00,7489859.00,13668029.00,1419463.00,2154591.00,189979.00,15719032.00,915919.00,2597178.00
2020-06-01,-5.59,-66.20,146.30,0.00,0.44,171.00,329.60,20.04,43.66,4.49,495.00,29.05,82.90,20.00,11.71,0.90,12413.00,143500.00,0.00,550.50,121154.00,161893.00,16011.00,38158.00,401.49,54.44,214934.00,0.00,0.00,0.00,56796.00,14902387.00,22198903.00,3011276.00,4440803.00,627211.00,16622411.00,1209666.00,3512042.00
2020-07-01,-4.30,-96.61,53.12,0.00,0.21,292.40,411.10,45.02,71.58,3.11,373.80,39.09,96.60,20.20,10.99,1.50,33108.00,49567.00,0.00,215.10,207161.00,202473.00,35854.00,62563.00,441.49,62.52,188602.00,0.00,0.00,0.00,15750.00,20635652.00,26385981.00,3833170.00,5258743.00,228149.00,17363454.00,2039933.00,4864362.00
2020-08-01,-4.67,-144.60,67.12,0.00,0.26,214.40,301.20,33.21,51.95,3.64,590.30,42.16,116.40,24.50,12.16,0.80,30979.00,61925.00,0.00,296.40,151897.00,144977.00,26258.00,45403.00,346.14,49.74,92963.00,0.00,0.00,0.00,15450.00,16081251.00,18313805.00,3951846.00,4512111.00,363897.00,19272331.00,1476414.00,3439029.00
2020-09-01,-9.00,-148.00,40.59,0.00,0.29,119.20,227.60,13.98,32.17,7.54,600.10,51.03,149.30,29.30,15.91,4.80,26055.00,37927.00,0.00,294.70,84434.00,109302.00,11105.00,28120.00,262.03,21.66,-135947.00,0.00,0.00,0.00,12452.00,3460603.00,4945943.00,727048.00,1639211.00,125640.00,5013377.00,-728585.00,-630853.00
2020-10-01,-8.92,-119.30,56.58,0.00,0.29,64.03,314.40,12.93,18.07,7.60,495.10,59.39,173.60,32.00,16.97,5.70,20239.00,48983.00,0.00,366.20,45366.00,154394.00,10557.00,15790.00,283.52,37.96,75980.00,0.00,0.00,0.00,14570.00,2449190.00,14312358.00,1108986.00,1467977.00,446919.00,11536491.00,1193461.00,3405136.00
2020-11-01,-8.22,-136.60,46.61,0.00,0.81,88.27,264.20,15.72,25.21,7.05,523.10,74.92,225.70,40.60,21.89,7.00,23572.00,43217.00,0.00,902.70,62542.00,129493.00,13680.00,22033.00,275.56,42.52,128715.00,0.00,0.00,0.00,74338.00,4451777.00,11775035.00,1035369.00,1818783.00,384989.00,16581516.00,2374064.00,6029975.00
2020-12-01,-12.62,-84.91,79.82,0.00,0.16,88.27,198.50,5.41,7.04,10.74,519.70,67.71,253.10,37.30,19.92,9.20,10707.00,77121.00,0.00,172.90,62542.00,94312.00,4116.00,6150.00,265.63,23.63,74220.00,0.00,0.00,0.00,11982.00,2779590.00,5804798.00,355274.00,484892.00,280153.00,7170289.00,613749.00,-378819.00
2021-01-01,-11.50,-51.03,153.70,0.00,1.34,102.70,173.40,11.33,13.06,9.49,486.10,80.77,250.80,42.70,22.48,12.20,6751.00,141630.00,0.00,1637.00,72753.00,82755.00,10404.00,11417.00,323.76,40.27,151673.00,0.00,0.00,0.00,130350.00,4153373.00,5245124.00,923079.00,896282.00,290822.00,10146067.00,985649.00,2361403.00
2021-02-01,-6.68,-35.61,145.20,0.00,0.43,100.90,143.50,12.48,7.44,5.41,440.70,64.71,202.70,37.20,21.10,11.30,4108.00,134172.00,0.00,544.40,71465.00,68312.00,10025.00,6505.00,326.61,31.18,-58479.00,0.00,0.00,0.00,44319.00,4305306.00,4396583.00,861068.00,554822.00,200759.00,9371343.00,1059571.00,-1046952.00
2021-03-01,-7.60,-29.15,151.00,0.00,1.48,105.50,143.50,24.66,30.69,6.19,415.40,58.62,202.50,31.80,19.91,9.40,3698.00,138173.00,0.00,1833.00,74778.00,67976.00,19822.00,26825.00,361.78,87.60,172768.00,0.00,0.00,0.00,4319686.00,8620169.00,9919689.00,10054608.00,1996833.00,873349.00,12061347.00,1357821.00,168261.00
2021-04-01,-9.45,-37.67,152.70,0.00,1.82,143.40,182.00,40.09,42.55,7.46,312.00,60.96,152.70,33.30,17.14,6.70,8288.00,144960.00,0.00,2022.00,101592.00,89539.00,36259.00,37187.00,450.15,57.51,353954.00,0.00,0.00,0.00,346760.00,11300703.00,10891354.00,4580153.00,4081499.00,659626.00,10993434.00,2107179.00,3988499.00
2021-05-01,-10.44,-59.87,129.40,0.00,1.88,156.90,253.10,36.80,33.35,8.27,455.60,41.81,105.50,28.70,14.79,4.10,11632.00,115630.00,0.00,1830.00,111196.00,120513.00,33576.00,29145.00,382.36,83.31,365946.00,0.00,0.00,0.00,2022808.00,18537929.00,22417138.00,9421570.00,6139674.00,1826387.00,18770270.00,1773186.00,4633394.00
2021-06-01,-10.38,-78.44,78.77,0.00,0.65,188.80,272.30,45.62,45.71,8.24,531.40,32.16,86.47,21.60,12.85,4.90,20012.00,67199.00,0.00,729.50,133799.00,130323.00,41567.00,39954.00,353.02,88.24,602242.00,0.00,0.00,0.00,78927.00,19234521.00,24603433.00,5340202.00,5113010.00,872311.00,34974941.00,2192966.00,6116526.00
2021-07-01,-11.98,-78.75,115.80,0.00,4.25,163.90,264.20,25.42,41.09,9.74,643.20,33.76,98.27,19.70,11.54,4.60,18839.00,101117.00,0.00,4759.00,116129.00,130154.00,21769.00,35916.00,322.97,98.90,755346.00,0.00,0.00,0.00,1205755.00,24722782.00,32384383.00,4618933.00,7307647.00,1273711.00,40383879.00,2807288.00,6475688.00
2021-08-01,-11.05,-75.24,118.20,0.00,0.23,135.00,296.60,32.36,32.99,8.85,486.50,46.37,150.40,23.20,12.37,2.20,13542.00,101377.00,0.00,238.60,95677.00,145825.00,25798.00,28832.00,358.80,53.21,144958.00,0.00,0.00,0.00,47073.00,9878974.00,17979050.00,3455231.00,3355632.00,682623.00,14509676.00,757544.00,425125.00
2021-09-01,-9.23,-89.76,80.63,0.00,0.33,82.45,247.70,17.92,16.70,7.27,511.60,50.38,186.30,30.50,14.53,4.20,13540.00,68028.00,0.00,385.70,58420.00,122349.00,14783.00,14595.00,289.33,29.67,-148403.00,0.00,0.00,0.00,80848.00,3199150.00,8768560.00,1523742.00,1652803.00,358667.00,6043591.00,-428234.00,-5503361.00
2021-10-01,-9.05,-89.23,97.25,0.00,0.13,66.53,191.20,3.00,11.02,7.03,491.10,54.31,239.60,28.80,15.58,6.20,13377.00,86456.00,0.00,140.90,47142.00,94936.00,3124.00,9629.00,277.00,27.50,-245118.00,0.00,0.00,0.00,12885.00,1250681.00,4048128.00,250727.00,866718.00,313475.00,3699282.00,-926008.00,-6911344.00
2021-11-01,-8.71,-88.57,125.20,0.00,0.19,65.65,156.50,5.77,12.40,6.80,472.00,58.69,242.80,33.80,17.91,9.00,9692.00,102774.00,0.00,242.60,46515.00,76056.00,5311.00,10834.00,287.92,47.33,92526.00,0.00,0.00,0.00,21435.00,2699091.00,9230648.00,546573.00,1266812.00,381407.00,10053421.00,932697.00,531974.00
2021-12-01,-9.26,-74.79,123.90,0.00,2.40,55.40,144.70,8.59,13.63,7.26,484.30,87.47,316.40,38.50,20.58,10.00,5753.00,106558.00,0.00,2657.00,39254.00,70141.00,8294.00,11916.00,276.28,106.27,217393.00,0.00,0.00,0.00,3687891.00,8770960.00,21829598.00,3796393.00,5805928.00,1740222.00,19615997.00,2935567.00,4947684.00
2022-01-01,-8.71,-45.56,176.70,0.00,1.54,68.26,189.90,13.79,13.15,6.86,520.00,78.28,261.80,40.20,23.37,11.70,3824.00,154931.00,0.00,1681.00,48365.00,92422.00,14546.00,11491.00,315.13,111.00,424301.00,0.00,0.00,0.00,2780274.00,13378016.00,29657735.00,6706972.00,4906902.00,2072281.00,26393104.00,6522093.00,27683258.00
2022-02-01,-7.62,-53.02,101.00,0.00,0.03,46.40,178.10,8.11,4.42,5.96,505.20,74.54,239.80,35.20,21.54,11.80,4939.00,86834.00,0.00,38.04,32876.00,85500.00,8072.00,3863.00,245.90,63.81,171645.00,0.00,0.00,0.00,3324.00,2549648.00,15098933.00,818713.00,538249.00,457980.00,25692111.00,1569257.00,4054066.00
2022-03-01,-9.52,-43.40,149.80,0.00,0.69,59.76,181.10,12.18,16.84,7.74,494.10,75.30,240.00,34.30,21.13,11.90,3724.00,137869.00,0.00,758.70,42345.00,85798.00,12507.00,14716.00,307.30,80.46,285561.00,0.00,0.00,0.00,252539.00,4814548.00,17808803.00,1537652.00,2383298.00,702339.00,23718241.00,2778850.00,13715374.00
2022-04-01,-8.50,-57.00,142.10,0.00,0.35,101.60,100.90,42.82,46.16,6.69,457.20,54.22,161.40,30.10,18.85,10.10,6990.00,123002.00,0.00,463.60,71995.00,54940.00,40653.00,40341.00,365.92,165.75,707991.00,0.00,0.00,0.00,111112.00,19300726.00,18318322.00,9302955.00,10216135.00,1280105.00,55330084.00,5108114.00,13373138.00
2022-05-01,-9.23,-54.29,150.60,0.00,11.21,96.59,190.00,53.13,41.79,7.30,501.30,45.16,128.20,22.80,14.34,5.30,5948.00,128326.00,0.00,15433.00,68440.00,95126.00,53044.00,36526.00,378.25,336.29,1466382.00,0.00,0.00,0.00,11896319.00,30500181.00,74776431.00,35756783.00,12968429.00,4956800.00,120993869.00,9483219.00,21329837.00
2022-06-01,-8.52,-81.46,105.30,0.00,22.87,130.20,304.10,31.91,52.55,6.63,565.20,34.00,99.56,18.40,12.23,4.20,14888.00,79777.00,0.00,30284.00,92231.00,149474.00,28959.00,45929.00,354.12,321.86,1695876.00,0.00,0.00,0.00,10365725.00,48056101.00,113208721.00,15153509.00,22293384.00,3015361.00,129518305.00,7606985.00,19697831.00
2022-07-01,-9.13,-83.42,70.97,0.00,9.70,152.10,333.70,49.66,51.76,7.39,581.60,42.02,117.60,19.50,11.01,3.00,15855.00,56962.00,0.00,12293.00,107767.00,164935.00,43179.00,45235.00,343.61,398.05,1940330.00,0.00,0.00,0.00,5854174.00,72490151.00,161646743.00,33677900.00,27485985.00,4656119.00,144611955.00,10956024.00,27110849.00
2022-08-01,-10.21,-75.53,118.90,0.00,1.50,92.41,147.50,73.15,43.28,8.17,696.20,44.07,151.50,22.00,12.30,4.30,8389.00,87624.00,0.00,2047.00,65478.00,73707.00,61739.00,37829.00,280.87,188.47,931092.00,0.00,0.00,0.00,2421674.00,21936160.00,44309167.00,35593379.00,14875883.00,3662956.00,65806477.00,5074374.00,9924845.00
2022-09-01,-9.08,-83.79,140.40,0.00,2.24,70.68,142.80,45.28,33.96,7.22,577.70,54.07,183.80,20.10,12.73,4.10,9262.00,113809.00,0.00,3222.00,50081.00,71468.00,41050.00,29679.00,305.71,166.21,513195.00,0.00,0.00,0.00,1445058.00,12429896.00,28387764.00,15008594.00,8677805.00,1936189.00,53755276.00,3375316.00,9847229.00
2022-10-01,-7.85,-93.92,110.90,0.00,0.40,68.40,116.00,34.63,28.79,6.10,532.10,52.40,228.00,27.60,16.16,5.40,8726.00,88461.00,0.00,540.90,48464.00,56775.00,29363.00,25164.00,283.08,112.24,191940.00,0.00,0.00,0.00,119448.00,8761487.00,17427267.00,5108155.00,5721475.00,840644.00,38688841.00,1038792.00,-1594959.00
2022-11-01,-7.66,-69.70,80.26,0.00,1.97,66.09,126.20,23.47,21.49,5.86,504.20,66.82,260.90,32.30,17.35,6.40,6924.00,62790.00,0.00,2845.00,46829.00,59763.00,21590.00,18783.00,251.13,74.41,201777.00,0.00,0.00,0.00,1094458.00,6630047.00,15043611.00,6966020.00,5569632.00,997779.00,21402798.00,4753048.00,-3092774.00
2022-12-01,-6.54,-93.09,102.60,0.00,0.02,50.54,88.80,15.31,5.52,4.84,595.50,83.56,342.90,40.70,20.64,8.80,6138.00,86145.00,0.00,24.14,35810.00,42389.00,13548.00,4827.00,208.49,54.82,-78975.00,0.00,0.00,0.00,3591.00,1831382.00,10155888.00,1371208.00,852579.00,737695.00,21223783.00,-830800.00,-6097614.00
2023-01-01,-5.98,-65.70,108.80,0.00,2.76,44.91,146.30,12.27,8.92,4.42,585.20,90.92,335.00,39.70,22.86,12.50,4776.00,96029.00,0.00,3939.00,31818.00,70351.00,12243.00,7793.00,233.05,75.62,123136.00,0.00,0.00,0.00,321027.00,2035973.00,17786904.00,2223925.00,1745632.00,481199.00,28887886.00,2336058.00,3625054.00
2023-02-01,-6.78,-51.38,126.90,0.00,1.58,45.84,133.40,18.80,7.92,5.26,503.50,89.88,290.70,39.80,22.23,10.90,3395.00,100745.00,0.00,2196.00,32482.00,62997.00,19430.00,6920.00,253.02,146.97,234481.00,0.00,0.00,0.00,3031605.00,8569843.00,29968896.00,12639925.00,4908133.00,1478433.00,33607706.00,4018519.00,5896523.00
2023-03-01,-7.62,-63.59,136.20,0.00,0.03,37.08,205.80,16.92,9.86,5.77,447.20,78.02,251.80,33.30,19.23,11.00,5820.00,117645.00,0.00,47.10,26272.00,99032.00,15106.00,8616.00,301.38,77.89,198998.00,0.00,0.00,0.00,6376.00,2086430.00,23258248.00,1823733.00,1541883.00,612551.00,23086511.00,866166.00,416711.00
2023-04-01,-7.77,-84.98,102.10,0.00,1.20,21.57,220.10,34.61,15.47,5.94,471.30,64.26,197.40,28.70,17.35,8.70,8514.00,87089.00,0.00,1744.00,15284.00,109425.00,32486.00,13523.00,297.50,98.19,300615.00,0.00,0.00,0.00,258675.00,2792839.00,27201001.00,5151667.00,3162066.00,875973.00,29119811.00,2201191.00,4074612.00
2023-05-01,-9.44,-33.88,174.40,0.00,1.39,51.77,293.50,67.53,37.75,6.90,431.10,53.88,134.70,25.10,13.50,4.90,3251.00,152004.00,0.00,1882.00,36683.00,141190.00,59215.00,32994.00,391.40,208.52,1236852.00,0.00,0.00,0.00,1493352.00,12551916.00,82285493.00,26148219.00,10596304.00,2990936.00,47234958.00,6839821.00,12861466.00
2023-06-01,-8.70,-80.37,120.20,0.00,2.70,54.57,177.40,47.65,24.79,6.47,725.70,37.04,106.00,25.00,13.50,5.60,7832.00,92455.00,0.00,3703.00,38669.00,84277.00,44110.00,21668.00,250.17,95.68,447303.00,0.00,0.00,0.00,1220210.00,8831720.00,32180481.00,10346841.00,5633185.00,994186.00,30580025.00,1961609.00,4411448.00
2023-07-01,-9.33,-46.27,224.70,0.00,0.34,47.07,179.80,51.53,27.04,7.17,618.60,49.39,137.20,19.00,11.71,3.20,2676.00,173855.00,0.00,454.20,33349.00,85400.00,43654.00,23629.00,311.01,82.86,388568.00,0.00,0.00,0.00,100470.00,6166611.00,24724729.00,7758369.00,4879765.00,1093514.00,21854522.00,1532009.00,2955248.00
2023-08-01,-13.36,-46.80,171.90,0.00,1.92,47.56,258.30,46.71,30.77,10.86,454.70,62.48,188.30,25.90,13.01,3.90,4419.00,144139.00,0.00,2656.00,33701.00,123563.00,42218.00,26897.00,359.75,191.65,866285.00,0.00,0.00,0.00,3391213.00,8719732.00,74838067.00,30827763.00,11562422.00,3574364.00,30983690.00,3619366.00,6519071.00
2023-09-01,-15.44,-77.03,136.60,0.00,0.25,36.74,123.60,38.18,12.28,11.67,464.60,70.85,276.80,31.10,16.22,3.80,5415.00,108170.00,0.00,352.10,26030.00,57479.00,33712.00,10733.00,288.00,62.62,-95556.00,0.00,0.00,0.00,47442.00,2096784.00,13050990.00,3619095.00,1859070.00,956345.00,13076601.00,-187756.00,-8860813.00
2023-10-01,-12.68,-108.30,100.60,0.00,0.13,32.49,93.85,19.45,3.21,8.94,601.30,73.11,319.70,32.00,16.02,5.40,6913.00,80418.00,0.00,184.60,23023.00,44655.00,17695.00,2807.00,199.32,29.21,-421463.00,0.00,0.00,0.00,28363.00,311009.00,5708848.00,948743.00,446466.00,564542.00,7639722.00,-398396.00,-9321918.00
2023-11-01,-14.04,-70.13,96.53,0.00,0.36,40.04,121.00,17.57,10.36,10.20,474.10,79.78,331.00,39.90,17.75,7.80,6620.00,78207.00,0.00,524.00,28369.00,57850.00,15707.00,9056.00,239.10,69.17,-255329.00,0.00,0.00,0.00,188324.00,2714885.00,12529879.00,3360396.00,1917216.00,1041489.00,23992629.00,488911.00,-2317128.00
2023-12-01,-13.35,-75.78,127.50,0.00,0.62,37.21,105.20,23.89,8.09,9.24,526.90,75.79,296.90,35.40,19.54,10.10,5995.00,103429.00,0.00,850.50,26367.00,50704.00,22263.00,7071.00,248.02,63.26,-24125.00,0.00,0.00,0.00,184749.00,1831342.00,10677303.00,2442114.00,993019.00,946218.00,21407421.00,739769.00,-6087678.00
2024-01-01,-15.18,-59.39,165.50,0.00,0.12,43.65,95.51,16.84,16.45,10.57,527.50,103.40,346.10,40.10,22.73,9.80,4299.00,141637.00,0.00,165.20,30930.00,45462.00,16205.00,14374.00,270.15,53.06,-361399.00,0.00,0.00,0.00,23275.00,2071841.00,8540745.00,1254890.00,2017816.00,929193.00,18202988.00,824097.00,-7712664.00
2024-02-01,-14.03,-39.60,131.20,0.00,0.41,54.51,103.30,21.12,20.16,9.67,487.10,103.90,331.40,38.90,22.83,10.90,3461.00,107259.00,0.00,574.30,38621.00,49293.00,20041.00,17623.00,261.98,108.02,-351446.00,0.00,0.00,0.00,1706388.00,10372887.00,23353776.00,9908389.00,5901155.00,4190449.00,26875140.00,3760459.00,1234976.00
2024-03-01,-17.08,-48.00,151.90,0.00,0.41,53.71,155.30,29.35,23.19,12.45,521.00,107.70,293.60,39.60,22.98,9.60,3801.00,128985.00,0.00,593.70,38055.00,76385.00,26793.00,20270.00,290.20,90.66,120353.00,0.00,0.00,0.00,321996.00,6549226.00,18427326.00,6252408.00,3921654.00,2026173.00,31692308.00,3919108.00,14053683.00
2024-04-01,-18.08,-70.40,139.80,0.00,0.07,50.45,203.20,25.57,32.25,13.65,401.30,89.21,204.50,26.00,15.22,6.90,9173.00,127331.00,0.00,102.40,35743.00,97451.00,21150.00,28185.00,346.92,105.29,601750.00,0.00,0.00,0.00,18395.00,5772618.00,27146668.00,3914979.00,5131276.00,2063208.00,32163064.00,3494724.00,5414540.00
2024-05-01,-19.08,-54.59,113.60,0.00,0.37,58.66,294.30,43.65,47.79,14.39,408.90,78.77,176.90,24.30,14.37,4.10,8627.00,102674.00,0.00,531.60,41560.00,140596.00,35350.00,41765.00,358.60,145.66,1459767.00,0.00,0.00,0.00,105106.00,10007740.00,53054457.00,8695981.00,9625652.00,2709485.00,41070317.00,6956369.00,13603475.00
2024-06-01,-19.10,-50.82,127.00,0.00,4.79,113.80,334.70,43.55,47.63,14.58,490.30,51.03,110.60,20.60,11.56,3.20,7552.00,112482.00,0.00,6619.00,80602.00,159441.00,37840.00,41627.00,372.42,184.21,2289795.00,0.00,0.00,0.00,1850030.00,25229237.00,73650602.00,12394695.00,11496396.00,3554684.00,60985267.00,7322625.00,15218360.00
2024-07-01,-19.98,-106.70,80.69,0.00,1.60,123.00,239.90,63.01,42.11,15.87,688.00,61.92,157.40,21.50,11.48,0.70,15984.00,67405.00,0.00,2098.00,87174.00,113992.00,53053.00,36805.00,289.67,278.34,1992858.00,0.00,0.00,0.00,5993803.00,44059617.00,99220701.00,56747551.00,15699320.00,7176991.00,83561750.00,6997093.00,13596654.00
2024-08-01,-10.01,-159.60,61.58,0.00,1.20,99.32,166.10,43.85,33.65,8.17,709.50,68.92,199.80,24.90,14.54,4.80,18999.00,47169.00,0.00,1544.00,70374.00,78961.00,38026.00,29405.00,241.01,187.31,551739.00,0.00,0.00,0.00,2955747.00,22539774.00,65307683.00,36509247.00,12776487.00,4350330.00,35188174.00,4770149.00,2833023.00
2024-09-01,-6.82,-118.60,137.00,0.00,0.61,59.20,35.61,53.23,9.31,5.58,640.30,74.68,258.60,27.10,13.93,2.00,5997.00,110537.00,0.00,876.80,41944.00,16760.00,52692.00,8136.00,252.72,110.26,307002.00,0.00,0.00,0.00,1654106.00,3889245.00,10611547.00,25659357.00,1465578.00,2487922.00,10551746.00,-82791.00,-4518830.00