date,Battery (Charging) -  GWh,Exports -  GWh,Imports -  GWh,Coal (Brown) -  GWh,Gas (Steam) -  GWh,Gas (OCGT) -  GWh,Battery (Discharging) -  GWh,Hydro -  GWh,Wind -  GWh,Solar (Utility) -  GWh,Solar (Rooftop) -  GWh,Temperature Max - C,Temperature Mean - C,Temperature Min - C,Exports Emissions Vol - tCO2e,Imports Emissions Vol - tCO2e,Coal (Brown) Emissions Vol - tCO2e,Gas (Steam) Emissions Vol - tCO2e,Gas (OCGT) Emissions Vol - tCO2e,Emissions Intensity - kgCO2e/MWh,Volume Weighted Price - AUD/MWh,Battery (Charging) Market Value - AUD,Exports Market Value - AUD,Imports Market Value - AUD,Coal (Brown) Market Value - AUD,Gas (Steam) Market Value - AUD,Gas (OCGT) Market Value - AUD,Battery (Discharging) Market Value - AUD,Hydro Market Value - AUD,Wind Market Value - AUD,Solar (Utility) Market Value - AUD,Solar (Rooftop) Market Value - AUD
1/12/1998,0,0,0,2987,7.83,5.36,0,85.59,0,0,0,0,0,0,0,0,3840163,4464,4717,0,20.57,0,0,0,44471765,0,6170,0,1215209,0,0,0
1/01/1999,0,0,0,3955,2.05,3.63,0,106.5,0,0,0,0,0,0,0,0,5091677,1170,3195,0,22.95,0,0,0,86133046,41385,100787,0,2202030,0,0,0
1/02/1999,0,0,0,3786,9,1.12,0,69.63,0,0,0,0,0,0,0,0,4913884,5132,988.5,0,20.81,0,0,0,74133563,172159,20034,0,1370755,0,0,0
1/03/1999,0,0,0,4233,9.7,0.44,0,44.05,0,0,0,0,0,0,0,0,5475046,5528,383.8,0,19.35,0,0,0,77766781,172090,7171,0,776438,0,0,0
1/04/1999,0,0,0,4024,0,2.12,0,31.35,0,0,0,0,0,0,0,0,5204967,2.24,1864,0,35.63,0,0,0,123048904,121.1,48990,0,972941,0,0,0
1/05/1999,0,0,0,4113,5.84,6.52,0,15.33,0,0,0,0,0,0,0,0,5318701,3331,5736,0,29.04,0,0,0,114167643,162834,176878,0,411677,0,0,0
1/06/1999,0,0,0,4082,17.55,10.85,0,31.54,0,0,0,0,0,0,0,0,5265252,10006,9543,0,30.47,0,0,0,119249947,482193,318228,0,923476,0,0,0
1/07/1999,0,0,0,4465,66.66,12.04,0,19.07,0,0,0,0,0,0,0,0,5791125,37997,10586,0,23.64,0,0,0,102425219,1542726,224961,0,425849,0,0,0
1/08/1999,0,0,0,4281,151.6,8.89,0,25.77,0,0,0,0,0,0,0,0,5575621,86440,7818,0,24.67,0,0,0,102021509,3846434,214392,0,626520,0,0,0
1/09/1999,0,0,0,4121,29.5,3.19,0,28.54,0,0,0,0,0,0,0,0,5353908,16817,2802,0,18.82,0,0,0,75548164,568679,49685,0,518703,0,0,0
1/10/1999,0,0,0,4142,54.01,3.03,0,29.91,0,0,0,0,0,0,0,0,5364127,30785,2664,0,20.65,0,0,0,83038743,1065633,53620,0,596973,0,0,0
1/11/1999,0,0,0,4001,54.62,0.91,0,25.3,0,0,0,0,0,0,0,0,5160943,31138,801.7,0,21,0,0,0,81222063,1080652,16002,0,521183,0,0,0
1/12/1999,0,0,0,4161,30.63,2.29,0,38.07,0,0,0,0,0,0,0,0,5379865,17461,2018,0,17.1,0,0,0,69336780,584306,36750,0,599408,0,0,0
1/01/2000,0,0,0,3565,183.9,53.89,0,57.46,0,0,0,0,0,0,0,0,4580710,104806,47392,0,33.35,0,0,0,113273764,5070370,1551969,0,1839171,0,0,0
1/02/2000,0,0,0,3674,201.1,75.22,0,64.42,0,0,0,0,0,0,0,0,4731294,114636,66151,0,55.52,0,0,0,212302619,15524778,6421276,0,5847589,0,0,0
1/03/2000,0,0,0,4219,49.22,5.17,0,52.19,0,0,0,0,0,0,0,0,5448352,28055,4544,0,36.45,0,0,0,155121998,2247383,151930,0,2031794,0,0,0
1/04/2000,0,0,0,3982,2.72,0.03,0,22.35,0,0,0,0,0,0,0,0,5143068,1549,29.04,0,26.57,0,0,0,98332414,58636,457.6,0,555197,0,0,0
1/05/2000,0,0,0,4069,169.4,14.78,0,31.9,0,0,0,0,0,0,0,0,5290085,96564,12994,0,55.91,0,0,0,207660109,10207489,844755,0,2096674,0,0,0
1/06/2000,0,0,0,3839,276.8,35.99,0,28.43,0,0,0,0,0,0,0,0,5029493,157811,31646,0,46.13,0,0,0,165079448,12825531,1861787,0,1469429,0,0,0
1/07/2000,0,0,0,4015,10.95,13.67,0,20.69,0,0,0,0,0,0,0,0,5225909,6244,12023,0,49.47,0,0,0,190052372,363975,825374,0,991417,0,0,0
1/08/2000,0,0,0,3756,15.12,11.18,0,36.24,0,0,0,0,0,0,0,0,4898282,8617,9832,0,61.56,0,0,0,215021330,835941,662696,0,2194665,0,0,0
1/09/2000,0,0,0,3761,0,3.83,0,64.1,0,0,0,0,0,0,0,0,4873374,0,3364,0,25.52,0,0,0,92726189,0,155444,0,1489365,0,0,0
1/10/2000,0,0,0,3984,0,0.74,0,109,0,0,0,0,0,0,0,0,5148367,0,651,0,29.55,0,0,0,112411554,0,17604,0,3026263,0,0,0
1/11/2000,0,0,0,3898,12.9,5.23,0,77.66,0,0,0,0,0,0,0,0,5034945,7351,4603,0,33.77,0,0,0,123880340,443543,142459,0,2274151,0,0,0
1/12/2000,0,0,0,4307,4.81,3.28,0,63.91,0,0,0,0,0,0,0,0,5565182,2740,2887,0,25.96,0,0,0,103453155,81664,63271,0,1589405,0,0,0
1/01/2001,0,0,0,4268,106.1,18.68,0,76.84,0,0,0,0,0,0,0,0,5536453,60509,16423,0,61.21,0,0,0,226612008,8401396,1414349,0,3514086,0,0,0
1/02/2001,0,0,0,3941,126.2,13.98,0,55.91,0,0,0,0,0,0,0,0,5126423,71913,12294,0,49.34,0,0,0,170490476,4909408,340824,0,1918422,0,0,0
1/03/2001,0,0,0,4128,120.9,3.74,0,51.12,0,0,0,0,0,0,0,0,5388097,68932,3290,0,31.34,0,0,0,125335374,3547775,82534,0,1437757,0,0,0
1/04/2001,0,0,0,4037,51.31,1.61,0,34.05,0,0,0,0,0,0,0,0,5226359,29249,1419,0,29.29,0,0,0,112154676,1852165,40214,0,810783,0,0,0
1/05/2001,0,0,0,4054,213.3,4.86,0,13.06,0,0,0,0,0,0,0,0,5228442,121573,3247,0,35.05,0,0,0,138002111,7492682,170027,0,420891,0,0,0
1/06/2001,0,0,0,4182,133.3,13.71,0,18.33,0,0,0,0,0,0,0,0,5418582,76014,8527,0,29.99,0,0,0,121421480,3651967,382556,0,467442,0,0,0
1/07/2001,0,0,0,4429,79.52,4.99,0,122.2,0,0,0,0,0,0,0,0,5734850,45332,3271,0,43.02,0,0,0,165009396,3405121,149458,0,3141269,0,0,0
1/08/2001,0,0,0,4494,78.61,15.31,0,161.8,0,0,0,0,0,0,0,0,5821156,44812,12497,0,76.8,0,0,0,278531036,3252776,540122,0,6224397,0,0,0
1/09/2001,0,0,0,4063,55.84,1.31,0,205.5,0,0,0,0,0,0,0,0,5247671,31832,867.7,0,25.52,0,0,0,101094391,1462906,37939,0,4791016,0,0,0
1/10/2001,0,0,0,3799,65.55,4.48,0,275.2,0,0,0,0,0,0,0,0,4979807,37364,3284,0,28.91,0,0,0,106439379,1761041,128596,0,7209515,0,0,0
1/11/2001,0,0,0,3742,32.75,0.88,0,230.4,0,0,0,0,0,0,0,0,4872632,18666,613.7,0,26.75,0,0,0,94785078,826688,19828,0,5197284,0,0,0
1/12/2001,0,0,0,3470,92.81,9.42,0,266.1,0,0,0,0,0,0,0,0,4525024,52904,6127,0,34.62,0,0,0,108986059,3841174,373643,0,7294495,0,0,0
1/01/2002,0,0,0,3937,32.23,4.52,0,257,0,0,0,0,0,0,0,0,5145990,18374,2709,0,36.62,0,0,0,132491744,1540934,101638,0,7190423,0,0,0
1/02/2002,0,0,0,3797,20.38,7.44,0,260.7,0,0,0,0,0,0,0,0,4977918,11619,4559,0,34.82,0,0,0,125242682,446213,181212,0,8571862,0,0,0
1/03/2002,0,0,0,3993,10.32,6.06,0,155.7,0,0,0,0,0,0,0,0,5242145,5881,3546,0,32.8,0,0,0,120229770,233700,145313,0,4995576,0,0,0
1/04/2002,0,0,0,3840,0,8.09,0,32.15,0,0,0,0,0,0,0,0,4948779,0,4907,0,28.96,0,0,0,107809298,0,187480,0,773498,0,0,0
1/05/2002,0,0,0,4053,52.11,34.12,0,123.8,0,0,0,0,0,0,0,0,5170727,29706,24314,0,61.6,0,0,0,230330275,4458006,1508654,0,7946755,0,0,0
1/06/2002,0,0,0,4252,81.7,37,0,184.3,0,0,0,0,0,0,0,0,5501109,46575,27265,0,40.09,0,0,0,159186320,3008226,979157,0,8375103,0,0,0
1/07/2002,0,0,0,4472,141,53.35,0,258.5,0,0,0,0,0,0,0,0,5826329,80391,39939,0,44.16,0,0,0,182275263,6263551,1723367,0,12259946,0,0,0
1/08/2002,0,0,0,4507,90.58,15.89,0,210.6,0,0,0,0,0,0,0,0,5872190,51632,11176,0,27.37,0,0,0,119986032,2158691,314921,0,5430379,0,0,0
1/09/2002,0,0,0,4156,71.11,16.49,0,304.9,0,0,0,0,0,0,0,0,5356639,40538,11257,0,28.39,0,0,0,114431023,1737510,474599,0,8236962,0,0,0
1/10/2002,0,0,0,4155,41.87,7.41,0,267.5,0,0,0,0,0,0,0,0,5375177,23867,5005,0,27.25,0,0,0,109026587,1115632,193884,0,6789646,0,0,0
1/11/2002,0,0,0,4260,11.86,12.02,0,225.9,0,0,0,0,0,0,0,0,5503408,6761,8105,0,28.39,0,0,0,115851912,247723,276738,0,5798549,0,0,0
1/12/2002,0,0,0,4264,31.77,17.02,0,205.7,0,0,0,0,0,0,0,0,5552901,18110,11503,0,32.91,0,0,0,132054041,876290,417134,0,5923845,0,0,0
1/01/2003,0,0,0,4389,8.75,16.08,0,314.2,0,0,0,0,0,0,0,0,5686131,4987,11509,0,27.77,0,0,0,112144189,162154,308800,0,6677062,0,0,0
1/02/2003,0,0,0,4027,0,5.02,0,343.3,0,0,0,0,0,0,0,0,5221099,0,3822,0,19.23,0,0,0,73772129,0,74246,0,5946262,0,0,0
1/03/2003,0,0,0,4108,2.95,4.47,0,389.6,0,0,0,0,0,0,0,0,5349971,1682,3370,0,25.17,0,0,0,95151119,47000,75154,0,8340706,0,0,0
1/04/2003,0,0,0,4284,0,0.74,0,336.1,0,0,0,0,0,0,0,0,5545035,0,430.1,0,16.94,0,0,0,69618221,0,11857,0,5419043,0,0,0
1/05/2003,0,0,0,4336,11.08,6.51,0,269.8,0,0,0,0,0,0,0,0,5599060,6319,4887,0,22.44,0,0,0,93654202,173395,101680,0,5691684,0,0,0
1/06/2003,0,0,0,4205,57.47,23.31,0,246.5,0,0,0,0,0,0,0,0,5460961,32758,18258,0,46.73,0,0,0,169916289,5045362,3562171,0,20132148,0,0,0
1/07/2003,0,0,0,4380,39.24,15.17,0,283.9,0,0,0,0,0,0,0,0,5670610,22369,11620,0,26.89,0,0,0,111873062,568806,672400,0,9280338,0,0,0
1/08/2003,0,0,0,4320,30.77,9.11,0,335.4,0,0,0,0,0,0,0,0,5615755,17540,6626,0,20.75,0,0,0,86938248,400808,127017,0,6628129,0,0,0
1/09/2003,0,0,0,3926,11.81,5.84,0,294.4,0,0,0,0,0,0,0,0,5093526,6733,4088,0,21.83,0,0,0,81851682,159608,106643,0,5538228,0,0,0
1/10/2003,0,0,0,3997,0,20.12,0,197.4,0,0,0,0,0,0,0,0,5208112,0,16659,0,21,0,0,0,81060509,0,407727,0,3684073,0,0,0
1/11/2003,0,0,0,3666,36.71,13.33,0,130.2,0,0,0,0,0,0,0,0,4775106,20928,10858,0,22.6,0,0,0,79589611,684589,270989,0,2503763,0,0,0
1/12/2003,0,0,0,4052,87.49,33.06,0,153,0,0,0,0,0,0,0,0,5248557,49872,26200,0,23.89,0,0,0,90171314,1958444,665037,0,2977776,0,0,0
1/01/2004,0,0,0,4379,61.78,13.02,0,134.9,0,0,0,0,0,0,0,0,5642020,35217,9255,0,23.06,0,0,0,95536815,1400057,276772,0,2667132,0,0,0
1/02/2004,0,0,0,4278,76.42,36.65,0,170.8,0,0,0,0,0,0,0,0,5547649,43560,28930,0,43.8,0,0,0,166824733,1650137,721720,0,4090196,0,0,0
1/03/2004,0,0,0,4594,36.06,4.9,0,138.5,0,0,0,0,0,0,0,0,5934531,20556,3446,0,23.91,0,0,0,105546476,823667,125783,0,3070517,0,0,0
1/04/2004,0,0,0,4016,123,22.79,0,137.7,0,0,0,0,0,0,0,0,5180125,70140,18406,0,28.76,0,0,0,110924853,2959091,585955,0,3641076,0,0,0
1/05/2004,0,0,0,4400,167.3,37.4,0,159.6,0,0,0,0,0,0,0,0,5667060,95389,29918,0,31.81,0,0,0,135708218,4985092,860941,0,4826329,0,0,0
1/06/2004,0,0,0,4463,114.5,27.94,0,189.5,0,0,0,0,0,0,0,0,5777461,65244,22410,0,31.18,0,0,0,132716923,3419341,541261,0,5063209,0,0,0
1/07/2004,0,0,0,4570,93.18,11.67,0,176.9,0,0,0,0,0,0,0,0,5906287,53118,8569,0,34.8,0,0,0,149321697,2462465,803664,0,7472960,0,0,0
1/08/2004,0,0,0,4655,52.98,3.76,0,164,0,0,0,0,0,0,0,0,6026823,30202,2359,0,24.28,0,0,0,109741274,1031370,80812,0,3701855,0,0,0
1/09/2004,0,0,0,4153,113.3,10.08,0,292.1,0,0,0,0,0,0,0,0,5360132,64563,7768,0,27.29,0,0,0,109319698,3104499,272315,0,7106517,0,0,0
1/10/2004,0,0,0,3989,106.7,82.71,0,332.5,0,0,0,0,0,0,0,0,5173043,60800,66116,0,45.6,0,0,0,170231030,5324669,3211133,0,12636844,0,0,0
1/11/2004,0,0,0,3985,171.1,53.26,0,249.9,0,0,0,0,0,0,0,0,5168111,97509,42733,0,36.69,0,0,0,139014122,5785724,1747270,0,7380835,0,0,0
1/12/2004,0,0,0,4202,157,24.03,0,137.1,0,0,0,0,0,0,0,0,5421852,89521,18801,0,29.53,0,0,0,114995953,4469404,685926,0,3221004,0,0,0
1/01/2005,0,0,0,4380,42.25,7.52,0,184.5,0,0,0,0,0,0,0,0,5664408,24083,5070,0,25.76,0,0,0,105667735,909532,156934,0,4066365,0,0,0
1/02/2005,0,0,0,3926,32.12,3.74,0,170.2,0,0,0,0,0,0,0,0,5103688,18309,2753,0,25.81,0,0,0,94487005,671379,66402,0,3604056,0,0,0
1/03/2005,0,0,0,4273,6.52,1.68,0,327,0,0,0,0,0,0,0,0,5535735,3718,1164,0,21.04,0,0,0,87796026,104664,28527,0,6396314,0,0,0
1/04/2005,0,0,0,3680,139.3,13.34,0,316.9,0,0,0,0,0,0,0,0,4770591,79414,8823,0,4.73,0,0,0,103631807,3711825,361663,0,8079980,0,0,0
1/05/2005,0,0,0,4309,41.31,5.27,0,258.2,0,0,0,0,0,0,0,0,5538403,23546,3630,0,4.29,0,0,0,111263974,953954,136076,0,6514975,0,0,0
1/06/2005,0,0,0,4392,28.5,5.49,0,203.8,0,0,0,0,0,0,0,0,5662151,16248,3795,0,4.03,0,0,0,106755517,475962,101180,0,4670297,0,0,0
1/07/2005,0,0,0,4311,41.5,9.47,0,186.7,0,0,0,0,0,0,0,0,5589719,23656,6152,0,4.37,0,0,0,113329117,792666,207575,0,4462623,0,0,0
1/08/2005,0,0,0,4276,25.85,18.6,0,205.3,0,0,0,0,0,0,0,0,5571426,14733,12787,0,4.23,0,0,0,107770952,600347,373110,0,4983473,0,0,0
1/09/2005,0,0,0,4018,41.36,14.57,0,284.1,0,0,0,0,0,0,0,0,5199325,23576,10658,0,5.39,0,0,0,132275966,1128670,510772,0,8501086,0,0,0
1/10/2005,0,0,0,4114,19.18,4.38,0,231.5,0,0,0,0,0,0,0,0,5266972,10935,2932,0,3.73,0,0,0,92673473,375112,89433,0,4822115,0,0,0
1/11/2005,0,0,0,4008,1.17,13.09,0,208.9,0,0,0,0,0,0,0,0,5182949,666,9643,0,3.84,0,0,0,91182552,20404,287697,0,4648849,0,0,0
1/12/2005,0,0,0,4479,33.07,5.08,0,279.4,0,0,0,0,0,0,0,0,5771144,18853,3580,0,5.82,0,0,0,162876731,1032069,112303,0,7559647,0,0,0
1/01/2006,0,0,0,4370,53.95,28.3,0,263.4,0,0,0,0,0,0,0,0,5631231,30752,22498,0,8.95,0,0,0,242914197,2348668,1234875,0,7166574,0,0,0
1/02/2006,0,0,0,4021,18.91,8.54,0,272.9,0,0,0,0,0,0,0,0,5197491,10779,6300,0,9.23,0,0,0,228398480,319543,161041,0,6184004,0,0,0
1/03/2006,0,0,0,4503,31.22,5.28,0,171.3,0,0,0,0,0,0,0,0,5796812,17798,3390,0,4,0,0,0,109142483,639812,97926,0,3907147,0,0,0
1/04/2006,0,0,0,4110,27.35,4.72,0,108.4,0,0,0,0,0,0,0,0,5282434,15593,3758,0,3.8,0,0,0,93617007,606033,82708,0,2350785,0,0,0
1/05/2006,0,0,0,4451,53.79,10.85,0,179.8,0,0,0,0,0,0,0,0,5731290,30660,8544,0,4.9,0,0,0,129357662,2110847,279524,0,5935174,0,0,0
1/06/2006,0,0,0,4299,91.82,19.73,0,323.4,0,0,0,0,0,0,0,0,5521093,52339,13755,0,5.5,0,0,0,141769110,2682608,480189,0,10425254,0,0,0
1/07/2006,0,0,0,4459,33.01,21.65,0,315.5,0,0,0,0,0,0,0,0,5746988,18818,14539,0,7.45,0,0,0,186529033,3262227,836472,0,19357594,0,0,0
1/08/2006,0,0,0,4332,101.1,8.87,0,315.1,0,0,0,0,0,0,0,0,5616578,57604,5440,0,4.89,0,0,0,126873845,3011688,183237,0,8732118,0,0,0
1/09/2006,0,0,0,3996,38.99,14.14,0,313.7,0,0,0,0,0,0,0,0,5165280,22224,10444,0,4.78,0,0,0,114849141,1101158,343168,0,8801802,0,0,0
1/10/2006,0,0,0,4125,65.56,6.9,0,254.4,0,0,0,0,0,0,0,0,5362769,37373,4907,0,4.98,0,0,0,124705270,1727333,206708,0,7141723,0,0,0
1/11/2006,0,0,0,4123,83.87,14.84,0,195.5,0,0,0,0,0,0,0,0,5342104,47808,10156,0,5.43,0,0,0,135022812,3011530,421078,0,6408738,0,0,0
1/12/2006,0,0,0,4592,46.68,9.92,0,78.01,0,0,0,0,0,0,0,0,5939054,26610,7114,0,3.78,0,0,0,103340682,1191234,215575,0,1885031,0,0,0
1/01/2007,0,0,0,4326,22.71,44.88,0,112,0,0,0,0,0,0,0,0,5589600,12945,30561,0,15.24,0,0,0,389886090,1093438,3500258,0,7103192,0,0,275.3
1/02/2007,0,0,0,4108,28.45,39.99,0,96.9,0,0,0.01,0,0,0,0,0,5314220,16216,27454,0,8.58,0,0,0,221262836,1499689,1481171,0,3601703,0,0,322.9
1/03/2007,0,0,0,4340,60.39,46.86,0,164.1,0,0,0.01,0,0,0,0,0,5597566,34428,31218,0,9.28,0,0,0,248367426,2481492,2423703,0,7831005,0,0,631.5
1/04/2007,0,0,0,3873,307.1,84.04,0,200.8,0,0,0.01,0,0,0,0,0,5051594,175069,56806,0,10.68,0,0,0,247261628,19577604,5401256,0,13470848,0,0,772.3
1/05/2007,0,0,0,3906,278.7,66.44,0,148,0,0,0.01,0,0,0,0,0,5061538,158875,41113,0,9.59,0,0,0,227559558,15996304,3668140,0,7806621,0,0,755.8
1/06/2007,0,0,0,4124,224.3,115.6,0,287.7,0,0,0.01,0,0,0,0,0,5331424,127837,80798,0,24.31,0,0,0,588912730,35278630,16711361,0,56055707,0,0,1951
1/07/2007,0,0,0,4433,127.2,63.5,0,172,0,0,0.02,0,0,0,0,0,5747177,72483,40006,0,11.52,0,0,0,305710049,7284452,3870965,0,13127126,0,0,1100
1/08/2007,0,0,0,4502,130.6,26.69,0,93.53,0,0,0.03,0,0,0,0,0,5827427,74434,15707,0,7.11,0,0,0,192212663,5615969,1189732,0,3543267,0,0,1070
1/09/2007,0,0,0,4248,164.2,18.34,0,148.1,0,0,0.06,0,0,0,0,0,5498075,93605,10704,0,7.87,0,0,0,199343046,7760513,873895,0,6493378,0,0,2930
1/10/2007,0,0,0,4340,51.28,16.75,0,52.53,0,0,0.1,0,0,0,0,0,5608316,29230,11396,0,6.7,0,0,0,176830160,2080981,606009,0,1870918,0,0,4038
1/11/2007,0,0,0,3949,207.6,68.37,0,77.61,0,0,0.13,0,0,0,0,0,5099915,118367,54293,0,8.4,0,0,0,205507073,9640187,2455940,0,3295882,0,0,6685
1/12/2007,0,0,0,3936,207.7,62.05,0,90.92,0,0,0.16,0,0,0,0,0,5053609,118388,47549,0,7.52,0,0,0,171338940,10400997,4089365,0,6366336,0,0,7126
1/01/2008,0,0,0,4255,160.4,44.5,0,96.03,0,0,0.18,0,0,0,0,0,5468805,91437,34644,0,5.75,0,0,0,148234617,5369561,1561448,0,2922399,0,0,6303
1/02/2008,0,0,0,4239,42.46,11.61,0,102.4,0,0,0.17,0,0,0,0,0,5452467,24205,8364,0,6.34,0,0,0,162722296,1610168,345681,0,2937101,0,0,6667
1/03/2008,0,0,0,4357,96.39,37.99,0,183.8,0,0,0.2,0,0,0,0,0,5607962,54949,29338,0,9.06,0,0,0,239163984,6505827,1257826,0,10481933,0,0,10588
1/04/2008,0,0,0,3867,164.8,35.63,0,187.5,0,0,0.16,0,0,0,0,0,4956628,93930,28057,0,7.27,0,0,0,169359218,7535987,1676651,0,7722550,0,0,6941
1/05/2008,0,0,0,3966,243,91.61,0,216.3,0,0,0.14,0,0,0,0,0,5120095,138545,66918,0,8.07,0,0,0,193135160,11617295,4194602,0,9791206,0,0,6592
1/06/2008,0,0,0,4291,152.4,62.02,0,169.2,0,0,0.13,0,0,0,0,0,5536453,86887,44347,0,6.49,0,0,0,168527334,5859497,2028111,0,6071756,0,0,5032
1/07/2008,0,0,0,4530,156.7,35.83,0,173.9,0,0,0.13,0,0,0,0,0,5820948,89305,25509,0,7.78,0,0,0,204384558,9042181,2189963,0,11251223,0,0,5684
1/08/2008,0,0,0,4586,213.7,53,0,170.6,0,0,0.15,0,0,0,0,0,5960244,121839,38219,0,6.31,0,0,0,173242538,8269121,1790898,0,6717941,0,0,5827
1/09/2008,0,0,0,4158,91.45,77.42,0,202.9,0,0,0.31,0,0,0,0,0,5395209,52134,60925,0,5.85,0,0,0,144742349,3175273,2742134,0,7541758,0,0,10959
1/10/2008,0,0,0,4269,0,118.9,0,138,0,0,0.39,0,0,0,0,0,5566455,0,93269,0,7.21,0,0,0,187698790,0,4728702,0,5418991,0,0,17117
1/11/2008,0,0,0,4159,0,61.08,0,67.87,0,0,0.46,0,0,0,0,0,5407762,0,47402,0,5.54,0,0,0,139427444,0,2079316,0,2247138,0,0,15498
1/12/2008,0,0,0,4640,16.86,17.28,0,36.17,0,0,0.55,0,0,0,0,0,6017846,9613,12141,0,4.42,0,0,0,121934306,371984,532845,0,908011,0,0,14613
1/01/2009,0,0,0,4237,125.2,68.54,0,246,0,0,0.6,0,0,0,0,0,5524428,71355,54743,1208.22,21.97,0,0,0,493794457,26310366,10476277,0,21265309,0,0,75575
1/02/2009,0,0,0,3987,117.6,41.51,0,208.8,0,0,0.58,0,0,0,0,0,5178075,67026,31344,1211.61,5.29,0,0,0,132999389,3572553,864974,0,4657688,0,0,19444
1/03/2009,0,0,0,4515,69.72,7,0,122,0,0,0.64,0,0,0,0,0,5866483,39741,4869,1254.02,4.15,0,0,0,113399181,1617711,174730,0,2762439,0,0,16223
1/04/2009,0,0,0,4059,108.2,46.56,0,145.8,0,0,0.47,0,0,0,0,0,5275031,61691,38041,1232.87,6.19,0,0,0,151404262,3939373,1760826,0,5169081,0,0,17409
1/05/2009,0,0,0,4369,112.2,21.94,0,184.9,0,0,0.38,0,0,0,0,0,5638058,63968,15396,1219.58,5.22,0,0,0,136480278,3814706,641295,0,5860624,0,0,11891
1/06/2009,0,0,0,4427,85.62,47.47,0,212.4,0,0,0.36,0,0,0,0,0,5746449,48807,34070,1221.44,5.03,0,0,0,132297792,3140986,1380815,0,7092726,0,0,10888
1/07/2009,0,-354.3,179.4,4384,132.1,47.45,0,190.6,0,0,0.35,0,0,0,429276,95062,5691228,75290,35028,1193.94,26.91,0,0,0,117548174,3775119,1049581,0,5337002,0,0,9532
1/08/2009,0,-456.4,270.4,4362,64.11,9.17,0,138.1,0,0,0.46,0,0,0,557332,79944,5652496,36547,7071,1189.49,22.5,0,0,0,97980652,1418480,166249,0,3155608,0,0,10344
1/09/2009,0,-460.7,248.5,4099,61.33,6.24,0,157,0,0,1,0,0,0,561769,43195,5322080,34962,4582,1177.96,22.81,0,0,0,93455034,1394485,116563,0,3531609,0,0,22917
1/10/2009,0,-588.8,76.92,4485,23.66,18.24,0,201.4,0,0,1.33,0,0,0,714589,35429,5769866,13487,14611,1214.02,25.4,0,0,0,114575498,629854,468415,0,4737921,0,0,33943
1/11/2009,0,-476.5,143.9,4262,129.1,45.35,0,212.2,0,0,1.65,0,0,0,565833,99478,5473837,73619,36742,1185.77,31.8,0,0,0,137674340,3776209,1059417,0,5390979,0,0,53347
1/12/2009,0,-662.2,141.4,4476,76.33,12.08,0,106.4,0,0,2.06,0,0,0,818346,95179,5755467,43509,9611,1225.4,23.33,0,0,0,104706741,1786353,280870,0,2322916,0,0,48430
1/01/2010,0,-718.3,114.4,4573,26.87,91.5,0,189.5,0,0,2.42,0,0,0,878131,69139,5891922,15316,77156,1210.06,87.46,0,0,0,274370492,12759436,28736747,0,58932630,0,0,147559
1/02/2010,0,-484.6,182.2,4042,35.38,74.27,0,246.2,0,0,2.49,0,0,0,587163,125322,5229011,20170,62850,1184.29,89.19,0,0,0,237260937,6042652,24038353,0,46165127,0,0,168824
1/03/2010,0,-653.4,88.33,4580,25.96,5.05,0,253.5,0,0,3.06,0,0,0,804499,66063,5964340,14800,3881,1219.83,23.71,0,0,0,104768019,897602,147026,0,7470622,0,0,70035
1/04/2010,0,-403.5,135.3,3921,22.05,33.33,0,247,0,0,2.45,0,0,0,493429,104306,5063406,12568,27772,1192.01,83.05,0,0,0,239454190,6879359,22215269,0,62139362,0,0,175369
1/05/2010,0,-280.2,346,3949,25.5,36.52,0,262.2,0,0,2.17,0,0,0,340521,259863,5098503,14535,29170,1166.52,31.47,0,0,0,117894552,1140386,1630814,0,10214378,0,0,66041
1/06/2010,0,-329.8,229,4278,10.79,32.21,0,288.3,0,0,2.19,0,0,0,397577,142970,5523559,6149,25096,1175.6,32.63,0,0,0,128617431,667334,1587324,0,11227008,0,0,68869
1/07/2010,0,-384.7,213.9,4590,39.41,19.83,0,238.6,0,0,2.14,0,0,0,469050,86205,5928226,22465,15045,1183.56,27.39,0,0,0,121630711,1451305,444173,0,6990644,0,0,57137
1/08/2010,0,-344,286.7,4437,35.89,18.9,0,194,0,0,2.71,0,0,0,421802,99501,5764360,20456,14340,1183.29,27.76,0,0,0,119980226,1416529,806827,0,5853208,0,0,73413
1/09/2010,0,-491.6,271.6,4215,9.37,7.57,0,260.6,0,0,5.67,0,0,0,591271,43669,5481856,5340,5516,1157.42,22.57,0,0,0,93391021,233783,181623,0,6431912,0,0,125354
1/10/2010,0,-737.5,191.3,4321,0.1,47.42,0,323.5,0,0,7.32,0,0,0,866770,32734,5586973,57.71,40571,1156.24,21.35,0,0,0,85725610,1939,-2631,0,7501365,39.04,0,152298
1/11/2010,0,-815.4,143.2,4208,19.76,30.99,0,476,91.99,0,8.88,0,0,0,925516,21602,5416899,11261,26034,1095.25,18.88,0,0,0,78570811,490518,687757,0,9722694,1692722,0,163495
1/12/2010,0,-936.9,148.5,4278,4.79,24.74,0,533.2,97.88,0,10.56,0,0,0,1054243,38026,5492553,2730,19584,1083.96,17.16,0,0,0,71577631,154375,496556,0,9960068,1533526,0,174451
1/01/2011,0,-632,196,4350,60.99,99.96,0,170.3,81.91,0,11.55,0,0,0,761349,53575,5572918,34766,83793,1151.73,49.46,0,0,0,184095039,4502441,20808975,0,34828143,2695261,0,474243
1/02/2011,0,-574.2,192.9,3877,59.76,85.68,0,285.7,72.34,0,10.84,0,0,0,674792,69716,4979314,34064,72571,1120.45,48.48,0,0,0,147475688,5470599,11022991,0,21753586,3505073,0,438803
1/03/2011,0,-543.1,148.1,4307,3.46,69.06,0,173.1,94.54,0,12.21,0,0,0,665481,63606,5562040,1975,59773,1181.03,25.56,0,0,0,107322544,104456,1969568,0,5123371,2281216,0,304761
1/04/2011,0,-464,112.6,4109,0.14,19.11,0,134.3,72.56,0,9.13,0,0,0,577819,51288,5307511,80.66,16325,1204.25,26.07,0,0,0,104816071,3600,558450,0,3967669,1802475,0,233625
1/05/2011,0,-299.5,291.6,4043,11.14,43.05,0,337.7,83.54,0,7.74,0,0,0,363593,204151,5266711,6352,35185,1141.51,35.37,0,0,0,131609720,397807,1660289,0,12709057,2575345,0,265800
1/06/2011,0,-350,265.5,4193,0.11,7.01,0,281.3,127.6,0,8.33,0,0,0,426564,147920,5473084,64.83,4485,1149.07,28.96,0,0,0,117378878,3185,275005,0,10025676,3501635,0,232573
1/07/2011,0,-387.1,289.2,4358,49.77,26.84,0,217,137.4,0,7.79,0,0,0,471066,128662,5672526,28371,19933,1146.51,30.8,0,0,0,127195394,2205351,1299766,0,8456931,3850367,0,229874
1/08/2011,0,-391.9,221.3,4361,26.45,12.88,0,182.9,87.59,0,9.71,0,0,0,485774,117929,5661899,15077,8934,1181.73,30.88,0,0,0,128874876,1111363,492709,0,6665843,2520730,0,290784
1/09/2011,0,-492.5,176.8,4229,9.67,10.2,0,157.4,131.8,0,20.39,0,0,0,604950,51745,5502404,5514,6252,1174.92,27.67,0,0,0,113310015,338936,307903,0,5020640,3405057,0,550122
1/10/2011,0,-685.8,49,4574,24.35,31.59,0,132.8,113.9,0,24.21,0,0,0,850022,18631,5970985,13879,20685,1220.37,24.32,0,0,0,106476289,758113,807728,0,3916011,2541492,0,571598
1/11/2011,0,-732,73.87,4338,109,56.46,0,164.6,98.85,0,27.29,0,0,0,888406,19504,5631940,62154,37793,1183.56,27.3,0,0,0,115411886,3564574,1908995,0,5162845,2521973,0,725368
1/12/2011,0,-645.3,54.42,4612,11.26,37.49,0,124.3,113.1,0,30.75,0,0,0,803952,21583,5999185,6416,22123,1217.79,22.91,0,0,0,102250105,322534,895402,0,3392038,2377944,0,682035
1/01/2012,0,-696.9,77.86,4642,28.07,28.39,0,115,144.8,0,31.62,0,0,0,649298,21127,6013790,15999,18177,1249.03,25.41,0,622773,-162520,112676085,1194706,957828,0,4117884,3337840,0,760144
1/02/2012,0,-544.9,63.73,4401,24.95,8.22,0,76.98,97.21,0,28.09,0,0,0,508242,7303,5710803,14223,5348,1267.07,26.86,0,448921,-154936,114471950,996114,393382,0,2607194,2378956,0,725845
1/03/2012,0,-640.9,119.5,4343,26.82,5.95,0,205.2,117.6,0,29.56,0,0,0,777990,33745,5637512,15289,3962,1176.04,24.3,0,0,0,102447283,827418,153955,0,5304675,2670613,0,700572
1/04/2012,0,-427.1,214.2,3897,37.3,26.12,0,134.5,81.52,0,21.07,0,0,0,528442,49589,5062789,21261,15743,1165.86,32.81,0,0,0,124116312,1488655,1038495,0,5045095,2441251,0,674450
1/05/2012,0,-422,119.4,4481,2,20.54,0,177.2,115.3,0,16.88,0,0,0,524527,41782,5836785,1143,12029,1194.45,27.16,0,0,0,115751409,59891,372274,0,5710337,2911594,0,448839
1/06/2012,0,-229.2,313.1,3757,99.43,70.2,0,334.1,124.6,0,16.7,0,0,0,271999,101983,4867140,56682,42159,1073.11,37.72,0,0,0,135563844,4448428,2947331,0,14634938,4397823,0,613224
1/07/2012,0,-294.6,371.4,3788,29.04,162,0,421.2,108.8,0,15.52,0,0,0,328562,100953,4848587,16552,94100,1031.79,75.93,0,0,0,280390614,2867689,15904371,0,45854137,8248263,0,1140099
1/08/2012,0,-403,313.8,3917,0.27,190.7,0,366,167.1,0,19.01,0,0,0,454769,46202,5024870,155.9,109752,1038.3,56.53,0,0,0,218059182,15458,10608203,0,22387022,8975137,0,1059997
1/09/2012,0,-394,362.4,3517,0,214.3,0,245.8,125.1,0,39.46,0,0,0,450241,52544,4532812,0,122929,1046.05,54.45,0,0,0,178421650,0,10665597,0,13298991,6030962,0,2110715
1/10/2012,0,-479,307.7,3748,0,257.1,0,221.1,122.8,0,47.19,0,0,0,550324,56141,4832962,0,147678,1073.91,51.9,0,0,0,192326826,0,13197054,0,12041593,6182306,0,2418959
1/11/2012,0,-302.4,200.5,3678,0,171.4,0,153.9,129.7,0,53.11,0,0,0,354610,80737,4702492,0.11,99949,1123.41,93.44,0,0,0,302818043,8.81,27774289,0,46685231,8315518,0,4099029
1/12/2012,0,-380.8,191.6,3819,3.67,135.2,0,71.5,199.3,0,60.59,0,0,0,448525,77522,4889163,2090,77977,1138.33,54.87,0,0,0,194426473,193382,7532737,0,4686339,9916661,0,3161586
1/01/2013,0,-492.5,198.9,3970,2.95,189.2,0,179.4,179.6,0,61.92,0,0,0,575020,45102,5114047,1684,109734,1110.7,59.67,0,0,0,220680614,1266790,15812529,0,23713790,9362513,0,3360398
1/02/2013,0,-393,203.9,3563,29.06,132.4,0,320.2,178,0,53.94,0,0,0,445025,42805,4628558,16568,77096,1071.01,56.14,0,0,0,184528169,2141389,7701001,0,19124665,8955233,0,2890644
1/03/2013,0,-564.1,188.5,4105,24.73,134.2,0,254.5,202.5,0,55.06,0,0,0,653314,52464,5293951,14099,78627,1101.37,55.3,0,0,0,242273059,4035689,10581357,0,26055143,12222328,0,2880188
1/04/2013,0,-688.1,205.6,3904,35.8,61.82,0,261.7,158.6,0,37.82,0,0,0,786130,17571,4985974,20408,37135,1085.17,50.66,0,0,0,195423719,1778462,3374469,0,14280014,7545503,0,1891378
1/05/2013,0,-502.8,226.8,3976,14.03,92.01,0,323.6,213.6,0,28.33,0,0,0,567848,34329,5105587,7997,55064,1067.21,56.01,0,0,0,214225575,925764,5613928,0,19665038,10846753,0,1554183
1/06/2013,0,-472.8,271.7,3879,45.88,110.4,0,330.2,167.2,0,25.51,18.3,10.53,1.3,533733,83517,4987917,26152,69922,1069.77,62.67,0,0,0,219682687,3026670,7163949,0,20366094,8610356,0,1553559
1/07/2013,0,-381,313.6,3779,0,83.7,0,434.3,241,0,23.06,23.8,11.72,3,413447,55807,4889323,0.11,49560,1024.75,59.54,0,0,0,221162009,12.04,5784316,0,27561795,12973708,0,1345320
1/08/2013,0,-431.2,315.1,3702,0,159.9,0,294.5,348.3,0,27.47,23.8,12.28,5.5,471688,31110,4795641,0,92130,1013.35,54.87,0,0,0,200664790,0,9230449,0,17037323,18396454,0,1486951
1/09/2013,0,-579.5,318.3,3315,1.01,330.9,0,293.1,253.5,0,53.07,24.3,14.92,3.6,619978,8642,4279938,576.5,190244,981.46,49.76,0,0,0,163436195,50277,16490216,0,15217336,11992950,0,2613697
1/10/2013,0,-453.5,362.8,3549,0,147.2,0,187.5,282.9,0,63.35,31.6,14.7,5.8,514691,29868,4580896,0,84985,1025.8,49.88,0,0,0,175242321,0,7584960,0,9823321,13763933,0,3133924
1/11/2013,0,-515.3,236.8,3773,0.66,67.7,0,147.5,196.7,0,71.06,32.7,15.89,8.4,601707,10553,4817312,373.5,38816,1091.7,47.16,0,0,0,176670545,31398,3342254,0,7359201,9051825,0,3322765
1/12/2013,0,-642.9,294.9,3832,4.23,59.97,0,247.9,167,0,79.51,39.2,18.08,8.2,747075,32506,4918794,2411,35422,1070.39,53.76,0,0,0,219856040,2178900,10877628,0,23967539,8534962,0,4001738
1/01/2014,0,-541.6,320.7,3993,36.56,145.9,0,180,226.9,0,81.11,43.4,21.34,10.3,633052,79566,5143552,20843,93155,1078.55,91.45,0,0,0,330944902,13194463,42167207,0,55872047,13424529,0,5873986
1/02/2014,0,-433,260.8,3655,33.39,128.7,0,119.6,175.5,0,70.67,40.7,20.72,12.3,509394,57398,4685312,19032,75540,1098.45,50.83,0,0,0,180641015,2185024,7513415,0,6907221,8231895,0,3480497
1/03/2014,0,-479,204.3,3916,1.49,172.8,0,90.65,152.8,0,72.17,32.9,19.03,10.5,572998,39135,5065150,850,99502,1141.07,46.66,0,0,0,180202991,82976,8383005,0,4651726,6774213,0,3316933
1/04/2014,0,-692.7,297.4,3772,48.48,184.5,0,62.79,180.5,0,49.41,33.1,16.73,6.3,827251,32082,4899466,27635,105853,1099.87,44.41,0,0,0,165673889,2460833,8297064,0,3157081,7712034,0,2163169
1/05/2014,0,-458.4,408.7,3617,68.88,171.9,0,176.9,172.7,0,37.01,23.7,14.73,4.1,531110,56717,4641043,39263,99171,1035.45,48.98,0,0,0,174433604,3920406,8303909,0,9818293,8136918,0,1784252
1/06/2014,0,-460.7,331.6,3625,25.38,239.3,0,193.1,253.4,0,33.25,18.7,12.44,5.6,511321,28683,4612626,14468,138680,1018.08,49.79,0,0,0,176032295,1844706,12759835,0,11234315,11338022,0,1634902
1/07/2014,0,-583,267.1,3997,10.32,231.7,0,195.6,327.4,0,30.1,19.7,11.15,4.1,652170,27002,5167025,5885,134512,1053.11,39.7,0,0,0,153709246,641350,10517134,0,9144139,11366997,0,1161860
1/08/2014,0,-567.1,167.2,4041,12.66,147.7,0,206,170.9,0,35.86,21.8,10.99,1.2,667490,20994,5243240,7214,87045,1122.69,35.55,0,0,0,137878120,576735,6136789,0,8342004,5370820,0,1237170
1/09/2014,0,-688.7,99.42,3729,27.41,186.9,0,196,219,0,69.5,28,13.76,4.8,783289,17269,4809738,15623,109182,1105.99,37.54,0,0,0,134087825,1561820,7713576,0,8244481,6642002,0,2520765
1/10/2014,0,-889.7,49.34,4092,0,137.5,0,192.5,243.8,0,82.97,32.3,15.48,5.9,1029838,10610,5275891,0.11,78838,1133.33,27.18,0,0,0,108801692,4.67,4101198,0,5908304,6033081,0,2206172
1/11/2014,0,-813,56.7,3944,8.22,102,0,121.6,215.6,0,92.84,35,17.28,7.9,949784,22286,5055738,4685,58962,1153.16,29.44,0,0,0,112786852,419001,3710671,0,4252274,5683943,0,2651510
1/12/2014,0,-942.4,41.55,4191,0,79.84,0,159.6,202.4,0,103.8,34.5,18.81,10.8,1105277,16753,5337819,0,45806,1150.89,27.62,0,0,0,111438142,0,2923336,0,5096977,5060980,0,2755890
1/01/2015,0,-940.2,58.43,4289,6.79,85.39,0,130.2,273.4,0,105.7,38.8,20.42,11.6,1107353,16925,5520015,3871,50370,1148.81,27.78,0,0,0,113169854,357316,3508659,0,4966819,6744974,0,2758770
1/02/2015,0,-749.2,36.5,3919,13.22,82.27,0,232.9,191.6,0,91.69,36.1,20.84,13.2,867404,15219,5009524,7535,47189,1130.36,29.36,0,0,0,110316910,534492,2983232,0,8544900,5058654,0,2570070
1/03/2015,0,-1004,35.8,4203,1.29,88.32,0,230.3,232.6,0,93.06,33.5,17.68,8.5,1151941,12949,5375331,733.4,51067,1132.24,26.58,0,0,0,108963445,52963,2633485,0,7467168,5655878,0,2401878
1/04/2015,0,-947.9,37.1,4052,7.9,91.93,0,275.2,207.1,0,63.34,29,14.69,6.4,1075515,6949,5168235,4503,53313,1116.6,30.16,0,0,0,117462269,459253,3570462,0,9704834,5604698,0,1830526
1/05/2015,0,-664.7,137.3,4012,2.95,45.73,0,154.6,367,0,46.91,23.1,13.27,5.4,754071,9469,5138318,1680,26971,1090.63,31.21,0,0,0,121440496,241258,2099317,0,6704208,9735238,0,1400263
1/06/2015,0,-574.4,205.4,4004,4.59,64.44,0,222.2,228.5,0,41.95,18.5,10.71,2.2,657256,24895,5102082,2614,37469,1085.46,35.71,0,0,0,138842807,303674,2933226,0,10001440,6894559,0,1443080
1/07/2015,0,-668.7,151.1,4361,8.55,56.62,0,180,355.1,0,37.67,17,9.99,0.6,756626,14695,5555996,4874,33744,1092.04,36.24,0,0,0,153337520,423200,2968748,0,8479784,11100237,0,1309409
1/08/2015,0,-603.8,235.2,4004,14.64,37.31,0,270.1,299.8,0,44.62,18.8,10.81,3.5,680920,33116,5122830,8347,23106,1058.54,36.29,0,0,0,140649826,796852,1930363,0,11710154,9479699,0,1562146
1/09/2015,0,-582.3,139.7,3664,49.81,56.37,0,266.2,234,0,85.73,26.7,12.71,5.1,654729,34839,4706884,28393,34667,1084.19,45.99,0,0,0,162453128,3088541,3283112,0,13660677,9727730,0,3820128
1/10/2015,0,-700.7,73.55,3854,10.67,28.95,0,247,257.5,0,101.5,35.8,17.77,6,801753,48277,4978066,6080,17811,1126.63,37.01,0,0,0,137801150,553401,1285634,0,10701032,8343195,0,3618475
1/11/2015,0,-698.6,78.44,3740,21.16,47.06,0,186.7,238.5,0,112.7,33.3,17.34,8,801580,50337,4799907,12064,27461,1131.44,36.87,0,0,0,130312128,1498382,2709019,0,8514351,8273626,0,3932103
1/12/2015,0,-599.9,141.9,3785,60.24,113.6,0,212.6,259,0,125.2,41.2,20.61,9.2,677358,91995,4852224,34339,68894,1100.1,53.58,0,0,0,184212224,5696798,9319034,0,15497753,11553767,0,6012104
1/01/2016,0,-726.3,34.8,3949,24.52,65.46,0,280.1,236,0,126.5,42.2,20.77,11.9,821900,17006,5060715,13977,43240,1116.33,59,0,0,0,175047123,5075153,13274555,0,23023140,12977024,0,5941705
1/02/2016,0,-564.1,37.95,3720,18.81,47.11,0,278.8,188.8,0,109.3,39.4,20.22,12.5,639279,21905,4744896,10723,29108,1118.04,37.58,0,0,0,131306472,1480401,3148677,0,13563038,6339905,0,3871406
1/03/2016,0,-644.3,24.84,3955,53.56,80.29,0,312.7,191,0,110.4,38.9,19.84,9.4,734371,15380,5078275,30532,52409,1118.08,51.95,0,0,0,218698700,7649873,13117706,0,39111078,10390152,0,5069568
1/04/2016,0,-719.4,20.97,3853,5.12,77.92,0,155.6,230.1,0,75.02,29,17.3,8.3,839466,9103,4978317,2918,45856,1158.26,48.53,0,0,0,174458641,464536,5677516,0,10239395,8050553,0,3439667
1/05/2016,0,-579.3,42.85,3690,37.13,60.2,0,240.2,412.3,0,55.48,25.7,14.86,3.6,631254,15796,4751173,21168,36503,1074.3,58.93,0,0,0,201644410,4265999,5196094,0,20967038,17847097,0,3007570
1/06/2016,0,-569.2,110.3,3760,36.77,123.8,0,403,293.2,0,49.41,17.9,10.94,3,606297,21513,4797654,20958,73977,1036.06,97.92,0,0,0,340563393,5833495,16349898,0,45828231,22404527,0,4584753
1/07/2016,0,-523.4,232.4,3659,31.22,65.12,0,410,412.2,0,44.17,18.3,11.35,3.1,548806,22569,4676373,17795,40905,981.87,68.4,0,0,0,222809274,4281708,8409159,0,37429085,20439749,0,2856473
1/08/2016,0,-718.1,200.3,3957,3.78,39.34,0,438.2,318.7,0,52.12,21.6,11.85,3.4,770565,9335,5060205,2154,24204,1020.31,45.73,0,0,0,171876981,289721,3574594,0,26545717,10804942,0,2253147
1/09/2016,0,-764.4,96.07,3753,1.95,45.98,0,449.8,252.6,0,99.93,23.3,13.18,7.3,821810,31456,4806096,1112,28652,1054.89,42.58,0,0,0,151186437,96826,2750717,0,21501559,9074419,0,4099128
1/10/2016,0,-949.8,235.2,3636,3.12,56.62,0,419.2,387.4,0,117.9,28,14.27,5.2,981074,3594,4654671,1780,33170,980.04,35.04,0,0,0,123997176,217140,2753412,0,17734879,10001450,0,3913101
1/11/2016,0,-883.3,120.5,3764,1.09,20.25,0,303.8,291.6,0,130.9,35,15.8,8.4,967227,2600,4827744,622.8,12491,1071.39,37.79,0,0,0,138529497,76422,1011449,0,14969782,8085894,0,4718945
1/12/2016,0,-1093,31.21,4018,1.03,8.77,0,286.5,263.4,0,151.7,38.2,19.49,8.8,1226388,1234,5171080,590.1,5179,1123.95,31.62,0,0,0,119325261,59896,345025,0,11840365,7249113,0,4538864
1/01/2017,0,-955.2,35.92,4026,11.6,112.2,0,159,252.7,0,151.9,37.8,20.78,11,1104551,13803,5187962,6615,71605,1146.4,67.65,0,0,0,245050125,1414602,11947801,0,15909515,14350474,0,9423876
1/02/2017,0,-812.5,64.63,3530,9.24,129.4,0,162.4,267.4,0,133.1,36,19.67,10,917139,12760,4548064,5268,81598,1113.41,93.82,0,0,0,295189377,1755116,15825506,0,19288492,20801886,0,11453255
1/03/2017,0,-723.2,57.29,3801,46.48,170.3,0,136.2,288.1,0,133.1,33.5,21.14,10.1,824910,30989,4870241,26498,100838,1113.21,95.01,0,0,0,331644404,7117902,22281337,0,17462738,24252240,0,12056198
1/04/2017,0,-552.4,116.1,3084,82.06,339.6,0,58.85,207.4,0,87.52,28.1,16.13,8.2,578330,61562,3708031,46780,204532,1032.07,110.86,0,0,0,330487647,10041840,39741486,0,7603086,20753320,0,9470539
1/05/2017,0,-373.7,249.5,3105,88.19,175.4,0,354.3,254.4,0,71.65,20.5,12.85,5.6,374800,138124,3742386,50271,105450,950.26,110.71,0,0,0,328735013,12150947,20640471,0,46150039,23517712,0,7734617
1/06/2017,0,-320,194.1,3304,43.75,280.8,0,354.8,159.7,0,59.16,19,10.64,3.4,327170,130169,3970512,24939,162623,986.04,100.01,0,0,0,324338907,5051246,29311938,0,38294967,14647276,0,5826076
1/07/2017,0,-170.5,351.7,2831,159.2,260.4,0,322.2,422.8,0,36.37,18.1,10.45,0.8,156940,141494,3389084,90753,161519,868.11,119.93,0,0,0,329284936,21178110,34018445,0,43148551,45365934,0,4266201
1/08/2017,0,-341.6,324.6,3272,79,222.4,0,230.1,370.9,0,30.17,20.1,10.85,3.1,336100,88003,3918278,45032,138135,926.86,106.13,0,0,0,334283696,10817269,26667026,0,29846271,33050698,0,3097252
1/09/2017,0,-425,413,2974,33.08,161.2,0,124,476,0,107.2,30.6,12.98,3.7,407505,63233,3551530,18857,93901,883.86,82.12,0,0,0,236675188,3248050,14545872,0,10985373,36128264,0,8518112
1/10/2017,0,-409.5,401.5,2870,87.73,110.1,0,209.6,303.7,0,140.1,30.9,15.65,6.8,397708,62332,3434671,50008,65842,899.81,74.67,0,0,0,208973133,7860643,9372721,0,18066030,20034570,0,10267929
1/11/2017,0,-155.4,441.7,2549,195.3,256.3,0,158.6,243.8,0,156.5,35.8,19.66,6.4,154428,236500,3051859,111328,179154,928.2,100.85,0,0,0,241459173,20768700,31423347,0,19708352,21582926,0,14953575
1/12/2017,0,-302.6,305.8,2969,94.92,157.5,0,118.3,288.8,0,168.4,37.6,19.64,10.8,307650,146775,3572924,54107,97896,981.37,88.14,0,0,0,247997275,9681543,16285023,0,11949384,22587174,0,14287056
1/01/2018,0,-355,318.1,3254,97.36,133.7,0,251,283.4,0,172.5,41.7,21.65,12.4,360884,177426,3900696,55497,86028,968.92,167.5,0,0,0,414303163,26039991,57060009,0,84327869,32039573,0,23027025
1/02/2018,0,-336,280.7,2947,60.16,102.3,0,132.9,310.4,0,146.6,37.4,21.2,12.1,342070,166156,3534691,34295,61865,987.84,109.73,0,0,0,316898221,12990122,31775907,0,46302892,28302809,0,14283238
1/03/2018,0,-320,336.8,2936,50.48,92.95,0,162.9,355.6,0,150.7,35.1,19.46,9.6,319232,203349,3509013,28773,55263,961.94,77.37,0,0,0,219252347,4788795,8352185,0,13705542,24507852,0,11844717
1/04/2018,0,-319.3,97.33,3053,54.57,101.9,0,250.9,228.6,0.92,106.1,29.9,16.64,6.2,317915,65541,3640929,31108,62083,1003.99,75.97,0,0,0,224970635,5068129,8768036,0,22325114,13706098,68006,8350016
1/05/2018,0,-370.7,122.6,3215,46.92,158.9,0,345.7,407.1,4.27,70.67,24.4,13.95,5.2,352884,71261,3834012,26749,96735,935.39,82.95,0,0,0,248064821,5162257,15273522,0,34334552,27935456,337688,5454313
1/06/2018,0,-410.8,342.2,3237,66.24,191.9,0,347.9,314.5,4.13,69.13,19.1,10.33,3,398906,109227,3881308,37758,123124,916.8,97.54,0,0,0,299381858,8040482,23151319,0,40941627,24705431,370725,5769609
1/07/2018,0,-405.3,375.1,3299,17.52,95.02,0,270.1,556.2,5.34,82.28,19.5,11.1,2.4,383301,49735,3967326,9985,60065,879.14,74,0,0,0,230940019,2190796,10317488,0,27663754,34126212,334729,4910641
1/08/2018,0,-531,487.5,3186,17.28,143,0,308.9,498,7.35,112.8,20,10.87,0.8,493468,56063,3838378,9852,89066,850.1,84.09,0,0,0,253262535,2589501,18022605,0,37022106,33932542,533471,7289587
1/09/2018,0,-267.5,417.8,2649,76.83,139.8,0,210.8,389.5,10.67,155.5,24.2,12.35,3.4,246903,81927,3166072,43796,89817,864.29,96.97,0,0,0,238445815,10690798,18220061,0,26275752,29583865,853205,11738631
1/10/2018,0,-286.2,265.6,2768,6.18,162.4,0,189.4,373.3,21.81,181.2,28.2,16.01,4.7,272425,112344,3305538,3522,100469,928.28,101.86,0,0,0,268844363,804233,19985432,0,20928073,32790470,2037945,16238651
1/11/2018,-0.87,-216.4,331.8,2537,21.04,129.3,0.82,183.8,328.5,30.58,181.4,34.3,19.33,7.7,209336,138362,3031303,11995,75563,911.02,99.57,89072,0,0,241443985,2435667,13985092,81327,19555433,29582754,2869141,16489183
1/12/2018,-0.47,-334.7,339,2922,30.57,106.1,0.56,152.7,306.4,50.22,210.5,38,20.88,10.3,338833,102262,3480641,17425,66060,931.47,98.85,45896,0,0,255548561,4541488,13384617,55680,18705139,25321045,4700120,20669457
1/01/2019,-1.01,-354.7,255.1,2969,128.9,261,0.75,278.8,292.8,60.28,236.1,42.8,22.93,12.9,345687,110881,3550895,73457,174437,915.98,350.86,132439,0,0,701984397,70317954,213135760,1274335,255343028,73737270,21674487,63525219
1/02/2019,-0.87,-357.5,171.9,2774,48.65,162.6,0.7,185.2,333.5,53.04,194.6,38.2,20.9,11.8,347885,76178,3321067,27731,100859,942.67,117.39,67241,0,0,299765367,7623528,23423440,92896,27480707,32062471,6187274,23214247
1/03/2019,-1.78,-423.2,188.2,3230,87.52,121.3,1.49,138.8,338.5,49.86,186.3,38.1,20,9.1,427744,94826,3862606,49889,76209,979.92,157.85,130069,0,0,467244867,19893797,52015973,657295,76812549,37257726,11320173,33592924
1/04/2019,-1.35,-255.3,277.7,2596,121.6,97.81,1.1,166.2,332.9,37.79,141,30.3,17.01,6.7,246156,151701,3102768,69312,63373,930.82,100.5,95604,0,0,252358644,14367602,11044182,136412,19987919,28559012,3586329,13224945
1/05/2019,-1.9,-159.8,367,2680,84.7,226.8,1.58,163.9,457.5,28.28,98.96,22.8,14.22,6.2,151653,151176,3237898,48281,135775,889.14,94.18,123639,0,0,244403270,9519594,23740464,215212,18737374,39568990,2396297,8285121
1/06/2019,-2.8,-251.5,313.7,2979,81.02,145.1,2.35,298.1,425.2,36.53,85.64,19.5,11.88,3.5,234325,99361,3589735,46183,95061,893.04,106.84,212610,0,0,302105049,10820719,21203228,380003,41569776,34890233,3436053,7447071
1/07/2019,-3.11,-146.3,400.3,2780,127.9,167.7,2.6,233.9,561.2,44.2,96.83,19.4,11.61,3,131616,110985,3328471,72935,104171,836.04,89.66,184242,0,0,235610149,13976471,17769202,296848,25597927,42559634,3477915,7179526
1/08/2019,-3.72,-120.8,450.4,2614,163.3,211.4,3.13,205.3,556.8,57.92,139.5,19.4,10.94,2.3,103394,159009,3130308,93116,141949,826.78,110.92,292044,0,0,270198130,21273827,29673612,480736,35705220,46406354,4756837,10182489
1/09/2019,-3.41,-96.02,349.1,2379,164.4,158.1,2.88,173.4,436.2,58.68,187,26.2,13.42,3.6,84270,182277,2861631,93704,113599,874.28,109.21,279538,0,0,245200610,22188348,22786698,391598,25745684,37535012,4976233,15445021
1/10/2019,-2.56,-317.3,383.6,2663,193.3,81.33,2.15,86.56,423.3,63.53,242.4,33.8,16.02,4.2,293420,160333,3178123,110168,53522,897.07,103.99,209361,0,0,267136369,23702337,10683797,282617,10663727,35755082,6002773,20785524
1/11/2019,-2.33,-293.2,262.6,2664,25.02,99.06,1.86,89.24,480.5,70.78,257.2,40.9,16.5,7.6,274489,74895,3172296,14263,59843,896.77,69.88,129648,0,0,178609637,2079434,7918453,146411,7780839,30983671,4270438,14181932
1/12/2019,-1.81,-443.8,278.4,2936,43.6,84.59,1.49,120.4,466.9,74.56,319.2,43.5,19.29,9.8,429668,105419,3528346,24855,53978,922.09,71.75,83808,0,0,159080881,4144512,8424294,115573,11872545,23349287,4168291,17817362
1/01/2020,-2.13,-498.8,229.8,3110,42.79,98.36,1.78,193.6,443.8,68.54,277.3,42.9,21.01,11.7,485330,88677,3736865,24393,63539,929.61,227.35,123367,0,0,490185786,33733782,103947134,947863,150176037,52844071,11878507,44470239
1/02/2020,-1.75,-424.1,163.8,2884,8.9,218.1,1.44,162.3,353.9,63.47,236.6,34,20.16,10.8,411085,47957,3470035,5072,127212,944.36,50.72,72335,0,0,137450085,640202,10625306,90288,10991848,15791953,3158557,11301004
1/03/2020,-1.85,-421.9,252,2902,35.85,92.59,1.51,93.89,509.5,54.89,242.2,32.1,18.43,8.5,400702,65645,3473423,20436,54548,913.28,44.62,67190,0,0,123020507,1933775,5057865,81250,5659633,20049229,2176005,9654006
1/04/2020,-1.78,-438.2,348.5,2775,41.8,22.2,1.38,128.9,451.1,41.42,168.8,23.5,15.48,7.1,418392,52878,3319003,23828,15298,887.93,36.59,43162,0,0,96659035,2382362,1379737,70903,7609802,12023243,1173495,4713229
1/05/2020,-1.85,-434.1,299.1,2828,43.76,75.02,1.44,380.2,564.8,53.65,150.2,21.1,12.53,4.5,377372,36119,3358145,24948,47792,810.92,40.38,51622,0,0,107424091,2924250,4646974,76115,19619932,17570940,1796446,4573084
1/06/2020,-2.16,-393.9,298.5,3196,22.19,90.8,1.75,330.5,415.6,41.95,122.5,18.4,11,1.7,367570,67793,3818729,12647,57934,897.11,52.28,74212,0,0,177889763,4873218,11520617,302977,32453281,14928137,1774938,4975680
1/07/2020,-2.73,-149.9,413,2866,52.88,204.9,2.3,333.4,448.8,50.09,122.2,17.4,10.52,3.1,135675,174124,3423930,30145,129607,858.58,66.31,136417,0,0,181356106,5170922,16774956,229972,28769630,22810588,2984252,6695212
1/08/2020,-2.58,-364.7,354.2,2932,30.45,138.1,2.11,172.3,691.2,46.31,174.2,20.7,11.37,3.3,322610,147956,3470271,17356,87406,850.22,56.97,100780,0,0,173209615,5325240,17052443,264161,21075417,33959417,1969282,6744501
1/09/2020,-2.68,-439.1,261.5,2674,11.58,51.24,2.17,121,676.3,69.49,228.8,26.3,13.94,4.3,382989,48733,3190027,6599,32828,845.19,36.97,58951,0,0,93488281,743881,3358002,111620,6627313,21048173,1900284,5380805
1/10/2020,-3.04,-392.2,248.2,2489,9.45,82.91,2.56,253.1,634.2,78.76,263.1,29.5,15.03,6.3,323291,52213,2986539,5386,52860,815.09,47.54,95204,0,0,112636484,445562,6826170,203060,15997501,21650632,2786124,9137540
1/11/2020,-2.85,-419.2,236.3,2630,25.62,42.76,2.43,146.5,580.3,102.4,334.6,36,19.24,8.4,368591,70663,3121607,14603,26219,856.54,46.51,92423,0,0,118994141,1719146,3204328,158402,10376364,23011519,4214447,12652401
1/12/2020,-2.88,-637.7,144.7,2951,16.49,8.68,2.3,92.42,648.4,129.5,366,33.7,17.49,9,574059,23790,3525607,9403,5429,891.81,26.08,23057,0,0,75995159,553939,691608,81687,4814167,11103160,2404784,5033289
1/01/2021,-2.55,-712.9,83.34,3101,12.06,18.06,2,214.8,672.8,143.4,351.7,39.2,19.88,10.3,636279,18307,3726268,6873,11569,885.26,25.16,28858,0,0,76101382,595789,976061,69529,9184817,13002749,2351337,5068545
1/02/2021,-1.83,-673.3,76.5,2948,0.55,9.94,1.5,212.5,525.6,138.3,301.7,32.5,19.48,10.7,621237,10818,3536322,311.3,6475,905.78,23.79,17031,0,0,69547543,-15890,482270,47275,8209613,10306751,2146148,4193015
1/03/2021,-1.95,-707.3,112.6,3131,0.6,12.98,1.51,314.3,512.1,129.3,269.3,29.8,17.46,8.9,642094,9721,3747622,340.2,8505,891.29,31.57,45217,0,0,95926446,16516,748884,72035,13146233,14532111,2744101,5184282
1/04/2021,-2.31,-422.2,258,2745,0,44.78,1.91,249.6,510.9,118.7,209.9,31.6,15.56,7.2,374224,46673,3272187,0,33099,849.72,54,61283,0,0,135203769,0,5938880,214849,22885260,16414651,3513161,4655981
1/05/2021,-2.37,-446.2,257.8,2920,0,101.6,1.97,237.8,703.1,90.17,157.4,25.8,12.82,1.9,386647,60964,3486210,0,72862,836.83,84.02,59587,0,0,207941543,0,21923463,267228,43148686,29017014,3384068,4952232
1/06/2021,-2.54,-426.1,267.3,2737,135,168.1,2.13,356.4,680,61,123.5,19.3,11.43,3.8,349589,55773,3228313,76982,118187,786.69,92.67,138353,0,0,222370486,15364831,20524997,291551,38198290,44164027,4675390,9345866
1/07/2021,-2.61,-525.2,276.9,3165,45.78,96.52,2.17,280.8,922.4,57.31,146.9,17.8,10.74,2.3,439720,41896,3788074,26097,60533,805.01,99.78,106396,0,0,286950847,8354749,19788358,294822,47632752,46883684,4049239,9947038
1/08/2021,-2.98,-420.5,371.8,2679,43.73,105.6,2.43,178.3,866.3,93.93,219.9,22,12.09,4.8,338640,51234,3205091,24931,65760,767.91,52.64,73210,0,0,130961241,4544903,10565686,212422,17671625,28166961,1661136,1964825
1/09/2021,-2.18,-422.6,331.4,2370,14.53,27.34,1.7,191.3,788.2,135.4,291.4,26.4,13.39,4.5,326328,37942,2830189,8281,17421,747.44,32.82,10942,0,0,76489276,1321909,2232781,133209,13075149,13108285,461224,-667288
1/10/2021,-5.09,-494.7,251.8,2595,8.87,13.54,4.42,165.1,665.6,167.4,372.5,27.7,14.48,5.7,414897,25130,3080629,5057,8772,802.12,22.31,57258,0,0,61363082,853476,814292,256276,11271591,5278984,-697481,-5197370
1/11/2021,-12.05,-526.7,261.1,2388,4.88,10.94,9.47,261.9,704.9,142.9,399,30.6,15.88,7.6,413688,23070,2834685,2779,6795,756.05,38.36,182067,0,0,92205986,334969,603822,460850,18732202,15244226,3204700,5672541
1/12/2021,-6.97,-731.5,149.7,2739,11.7,9.37,4.59,165.8,761.3,182.1,493.3,37.3,18.43,10.1,605129,17355,3253025,6670,6654,815.37,37.66,26901,0,0,102330021,1179311,873990,286260,12563611,20662235,2171160,2101507
1/01/2022,-7.06,-640.8,153.5,3066,45.44,43.85,4.89,193.3,775.9,177,464.5,36.9,22.91,13,554402,51347,3664301,25904,28728,843.61,73.06,139445,0,0,195479534,8820914,11637633,789651,32194984,37456158,10756086,23927779
1/02/2022,-8.27,-486.2,143.1,2460,50.63,33.99,5.94,109,669.4,172.2,410,31.9,20.01,11.8,402359,52709,2909233,28862,22222,828.84,58.17,75117,0,0,143281620,5061150,3499472,509488,10610441,31784330,5219627,8876625
1/03/2022,-8.87,-586.2,115,2997,36.64,51.33,6.95,159.9,665.1,136.6,340.9,32.1,19.44,11.2,519423,28711,3587540,20888,33592,881.87,58.96,89096,0,0,179738185,3994672,5312028,617425,16451268,26721806,4455617,8284091
1/04/2022,-17.11,-539.9,164.1,2580,154.4,125.7,14.52,147.8,616.1,97.35,229.8,27.8,16.67,7.7,455894,34860,3063322,88042,84987,842.16,149.22,1374163,0,0,371175916,31582576,27682500,3029028,30431448,73081238,9039350,17578640
1/05/2022,-18.47,-527.1,236.3,2844,77,190.6,16.23,388.9,653,94.64,175,21.5,12.76,4.7,434399,20845,3404253,43893,146069,804.19,243.59,2626218,0,0,675064223,21058422,59408609,4733881,115174275,123747929,17756151,30389545
1/06/2022,-19.54,-573.1,227,2667,104.9,221.9,15.95,368.8,1088,63.13,144.9,17.5,10.85,4.5,423174,22482,3185372,59817,159263,721.36,314.03,3663016,0,0,831744113,49504804,104718339,9131871,166938603,271011609,16243500,35226966
1/07/2022,-23.18,-348.4,228.9,2760,92.58,241.8,20.03,334.5,910.1,101.4,195.1,18.3,9.73,0.9,268417,70427,3298667,52776,169212,769.54,360.61,4730499,0,0,930455323,49362375,124990886,9160871,164633053,235115300,28644405,45662212
1/08/2022,-21.16,-463.6,156.9,2561,73.83,167.5,17.7,392.9,1092,103,235.8,20.5,11.73,2.8,323189,46747,3066962,42089,105442,720.1,130.55,1216628,0,0,326612311,18622766,37951734,3696809,77825744,86054535,8667152,13606227
1/09/2022,-17.35,-585.1,149.1,2591,43.79,64.95,14.75,375.9,890,120,305,20.6,12.55,3.6,439036,28994,3098766,24964,40919,755.3,121.41,686565,0,0,306804881,8940405,13164427,2980910,66931069,77687079,7399445,12350198
1/10/2022,-16.09,-571.1,188.1,2542,30.96,32.36,13.34,319.6,797.5,110.4,389.2,26,14.6,5.4,435768,42899,3037119,17648,19921,778,107.72,368688,0,0,275995054,5804684,6328726,2303037,48434375,56384346,4239902,8839191
1/11/2022,-7.56,-394,196.8,2231,6.32,20.35,5.93,276.4,786.8,140,451.6,29,15.62,7.1,294168,44353,2665137,3600,14665,746.03,64.33,157514,0,0,145812941,1159910,2838026,555445,28153565,28214124,4000744,2987633
1/12/2022,-8.79,-711,173.7,2666,16.33,6.44,7.18,159.1,810.4,178.3,576.1,36.9,18.27,8.1,568679,33139,3173306,9310,4622,804.11,37.71,-132007,0,0,105941717,2193672,342129,625090,14705437,18611783,-185778,-11304935
1/01/2023,-9.21,-634.2,147,2883,24.76,18.01,6.51,154.7,739,193.5,552.6,37.2,20.74,13.3,532974,44423,3455248,14113,10688,849.12,55.66,-14893,0,0,164870307,3149166,2292740,590090,17633730,28282178,3435922,3530011
1/02/2023,-9.1,-534.4,151.6,2410,27.18,20.31,7.45,180.5,780,174.4,461.3,39.6,19.63,11.6,421987,55162,2869322,15494,13360,789.09,68.57,94650,0,0,160174518,4845532,5750338,798141,27218301,40449572,5116808,2813591
1/03/2023,-8.53,-517.7,178,2586,39.53,31.39,6.45,182.6,769.4,143.1,400.2,35.7,18.17,10.9,414436,42807,3096799,22536,23026,812.47,67.59,261551,0,0,178064874,5743065,4638244,540441,22733045,30660253,2960826,-476273
1/04/2023,-11.95,-541.8,227.1,2539,34.92,45.66,10.1,136.3,702.9,135.5,297.1,25.9,15.57,5.1,435301,29684,3037580,19907,29383,818.02,90.61,516564,0,0,229283919,5491395,9112259,1405182,21784957,36013169,5769677,9102277
1/05/2023,-20.19,-552.3,238.2,2991,18.31,87.2,17.25,194.3,924.3,94.86,225.5,21.8,12.48,4.7,445528,39914,3590563,10436,54763,813.98,134.2,1558912,0,0,391688399,4919893,20932910,3228996,42413201,80081799,9192082,17309758
1/06/2023,-21.25,-682.4,249.3,2726,24.67,36.43,17.55,259.2,1361,65.55,176.9,19.5,11.88,4.3,481022,23988,3269881,14060,24870,706.58,62.21,544966,0,0,168882084,3825932,6995743,1845016,30285298,39800107,2143254,4981099
1/07/2023,-23.37,-749.2,290.6,2848,18.07,54.32,19.49,358,1250,88.71,213.3,18.8,11.7,4.2,531560,23472,3400721,10302,34259,706.97,62.31,399702,0,0,178966126,3676957,9385073,2263768,40186700,32065646,2298483,2809872
1/08/2023,-24.62,-662.2,247.9,2984,7.01,58.06,20.25,276.8,951.8,107.4,277.7,19.6,11.96,1.7,520910,21246,3554134,3998,35922,780.15,73.76,491219,0,0,213700952,2567434,13317050,3240484,40924639,28863652,2659984,2665383
1/09/2023,-21.42,-587.5,261.3,2404,5.6,36.98,18.24,196.8,874.7,110.6,427.6,29.2,14.61,3.9,440922,30323,2851794,3193,22316,747.64,36.27,-574038,0,0,87424449,966033,4918702,1662025,19187266,13324617,-507799,-16204851
1/10/2023,-18.61,-644,210.8,2456,0,6.65,14.91,194.2,1006,120.8,496.4,29,14.68,5.9,475995,33447,2928653,0,4153,744.08,23.32,-549371,0,0,64489270,0,743651,962161,12464802,11164614,-1106891,-13578488
1/11/2023,-15.05,-598,170.2,2445,0,27.25,12.18,161.2,773.5,161.7,539.6,33.1,17.04,9.6,469075,46212,2914922,0,16268,799.34,42.7,-305618,0,0,108393732,0,2845355,984271,15597601,24359799,117114,-12531091
1/12/2023,-12.94,-694.6,179.8,2395,12.62,17.01,10.38,155.5,942.9,150.3,569.4,33.7,18.98,12.2,521017,50709,2845338,7193,9961,757.99,36.17,-410542,0,0,86722860,1383538,1822827,705978,13463593,25364715,-318373,-15471778
1/01/2024,-11.99,-716.3,133.4,2718,0,8.67,9.04,166.3,803.3,185.4,603.2,33.4,20.42,12.3,583277,35317,3254877,0,5246,822.91,30.27,-450661,0,0,85452674,0,639224,564590,12092993,19280164,28863,-13739207
1/02/2024,-15.26,-611.4,141.4,2558,17.26,55.83,12.08,216.4,727,191.8,590.6,37.3,20.52,11.9,496819,40777,3039295,9838,34822,798,117.72,175377,0,0,180988490,6229612,45296711,2203767,67923663,69341379,9986006,46375432
1/03/2024,-15.35,-614.8,134,2751,8.95,24.91,12.45,206.7,767.5,182.6,525.3,37.2,19.57,9.6,504521,41479,3281440,5102,15483,821,61.74,-21009,0,0,164286082,1772795,4303982,1417644,23270084,37391914,4056280,3602672
1/04/2024,-22.16,-439.6,283.3,2591,17.83,26.12,18.33,163.4,639.9,127.6,323.4,28,14.79,7,372738,87409,3101989,10165,16208,834.78,91.13,757243,0,0,226963762,3066517,4359675,2804294,23718620,42108862,5194689,7272503
1/05/2024,-24.53,-449.2,202.8,2951,87.83,151.1,19.69,235.3,655.8,114.5,287.3,20.3,12.49,5.2,375061,80210,3498580,50069,98000,849.78,141,1945727,0,0,408884143,18086260,30804011,3797139,45617210,55993410,10027700,20355875
1/06/2024,-26.24,-466.5,200.9,3078,79.64,261.9,21.52,258.9,757,93.27,198.7,16.7,10.37,1.4,380781,68164,3657649,45398,179987,838.44,174.58,2858812,0,0,516869552,21271814,63407960,4854123,59381018,84322353,12303245,23663298
1/07/2024,-32.81,-535.4,217.7,3107,113.9,187.3,26.66,323.7,1046,90.02,224.5,17.7,10.03,1.1,411359,80667,3711341,64926,119941,784.65,160.13,2922984,0,0,475627321,28559700,48375582,7114549,77406546,100925758,10789987,21847717
1/08/2024,-32.19,-602.2,255.6,2594,13.74,108.1,25.93,208.2,1197,101.5,350.7,23.4,13.42,1.1,424022,55357,3121482,7833,69759,731.43,177.75,1589975,0,0,433411431,1950996,64679323,14436990,83192803,55923574,4848577,10745367
1/09/2024,-19.37,-676.9,255.1,2474,1.46,13.37,15.9,147.2,1162,115,423.2,24.7,13.6,5.2,496551,17442,2959731,830.3,7839,713.72,24.54,-243349,0,0,70582106,205066,1670800,998799,13453566,8202574,-1640532,-12019968
