,Location,Location_code,Year,LCOH,Capex,Step,RE_supply_proportion,FLH,EI_market,EI_MEF,EI_AEF,EI_L,Sell_amount,Purchase_amount,Curtailment,LGCs,battery class,battery_energy_capacity,battery_power_capacity,wind_capacity,pv_capacity,electrolyser_capacity,hydrogen_storage_capacity,hydrogen_storage_type,hydrogen_storage_cost,Grid_max_power_export,grid_cost,production_amount,H2_initial_storage_level,Simultaneity_obligation_interval,ratio,Simultaneity_obligation,Batch_interval,RE factor,EI_market,EI_MEF,EI_AEF,EI_L,EI_MEF-EI_market,EI_AEF-EI_L,,,,,
0,QLD1,Cell 1375,2021,3.614913015,24479096.76,60,1,5232.84377,37.5661476,36.64599038,39.51885019,41.69447143,0,-90060058.29,0,73128.76733,AA,0,0,0,0,16960.43646,1698.585719,Pipeline,998.5615925,17211,4456027.306,1576800,0,0,0,0,1,0,0.953455523,0.930101279,1.003016502,1.058235315,-0.023354244,-0.055218813,,,,,
1,QLD1,Cell 1375,2021,3.618392777,30806755.98,60,0.980985899,5232.84377,33.22753375,32.81641127,35.17566239,37.06261725,1712411.009,-81767664.27,0,64682.93238,AA,0,0,1952.520176,2036.53793,16960.43646,1698.585719,Pipeline,998.5615925,17211,3673300.118,1576800,0,0,0.1,0,1,0.235197845,0.84333842,0.832903839,0.892783309,0.940675565,-0.010434581,-0.047892256,,,,,
2,QLD1,Cell 1375,2021,3.622167537,37129433.69,60,0.961310961,5232.84377,28.88317222,28.9771806,30.82878319,32.43076307,3484337.14,-73534785.37,0,56225.90858,AA,0,0,3905.040352,4073.075859,16960.43646,1693.589856,Pipeline,998.5658231,17211,2891794.134,1576800,0,0,0.2,0,1,0.47039569,0.733075437,0.735461437,0.782456426,0.823115814,0.002385999,-0.040659388,,,,,
3,QLD1,Cell 1375,2021,3.626309475,43434959.2,60,0.940105439,5232.84377,24.52549831,25.14781628,26.4825571,27.79890889,5394107.676,-65439750.88,0,47742.97004,AA,0,0,5857.560528,6109.613789,16960.43646,1671.392889,Pipeline,998.5846201,17211,2113032.041,1576800,0,0,0.3,0,1,0.705593535,0.622474576,0.638269449,0.672146119,0.705556063,0.015794872,-0.033409944,,,,,
4,QLD1,Cell 1375,2021,3.630989939,49753991.79,60,0.91840291,5232.84377,20.16350164,21.31865001,22.13066631,23.16705471,7348638.676,-57389476.85,0,39251.61652,AA,0,0,7810.080704,8146.151718,16960.43646,1662.741832,Pipeline,998.5919461,17211,1333973.568,1576800,0,0,0.4,0,1,0.94079138,0.511764001,0.541082488,0.561692038,0.587996312,0.029318487,-0.026304274,,,,,
5,QLD1,Cell 1375,2021,3.636563017,56075107.9,60,0.89390305,5232.84377,15.77717495,17.48384934,17.77303311,18.53520053,9555097.539,-49591130.68,0,30712.90058,AA,0,0,9762.60088,10182.68965,16960.43646,1656.18027,Pipeline,998.5975026,17211,556692.9372,1576800,0,0,0.5,0,1,1.175989225,0.400435912,0.443752521,0.451092211,0.470436562,0.043316609,-0.019344351,,,,,
6,QLD1,Cell 1375,2021,3.644524722,62409310.24,60,0.862231921,5232.84377,11.35519688,13.66317578,13.44591648,13.93300418,12407401.21,-42502690.23,-64060.91041,22104.78326,AA,0,0,11715.12106,12219.22758,16960.43646,1662.741832,Pipeline,998.5919461,19756,-216669.5634,1576800,0,0,0.6,0,1,1.41118707,0.288202966,0.346781111,0.341266916,0.353629548,0.058578145,-0.012362632,,,,,
7,QLD1,Cell 1375,2021,3.656749481,68750827.06,60,0.820394677,5232.84377,6.914912645,9.859856174,9.190809134,9.40862749,16175265.84,-36497901.22,-296212.2913,13461.02995,AA,0,0,13667.64123,14255.76551,16960.43646,1676.638734,Pipeline,998.5801778,23049,-981246.642,1576800,0,0,0.7,0,1,1.646384915,0.175505397,0.250250157,0.233269267,0.238797652,0.07474476,-0.005528385,,,,,
8,QLD1,Cell 1375,2021,3.672491741,75079641.02,60,0.769121585,5232.84377,2.428229547,6.062935438,4.978332634,4.923840965,20792923.55,-31428420.03,-613878.4256,4726.953518,AA,0,0,15620.16141,16292.30344,16960.43646,1677.796757,Pipeline,998.5791971,26341,-1736480.72,1576800,0,0,0.8,0,1,1.88158276,0.061630192,0.15388161,0.12635362,0.124970583,0.092251419,0.001383037,,,,,
9,QLD1,Cell 1375,2021,3.691355783,81403202.7,60,0.710637156,5232.84377,-2.077941474,2.272055281,0.813121193,0.487038804,26060034.59,-27112038.4,-1035190.786,-4045.059403,AA,0,0,17572.68158,18328.84137,16960.43646,1673.687551,Pipeline,998.5826769,29634,-2484095.806,1576800,0,0,0.9,0,1,2.116780605,-0.052739631,0.057666378,0.020637594,0.012361391,0.110406009,0.008276203,,,,,
10,QLD1,Cell 1375,2021,3.712900132,87743495.72,60,0.645964923,5232.84377,-6.589885994,-1.499018443,-3.299447889,-3.896437982,31884419.66,-23468113.62,-1571685.956,-12828.3114,AA,0,0,19525.20176,20365.3793,16960.43646,1686.3574,Pipeline,998.5719478,32926,-3227543.077,1576800,0,0,1,0,1,2.35197845,-0.16725599,-0.038046153,-0.083742332,-0.098894365,0.129209836,0.015152033,,,,,
11,QLD1,Cell 1375,2021,3.737861424,94063667.37,60,0.574666435,5232.84377,-11.0983128,-5.242617332,-7.348834875,-8.212044583,38305565.66,-20567549.36,-2254780.727,-21604.71558,AA,0,0,21477.72194,22401.91722,16960.43646,1678.848426,Pipeline,998.5783066,36219,-3961044.829,1576800,0,0,1.1,0,1,2.587176295,-0.281683066,-0.133061354,-0.186518652,-0.208427527,0.148621712,0.021908875,,,,,
12,QLD1,Cell 1375,2021,3.765807114,100407196.8,60,0.497500211,5232.84377,-15.60342191,-8.985820312,-11.34400905,-12.46732529,45255160.32,-18325737.69,-3068179.428,-30374.66131,AA,0,0,23430.24211,24438.45515,16960.43646,1694.764127,Pipeline,998.5648287,39512,-4690434.304,1576800,0,0,1.2,0,1,2.82237414,-0.396025937,-0.228066505,-0.287919011,-0.316429576,0.167959431,0.028510565,,,,,
13,QLD1,Cell 1375,2021,3.795573716,106738666.7,60,0.416615753,5232.84377,-20.1149822,-12.716728,-15.31350152,-16.69387254,52539619.25,-16480854.57,-3943642.397,-39157.16534,AA,0,0,25382.76229,26474.99308,16960.43646,1698.585719,Pipeline,998.5615925,42804,-5414374.35,1576800,0,0,1.3,0,1,3.057571985,-0.510532543,-0.322759594,-0.388667551,-0.423702349,0.187772949,0.035034798,,,,,
14,QLD1,Cell 1375,2021,3.826791001,113078941.3,60,0.332369121,5232.84377,-24.64106027,-16.42660046,-19.26786935,-20.90407657,60126875.92,-14974070.52,-4854406.71,-47967.93066,AA,0,0,27335.28246,28511.53101,16960.43646,1711.237674,Pipeline,998.5508785,46097,-6136030.588,1576800,0,0,1.4,0,1,3.292769829,-0.625407621,-0.416918793,-0.489032217,-0.530560319,0.208488828,0.041528102,,,,,
15,QLD1,Cell 1375,2021,3.859063065,119409869.7,60,0.245653486,5232.84377,-29.17797862,-20.12134959,-23.21029115,-25.10247792,67936491.02,-13715138.72,-5790664.835,-56799.79838,AA,0,0,29287.80264,30548.06894,16960.43646,1714.516336,Pipeline,998.548102,49389,-6854266.394,1576800,0,0,1.5,0,1,3.527967675,-0.740557833,-0.510694152,-0.589093684,-0.637118729,0.229863681,0.048025045,,,,,
16,SA1,Cell 266,2021,3.10738372,24643144.41,60,1,5393.155055,37.5661476,28.84068738,13.54592601,14.27892857,0,-90060058.29,0,73128.76733,AA,0,0,0,0,16456.28827,2542.888189,Pipeline,997.8466147,16699,3321384.507,1576800,0,0,0,0,1,0,0.953455523,0.731997142,0.343805229,0.362409355,-0.221458381,-0.018604126,,12.89729944,14.27892857,28.84068738,0.327342625
17,SA1,Cell 266,2021,3.190597789,29910728.53,60,0.979608377,5393.155055,33.40459585,26.01335354,12.17059945,12.76453265,1836470.771,-82344931.07,0,65027.61326,AA,0,0,1894.233448,1175.588413,16456.28827,2526.360971,Pipeline,997.8606104,16699,2852823.846,1576800,0,0,0.1,0,1,0.186544001,0.847832382,0.660237399,0.308898463,0.32397291,-0.187594982,-0.015074447,,11.33820731,12.76453265,26.01335354,0.287771759
18,SA1,Cell 266,2021,3.274266544,35199566.86,60,0.957992295,5393.155055,29.23239428,23.17874122,10.79343084,11.25013672,3783216.319,-74740078.64,0,56905.72754,AA,0,0,3788.466895,2351.176826,16456.28827,2531.179543,Pipeline,997.8565299,16699,2382912.189,1576800,0,0,0.2,0,1,0.373088003,0.741938941,0.588292924,0.273944945,0.285536465,-0.153646017,-0.01159152,,9.767632416,11.25013672,23.17874122,0.247909452
19,SA1,Cell 266,2021,3.358363333,40481001.59,60,0.934928735,5393.155055,25.04760314,20.34594533,9.412765435,9.735740794,5860321.952,-67265586.29,0,48759.33411,AA,0,0,5682.700343,3526.765239,16456.28827,2528.56267,Pipeline,997.858746,16699,1914792.079,1576800,0,0,0.3,0,1,0.559632004,0.635725968,0.516394552,0.238902676,0.24710002,-0.119331416,-0.008197344,,8.183483307,9.735740794,20.34594533,0.207702622
20,SA1,Cell 266,2021,3.442967386,45776663.7,60,0.909789855,5393.155055,20.84476174,17.57435432,8.012675301,8.221344868,8124330.933,-59977997.29,0,40577.80286,AA,0,0,7576.93379,4702.353652,16456.28827,2540.234492,Pipeline,997.848862,16699,1446224.674,1576800,0,0,0.4,0,1,0.746176005,0.529054866,0.446049602,0.203367393,0.208663575,-0.083005264,-0.005296182,,6.579872212,8.221344868,17.57435432,0.167001833
21,SA1,Cell 266,2021,3.528095113,51080890.82,60,0.882881492,5393.155055,16.62653013,14.76290189,6.622460229,6.706948942,10547699.65,-52849768.02,0,32366.31198,AA,0,0,9471.167238,5877.942066,16456.28827,2560.508793,Pipeline,997.8316931,16699,977879.7193,1576800,0,0,0.5,0,1,0.932720007,0.421993151,0.374692941,0.168082747,0.170227131,-0.047300209,-0.002144384,,4.959667208,6.706948942,14.76290189,0.125879878
22,SA1,Cell 266,2021,3.613741473,56366017.89,60,0.853708951,5393.155055,12.38860563,11.95446171,5.24470322,5.192553017,13174980.42,-45925450.81,0,24116.48563,AA,0,0,11365.40069,7053.530479,16456.28827,2561.600199,Pipeline,997.8307689,16699,512837.5009,1576800,0,0,0.6,0,1,1.119264008,0.314431615,0.303412734,0.133114295,0.131790686,-0.011018881,0.001323609,,3.318229125,5.192553017,11.95446171,0.084219013
23,SA1,Cell 266,2021,3.701400776,61678388.98,60,0.820758536,5393.155055,8.218647849,9.089700666,3.87167875,3.716480795,16142496.7,-39583084.37,-241715.2703,15998.96781,AA,0,0,13259.63413,8229.118892,16456.28827,2590.055036,Pipeline,997.8066726,18052,49284.99336,1576800,0,0,0.7,0,1,1.305808009,0.208595123,0.230703063,0.098265958,0.094326924,0.02210794,0.003939034,,1.675978291,3.716480795,9.089700666,0.04253752
24,SA1,Cell 266,2021,3.792921464,67017073.85,60,0.784152848,5393.155055,4.26460148,6.340184635,2.517508883,2.334560892,19439207.05,-34163749.51,-1077268.037,8301.757548,AA,0,0,15153.86758,9404.707305,16456.28827,2644.942842,Pipeline,997.7601921,20631,-408510.0976,1576800,0,0,0.8,0,1,1.49235201,0.108238616,0.160918392,0.063896165,0.059252815,0.052679776,0.00464335,,0.084491075,2.334560892,6.340184635,0.002144444
25,SA1,Cell 266,2021,3.887362093,72323045.45,60,0.743586619,5393.155055,0.425432099,3.606297274,1.212896975,1.00939923,23092604.07,-29459086.89,-2270806.386,828.1744868,AA,0,0,17048.10103,10580.29572,16456.28827,2666.97314,Pipeline,997.7415363,23210,-856072.0236,1576800,0,0,0.9,0,1,1.678896012,0.010797769,0.091530388,0.030784187,0.02561927,0.080732619,0.005164917,,-1.492871117,1.00939923,3.606297274,-0.03789013
26,SA1,Cell 266,2021,3.98422266,77621390.28,60,0.698268014,5393.155055,-3.347069979,0.955115592,-0.071658577,-0.274710972,27174000.21,-25441343.17,-3723264.502,-6515.62956,AA,0,0,18942.33448,11755.88413,16456.28827,2681.342659,Pipeline,997.7293678,25789,-1297330.556,1576800,0,0,1,0,1,1.865440013,-0.084951015,0.024241512,-0.001818746,-0.00697236,0.109192527,0.005153614,,-3.077720942,-0.274710972,0.955115592,-0.078114745
27,SA1,Cell 266,2021,4.087043515,82907352.82,60,0.644057571,5393.155055,-6.998685528,-1.600777373,-1.312974502,-1.483476035,32056195.89,-22699615.84,-5650939.479,-13624.10783,AA,0,0,20836.56792,12931.47254,16456.28827,2683.27358,Pipeline,997.7277327,28367,-1723779.365,1576800,0,0,1.1,0,1,2.051984014,-0.177631612,-0.040628867,-0.033324226,-0.037651676,0.137002745,0.00432745,,-4.677902172,-1.483476035,-1.600777373,-0.118728482
28,SA1,Cell 266,2021,4.191426328,88206660.4,60,0.587605022,5393.155055,-10.61818614,-4.11590145,-2.543409759,-2.67262187,37140315.78,-20283555.13,-7702356.856,-20670.06902,AA,0,0,22730.80137,14107.06096,16456.28827,2698.610669,Pipeline,997.7147448,30946,-2148201.092,1576800,0,0,1.2,0,1,2.238528016,-0.26949711,-0.104464504,-0.064553547,-0.067833042,0.165032606,0.003279495,,-6.281388616,-2.67262187,-4.11590145,-0.159426107
29,SA1,Cell 266,2021,4.297085265,93482142.35,60,0.529450991,5393.155055,-14.20585309,-6.608326066,-3.751108327,-3.844042669,42377671.22,-18132525.3,-9865569.575,-27654.06068,AA,0,0,24625.03482,15282.64937,16456.28827,2690.012988,Pipeline,997.7220256,33525,-2567085.686,1576800,0,0,1.3,0,1,2.425072017,-0.360554647,-0.167724012,-0.095205795,-0.097564535,0.192830635,0.00235874,,-7.884821308,-3.844042669,-6.608326066,-0.200122368
30,SA1,Cell 266,2021,4.403978169,98761686.36,60,0.46931229,5393.155055,-17.76200626,-9.064735325,-4.950049996,-4.996923817,47793766.09,-16277168.19,-12145715.58,-34576.70552,AA,0,0,26519.26827,16458.23778,16456.28827,2685.496049,Pipeline,997.7258506,36104,-2983644.626,1576800,0,0,1.4,0,1,2.611616018,-0.450812342,-0.230069424,-0.125635787,-0.126825478,0.220742917,0.001189691,,-9.490120133,-4.996923817,-9.064735325,-0.240865993
31,SA1,Cell 266,2021,4.511957945,104041502.5,60,0.407734992,5393.155055,-21.29617095,-11.51864732,-6.144982522,-6.136691179,53339421.15,-14634082.54,-14508572.86,-41456.54613,AA,0,0,28413.50171,17633.8262,16456.28827,2681.252489,Pipeline,997.7294442,38683,-3397785.718,1576800,0,0,1.5,0,1,2.79816002,-0.540511953,-0.292351455,-0.155964023,-0.155753583,0.248160498,-0.00021044,,-11.09706499,-6.136691179,-11.51864732,-0.281651396
32,TAS1,Cell 20,2021,2.940261405,23161127.89,60,1,5415.777114,37.5661476,14.53533506,6.670426698,6.853885714,0,-90060058.29,0,73128.76733,AA,0,0,0,0,16387.54927,1148.850648,Pipeline,999.0271228,16630,3114221.166,1576800,1148.850648,0,0,0,1,0,0.953455523,0.368917134,0.16930017,0.17395649,-0.584538389,-0.00465632,7.167450986,14.53533506,6.853885714,0.181915,-90060058.29
33,TAS1,Cell 20,2021,3.010878443,27157157.4,60,0.987506333,5415.777114,33.69315075,13.05524325,6.090881553,6.167089113,1125180.361,-82160731.31,0,65589.33346,AA,0,0,1886.286237,0,16387.54927,1133.474128,Pipeline,999.040144,16630,2779567.826,1576800,1133.474128,0,0.1,0,1,0.11510484,0.85515611,0.331351352,0.154590902,0.156525104,-0.523804759,-0.001934202,6.348254069,13.05524325,6.167089113,0.1611232,-82160731.31
34,TAS1,Cell 20,2021,3.082012105,31146594.9,60,0.973657239,5415.777114,29.80836496,11.61634863,5.50839743,5.480292512,2372430.629,-74383474.23,0,58026.95045,AA,0,0,3772.572475,0,16387.54927,1111.493525,Pipeline,999.0587578,16630,2446814.891,1576800,1111.493525,0,0.2,0,1,0.23020968,0.756557486,0.294831184,0.139807041,0.139093719,-0.461726303,0.000713322,5.518101981,11.61634863,5.480292512,0.14005335,-74383474.23
35,TAS1,Cell 20,2021,3.153851344,35157971.21,60,0.95777051,5415.777114,25.90585668,10.16840451,4.928641172,4.79349591,3803190.303,-66789726.56,0,50430.06767,AA,0,0,5658.858712,0,16387.54927,1111.493525,Pipeline,999.0587578,16630,2113199.604,1576800,1084.831663,0,0.3,0,1,0.34531452,0.657509053,0.258081333,0.125092416,0.121662333,-0.39942772,0.003430083,4.671480832,10.16840451,4.79349591,0.118565503,-66789726.56
36,TAS1,Cell 20,2021,3.22656827,39169347.52,60,0.938788912,5415.777114,21.97643052,8.71384051,4.350158254,4.106699309,5512674.168,-59474703.09,0,42780.78474,AA,0,0,7545.14495,0,16387.54927,1111.493525,Pipeline,999.0587578,16630,1781561.368,1576800,1026.442218,0,0.4,0,1,0.46041936,0.557777424,0.221163465,0.110410108,0.104230947,-0.33661396,0.006179161,3.799845566,8.71384051,4.106699309,0.096442781,-59474703.09
37,TAS1,Cell 20,2021,3.300196177,43180723.83,60,0.917313248,5415.777114,18.02531202,7.241658219,3.758467019,3.419902708,7446773.722,-52384295.3,0,35089.27406,AA,0,0,9431.431187,0,16387.54927,1111.493525,Pipeline,999.0587578,16630,1451975.182,1576800,968.0527719,0,0.5,0,1,0.5755242,0.457495229,0.183798432,0.095392564,0.086799561,-0.273696797,0.008593003,2.908052152,7.241658219,3.419902708,0.07380843,-52384295.3
38,TAS1,Cell 20,2021,3.374923222,47189297.47,60,0.891846643,5415.777114,14.03948198,5.819813232,3.170916478,2.733106106,9740297.678,-45653311.92,0,27330.1916,AA,0,0,11317.71742,0,16387.54927,1108.685564,Pipeline,999.0611356,16630,1125178.091,1576800,909.6633263,0,0.6,0,1,0.69062904,0.35633203,0.147710996,0.080480114,0.069368175,-0.208621034,0.011111939,1.984002177,5.819813232,2.733106106,0.050355385,-45653311.92
39,TAS1,Cell 20,2021,3.451600824,51214150.93,60,0.858870046,5415.777114,9.988333198,4.356369136,2.605726147,2.046309505,12710171.85,-39598678.74,0,19443.95529,AA,0,0,13204.00366,0,16387.54927,1122.188229,Pipeline,999.0497012,16630,800955.4551,1576800,900,0,0.7,0,1,0.80573388,0.253510995,0.110567745,0.066135181,0.051936789,-0.14294325,0.014198392,0.999253115,4.356369136,2.046309505,0.025361754,-39598678.74
40,TAS1,Cell 20,2021,3.530197142,55265362.25,60,0.818867116,5415.777114,5.876072301,2.854701406,2.029682109,1.359512904,16312838.08,-34176837.63,0,11438.75408,AA,0,0,15090.2899,0,16387.54927,1162.100441,Pipeline,999.0159025,16630,478109.3118,1576800,900,0,0.8,0,1,0.92083872,0.149138891,0.07245435,0.051514774,0.034505404,-0.07668454,0.01700937,-0.042285904,2.854701406,1.359512904,-0.001073246,-34176837.63
41,TAS1,Cell 20,2021,3.610804293,59337158.74,60,0.769732775,5415.777114,1.688777455,1.384591735,1.472701366,0.673516747,20737879.71,-29587889.77,-10517.84235,3287.486779,AA,0,0,16976.57614,0,16387.54927,1222.642877,Pipeline,998.9646335,16630,157492.269,1576800,933.7116514,0,0.9,0,1,1.035943561,0.042862372,0.035141922,0.037378207,0.017094334,-0.00772045,0.020283873,-1.156791981,1.384591735,0.673516747,-0.029360203,-29587889.77
42,TAS1,Cell 20,2021,3.693840502,63417136.72,60,0.712641156,5415.777114,-2.547450022,-0.096444165,0.928491671,-0.008780005,25879554.22,-25764184.95,-69645.85572,-4959.036043,AA,0,0,18862.86237,0,16387.54927,1291.390912,Pipeline,998.9064159,16675,-158567.4491,1576800,939.8585416,0,1,0,1,1.1510484,-0.064656092,-0.002447821,0.023565778,-0.000222843,0.06220827,0.023788621,-2.331743663,-0.096444165,-0.008780005,-0.059181311,-25764184.95
43,TAS1,Cell 20,2021,3.789197606,67434245.75,60,0.641126353,5415.777114,-6.537256823,-1.422544896,0.42728317,-0.623230107,32320181.58,-24130937.97,-1020278.859,-12725.85995,AA,0,0,20749.14861,0,16387.54927,1297.136218,Pipeline,998.9015506,18343,-439847.7122,1576800,946.0054318,0,1.1,0,1,1.26615324,-0.165920224,-0.0361052,0.010844751,-0.015818023,0.129815024,0.026662774,-3.552319302,-1.422544896,-0.623230107,-0.090160388,-24130937.97
44,TAS1,Cell 20,2021,3.885461487,71450693.88,60,0.567778443,5415.777114,-10.53010456,-2.752142588,-0.072626456,-1.235326139,38925898.65,-22693713.18,-2001844.34,-20498.60355,AA,0,0,22635.43485,0,16387.54927,1302.219222,Pipeline,998.8972462,20010,-719011.536,1576800,952.152322,0,1.2,0,1,1.381258081,-0.267261537,-0.069851335,-0.001843311,-0.031353455,0.197410202,0.029510144,-4.785249158,-2.752142588,-1.235326139,-0.121453024,-22693713.18
45,TAS1,Cell 20,2021,3.982370439,75443650.98,60,0.492588739,5415.777114,-14.52875233,-4.07537826,-0.576784029,-1.845557709,45697487.77,-21446859.48,-3007908.857,-28282.63788,AA,0,0,24521.72109,0,16387.54927,1283.759589,Pipeline,998.9128783,21678,-994097.1126,1576800,958.2992122,0,1.3,0,1,1.496362921,-0.368750059,-0.103435996,-0.014639189,-0.046841566,0.265314063,0.032202377,-6.031115448,-4.07537826,-1.845557709,-0.153073996,-21446859.48
46,TAS1,Cell 20,2021,4.079975497,79457813.57,60,0.416377525,5415.777114,-18.5297798,-5.400068037,-1.073269282,-2.454602456,52561074.13,-20307597.85,-4029568.219,-36071.30467,AA,0,0,26408.00732,0,16387.54927,1286.551943,Pipeline,998.9105136,23345,-1269984.426,1576800,964.4461024,0,1.4,0,1,1.61146776,-0.47029898,-0.137057564,-0.027240337,-0.062299555,0.333241415,0.035059218,-7.283996917,-5.400068037,-2.454602456,-0.184873018,-20307597.85
47,TAS1,Cell 20,2021,4.178150746,83455990.25,60,0.338556808,5415.777114,-22.53805034,-6.725691097,-1.572890551,-3.062414636,59569612.39,-19329484.08,-5067423.521,-43874.07132,AA,0,0,28294.29356,0,16387.54927,1273.323635,Pipeline,998.9217157,25013,-1542800.88,1576800,968.8506475,0,1.5,0,1,1.726572601,-0.572031735,-0.17070282,-0.03992108,-0.07772626,0.401328915,0.03780518,-8.548598142,-6.725691097,-3.062414636,-0.216969496,-19329484.08
48,NSW1,Cell 2127,2021,3.925370029,27287785.42,60,1,4658.784825,37.5661476,36.59829081,39.40376377,38.83868571,0,-90060058.29,0,73128.76733,AA,0,0,0,0,19050.31411,1699.945645,Pipeline,998.5604409,19332,4729816.878,1576800,0,0,0,0,1,0,0.953455523,0.92889063,1.000095527,0.985753445,-0.024564893,0.014342082,,,,,
49,NSW1,Cell 2127,2021,4.042271628,34559464.73,60,0.981940355,4658.784825,33.26279961,32.82144991,35.15715788,34.55195963,1626452.671,-81746349.66,0,64751.58325,AA,0,0,2194.139868,2440.193778,19050.31411,1698.949249,Pipeline,998.5612847,19332,4084181.276,1576800,0,0,0.1,0,1,0.243268096,0.844233493,0.833031724,0.892313652,0.87695329,-0.011201769,0.015360362,,,,,
50,NSW1,Cell 2127,2021,4.15961271,41797937.19,60,0.963056257,4658.784825,28.95228088,29.05813289,30.91623753,30.26523355,3327155.614,-73506891.3,0,56360.44012,AA,0,0,4388.279736,4880.387556,19050.31411,1664.651184,Pipeline,998.5903292,19332,3443246.589,1576800,0,0,0.2,0,1,0.486536192,0.734829464,0.737516063,0.784676079,0.768153136,0.002686599,0.016522943,,,,,
51,NSW1,Cell 2127,2021,4.277493174,49061013.64,60,0.942496003,4658.784825,24.62718365,25.31687136,26.6731896,25.97850747,5178813.298,-65418387.68,0,47940.9175,AA,0,0,6582.419604,7320.581334,19050.31411,1655.027739,Pipeline,998.5984786,19332,2800777.343,1576800,0,0,0.3,0,1,0.729804289,0.625055422,0.642560187,0.676984508,0.659352981,0.017504764,0.017631527,,,,,
52,NSW1,Cell 2127,2021,4.396060197,56329116.02,60,0.920154013,4658.784825,20.28658961,21.56075452,22.42451513,21.69178139,7190934.269,-57490347.35,0,39491.22778,AA,0,0,8776.559472,9760.775112,19050.31411,1650.44446,Pipeline,998.6023598,19332,2159292.957,1576800,0,0,0.4,0,1,0.973072385,0.514888061,0.547227272,0.56915013,0.550552827,0.032339211,0.018597303,,,,,
53,NSW1,Cell 2127,2021,4.515532455,63600187,60,0.894961927,4658.784825,15.92120665,17.79637087,18.16842328,17.40505531,9459734.979,-49818986.76,0,30993.28227,AA,0,0,10970.69934,12200.96889,19050.31411,1648.838111,Pipeline,998.6037201,19332,1519515.932,1576800,0,0,0.5,0,1,1.216340481,0.404091539,0.45168454,0.461127494,0.441752673,0.047593001,0.019374821,,,,,
54,NSW1,Cell 2127,2021,4.638139189,70887067.05,60,0.863185441,4658.784825,11.56689222,14.04854592,13.9655371,13.188981,12321527.12,-42904446.59,-163828.9925,22516.88351,AA,0,0,13164.83921,14641.16267,19050.31411,1663.085285,Pipeline,998.5916552,22729,885032.835,1576800,0,0,0.6,0,1,1.459608577,0.293575945,0.356562079,0.354455256,0.334745711,0.062986135,0.019709545,,,,,
55,NSW1,Cell 2127,2021,4.76457162,78190032.61,60,0.820138064,4658.784825,7.148166468,10.354143,9.783703757,9.007663673,16198376.46,-37085558.93,-408253.2931,13915.09739,AA,0,0,15358.97908,17081.35645,19050.31411,1693.464357,Pipeline,998.5659294,26717,257369.7994,1576800,0,0,0.7,0,1,1.702876674,0.181425545,0.262795508,0.248317354,0.228620905,0.081369963,0.019696449,,,,,
56,NSW1,Cell 2127,2021,4.894327998,85476988.09,60,0.767600259,4658.784825,2.672978246,6.659176451,5.626346875,4.853311121,20929934.2,-32183906.22,-715204.146,5203.397652,AA,0,0,17553.11894,19521.55022,19050.31411,1707.788252,Pipeline,998.5537995,30534,-361016.6432,1576800,0,0,0.8,0,1,1.94614477,0.067842087,0.169014631,0.142800682,0.123180485,0.101172543,0.019620197,,,,,
57,NSW1,Cell 2127,2021,5.026793951,92763714.75,60,0.708005283,4658.784825,-1.847113388,2.931553686,1.484667525,0.715993627,26297061.23,-27957324.1,-1061656.294,-3595.714062,AA,0,0,19747.25881,21961.744,19050.31411,1721.88301,Pipeline,998.5418637,34351,-973274.0029,1576800,0,0,0.9,0,1,2.189412866,-0.04688105,0.074404916,0.037681917,0.018172427,0.121285966,0.01950949,,,,,
58,NSW1,Cell 2127,2021,5.162341878,100047255.1,60,0.640582871,4658.784825,-6.416178084,-0.796957685,-2.633117666,-3.401569944,32369127.56,-24481487.14,-1453914.304,-12490.16,AA,0,0,21941.39868,24401.93778,19050.31411,1732.78239,Pipeline,998.5326338,38167,-1578232.917,1576800,0,0,1,0,1,2.432680962,-0.162847159,-0.020227352,-0.066830398,-0.086334263,0.142619807,0.019503865,,,,,
59,NSW1,Cell 2127,2021,5.301436964,107329809.3,60,0.565230145,4658.784825,-11.02731146,-4.491492216,-6.715410287,-7.491316215,39155398.5,-21784358.19,-1910675.723,-21466.49964,AA,0,0,24135.53855,26842.13156,19050.31411,1742.692965,Pipeline,998.5242413,41984,-2175091.403,1576800,0,0,1.1,0,1,2.675949058,-0.279881002,-0.113997264,-0.170441885,-0.190134929,0.165883737,0.019693044,,,,,
60,NSW1,Cell 2127,2021,5.442507331,114602819.1,60,0.484715477,4658.784825,-15.67335148,-8.185756758,-10.78854545,-11.57073432,46406554.2,-19576063.2,-2391386.325,-30510.79088,AA,0,0,26329.67842,29282.32534,19050.31411,1743.03093,Pipeline,998.5239551,45801,-2766433.813,1576800,0,0,1.2,0,1,2.919217155,-0.397800799,-0.207760324,-0.27382095,-0.29367346,0.190040475,0.01985251,,,,,
61,NSW1,Cell 2127,2021,5.585161242,121875492,60,0.400275613,4658.784825,-20.3476164,-11.8822407,-14.8502661,-15.64403726,54011213.25,-17735451.56,-2886276.939,-39610.02658,AA,0,0,28523.81828,31722.51911,19050.31411,1743.03093,Pipeline,998.5239551,49617,-3354171.523,1576800,0,0,1.3,0,1,3.162485251,-0.516436964,-0.301579713,-0.376910307,-0.397056783,0.214857251,0.020146476,,,,,
62,NSW1,Cell 2127,2021,5.729191752,129148164.8,60,0.311802985,4658.784825,-25.05124201,-15.56892034,-18.90642523,-19.71143202,61979063.28,-16271730.91,-3394867.568,-48766.41777,AA,0,0,30717.95815,34162.71289,19050.31411,1743.03093,Pipeline,998.5239551,53434,-3938808.342,1576800,0,0,1.4,0,1,3.405753347,-0.635818325,-0.395150262,-0.479858508,-0.500290153,0.240668063,0.020431645,,,,,
63,NSW1,Cell 2127,2021,5.874190316,136420837.6,60,0.221253553,4658.784825,-29.76853665,-19.24876119,-22.95350373,-23.77428379,70133950.4,-15005581.75,-3913992.583,-57949.41802,AA,0,0,32912.09802,36602.90667,19050.31411,1743.03093,Pipeline,998.5239551,57251,-4521264.55,1576800,0,0,1.5,0,1,3.649021443,-0.755546616,-0.488547238,-0.582576237,-0.603408218,0.266999377,0.020831981,,,,,
64,VIC1,Cell 36,2021,3.071183287,24631153.79,60,1,5322.95227,37.5661476,32.30887985,43.43725829,45.12141429,0,-90060058.29,0,73128.76733,AA,0,0,0,0,16673.32521,2238.117931,Pipeline,998.1047023,16920,3229584.453,1576800,0,0,0,0,1,0,0.953455523,0.820022331,1.102468485,1.145213561,-0.133433192,-0.042745076,,,,,
65,VIC1,Cell 36,2021,3.147512792,29379615.62,60,0.9805255,5322.95227,33.51095951,29.21581938,39.13137141,40.45409754,1753874.648,-82498205.04,-0.02992949,65234.66784,AA,0,0,1919.326016,619.0944157,16673.32521,2243.645382,Pipeline,998.1000215,16920,2812362.095,1576800,0,0,0.1,0,1,0.152244402,0.850531967,0.741518258,0.993182015,1.026753745,-0.109013709,-0.03357173,,,,,
66,VIC1,Cell 36,2021,3.224342587,34120425.75,60,0.959193331,5322.95227,29.43961417,26.11535384,34.83011644,35.78678077,3675051,-75103653.43,0,57309.11559,AA,0,0,3838.652033,1238.188831,16673.32521,2241.491971,Pipeline,998.1018451,16920,2397121.772,1576800,0,0,0.2,0,1,0.304488805,0.747198329,0.66282624,0.884013108,0.908293928,-0.08437209,-0.02428082,,,,,
67,VIC1,Cell 36,2021,3.301668353,38860019.87,60,0.936396116,5322.95227,25.35552649,23.0622514,30.54073132,31.11946402,5728169.491,-67841044,0,49358.75824,AA,0,0,5757.978049,1857.283247,16673.32521,2238.117931,Pipeline,998.1047023,16920,1983134.551,1576800,0,0,0.3,0,1,0.456733207,0.643541281,0.58533633,0.775145465,0.789834112,-0.058204952,-0.014688647,,,,,
68,VIC1,Cell 36,2021,3.379441184,43593203.07,60,0.9122907,5322.95227,21.26006063,20.01736608,26.24326506,26.45214726,7899104.653,-60696251.24,0,41386.25135,AA,0,0,7677.304065,2476.377663,16673.32521,2228.308664,Pipeline,998.113009,16920,1570870.812,1576800,0,0,0.4,0,1,0.608977609,0.539595447,0.508054977,0.666072717,0.671374296,-0.031540471,-0.005301579,,,,,
69,VIC1,Cell 36,2021,3.457716962,48355248.68,60,0.886209868,5322.95227,17.14741341,16.96872499,21.94562342,21.78483051,10247945.96,-53729364.62,0,33380.29811,AA,0,0,9596.630082,3095.472078,16673.32521,2247.471549,Pipeline,998.0967814,16920,1156514.552,1576800,0,0,0.5,0,1,0.761222012,0.435213538,0.430678299,0.556995518,0.55291448,-0.004535239,0.004081038,,,,,
70,VIC1,Cell 36,2021,3.53660713,53096791.85,60,0.857334573,5322.95227,13.01046114,13.88793512,17.65219744,17.11751375,12848456.66,-47014147.39,4.04E-06,25327.03102,AA,0,0,11515.9561,3714.566494,16673.32521,2246.053964,Pipeline,998.0979818,16920,745833.4462,1576800,0,0,0.6,0,1,0.913466414,0.33021475,0.352485663,0.448025316,0.434454664,0.022270913,0.013570652,,,,,
71,VIC1,Cell 36,2021,3.616288015,57884924.02,60,0.82607516,5322.95227,8.85277281,10.85678774,13.34643127,12.45019699,15663681.19,-40513644,0,17233.39774,AA,0,0,13435.28211,4333.66091,16673.32521,2291.405034,Pipeline,998.0595774,16920,331727.0535,1576800,0,0,0.7,0,1,1.065710816,0.224689665,0.275552988,0.33874191,0.315994847,0.050863323,0.022747063,,,,,
72,VIC1,Cell 36,2021,3.696925259,62658954.5,60,0.791437962,5322.95227,4.683616301,7.770184316,9.063256485,7.804392749,18783109.34,-34360282.11,-42937.88562,9117.439732,AA,0,0,15354.60813,4952.755325,16673.32521,2322.602045,Pipeline,998.0331589,17384,-78649.17503,1576800,0,0,0.8,0,1,1.217955219,0.11887351,0.1972128,0.23003189,0.198081034,0.07833929,0.031950856,,,,,
73,VIC1,Cell 36,2021,3.781764527,67445555.98,60,0.750066661,5322.95227,0.674800862,4.807745626,4.990272305,3.421527227,22509011.07,-29338206.17,-610688.1469,1313.612344,AA,0,0,17273.93415,5571.849741,16673.32521,2366.422164,Pipeline,997.9960509,19557,-480964.8839,1576800,0,0,0.9,0,1,1.370199621,0.017126925,0.122024001,0.126656657,0.086840793,0.104897075,0.039815864,,,,,
74,VIC1,Cell 36,2021,3.871308013,72243238.58,60,0.702187598,5322.95227,-3.183192772,1.990600514,1.122430378,-0.712197865,26821002.29,-25399491.42,-1675710.091,-6196.615264,AA,0,0,19193.26016,6190.944157,16673.32521,2421.372191,Pipeline,997.9495177,21730,-873922.3468,1576800,0,0,1,0,1,1.522444023,-0.080791695,0.050522856,0.028488081,-0.018076088,0.13131455,0.046564169,,,,,
75,VIC1,Cell 36,2021,3.9690005,76986431.31,60,0.641881199,5322.95227,-6.881734535,-0.67102976,-2.458572153,-4.524576016,32252200.12,-23221375.49,-3382124.258,-13396.44323,AA,0,0,21112.58618,6810.038572,16673.32521,2421.610537,Pipeline,997.9493159,23903,-1242434.228,1576800,0,0,1.1,0,1,1.674688426,-0.174663313,-0.017031212,-0.062400308,-0.114836955,0.157632101,0.052436647,,,,,
76,VIC1,Cell 36,2021,4.068054879,81725908.38,60,0.57936658,5322.95227,-10.56858308,-3.305566527,-6.007833085,-8.299840332,37882270.29,-21316209.23,-5162615.761,-20573.50839,AA,0,0,23031.9122,7429.132988,16673.32521,2418.117931,Pipeline,997.9522735,26075,-1607463.116,1576800,0,0,1.2,0,1,1.826932829,-0.268238149,-0.083897628,-0.152483073,-0.210655846,0.184340522,0.058172773,,,,,
77,VIC1,Cell 36,2021,4.168019421,86468863.74,60,0.515205896,5322.95227,-14.25504095,-5.930713449,-9.537391681,-12.05743924,43660585.24,-19594547.03,-6978366.533,-27749.81305,AA,0,0,24951.23821,8048.227404,16673.32521,2418.117931,Pipeline,997.9522735,28248,-1970830.504,1576800,0,0,1.3,0,1,1.979177231,-0.36180307,-0.150525722,-0.242065779,-0.306026377,0.211277348,0.063960598,,,,,
78,VIC1,Cell 36,2021,4.268732178,91211819.1,60,0.44933622,5322.95227,-17.94320194,-8.53857695,-13.05521335,-15.79923024,49592812.09,-18058348.51,-8825669.08,-34929.43311,AA,0,0,26870.56423,8667.321819,16673.32521,2418.117931,Pipeline,997.9522735,30421,-2332512.483,1576800,0,0,1.4,0,1,2.131421633,-0.455411217,-0.216715151,-0.331350593,-0.400995691,0.238696066,0.069645098,,,,,
79,VIC1,Cell 36,2021,4.370139946,95950704.68,60,0.38179096,5322.95227,-21.6353589,-11.14606394,-16.55708306,-19.52831632,55675942.22,-16698411.61,-10698329.99,-42116.83199,AA,0,0,28789.89025,9286.416235,16673.32521,2414.031424,Pipeline,997.9557341,32594,-2692174.093,1576800,0,0,1.5,0,1,2.283666036,-0.549120784,-0.282895024,-0.420230535,-0.495642546,0.26622576,0.075412011,,,,,
