,Location,Location_code,Year,LCOH,Capex,Step,RE_supply_proportion,FLH,EI_market,EI_MEF,EI_AEF,EI_L,Sell_amount,Purchase_amount,Curtailment,LGCs,battery class,battery_energy_capacity,battery_power_capacity,wind_capacity,pv_capacity,electrolyser_capacity,hydrogen_storage_capacity,hydrogen_storage_type,hydrogen_storage_cost,Grid_max_power_export,grid_cost,production_amount,H2_initial_storage_level,Simultaneity_obligation_interval,ratio,Simultaneity_obligation,Batch_interval
0,QLD1,Cell 1375,2022,6.970867661750721,38967975.39286052,60,1.0,5242.078116373181,37.673091826836135,33.773680766710804,38.137556588152066,41.81316826855598,0.0,-90316443.46006691,0.0,73336.95208957433,AA,0,0,0.0,0.0,16930.55927734148,120000.0,Lined Rock,135.20962596339757,17230.0,10397983.402577791,1576800.0,22127.86719095867,0,0.0,0,1
1,QLD1,Cell 1375,2022,6.549137256551654,45159830.4238811,60,0.9732808497936655,5242.078116373212,33.29130799293794,30.42464569784526,33.981333448575306,37.208509488847284,2413135.122836054,-82783515.61874616,6.488624748612892e-09,64807.079559585836,AA,0,0,1949.0659467661565,1916.2810228680498,16930.55927734148,120000.00000000015,Lined Rock,135.20962596339754,17230.0,8674747.117053153,1576800.0,21985.755193214514,0,0.1,0,1
2,QLD1,Cell 1375,2022,6.127486965042819,51351685.45490165,60,0.9458607029962578,5242.078116373213,28.903572794631593,27.085448454300362,29.825282161347765,32.604024190965845,4889512.777318787,-75314205.02980494,8.180851551742307e-09,56265.621706882834,AA,0,0,3898.131893532313,3832.5620457360997,16930.55927734148,120000.00000000015,Lined Rock,135.20962596339754,17230.0,6951691.293338178,1576800.0,21794.131695987835,0,0.2,0,1
3,QLD1,Cell 1375,2022,5.705937237565804,57543540.48592222,60,0.918160756143345,5242.078116373236,24.51337578310651,23.73226041838119,25.669166427125298,27.999507158770225,7391085.486508619,-67870020.94945315,8.882160784651205e-09,47719.371524447335,AA,0,0,5847.1978402984705,5748.84306860415,16930.55927734148,120000.00000000015,Lined Rock,135.20962596339754,17230.0,5228861.997288018,1576800.0,21756.3309549443,0,0.30000000000000004,0,1
4,QLD1,Cell 1375,2022,5.2845070152858895,63735395.51694277,60,0.890310414134345,5242.078116373229,20.121901420829094,20.387897750408612,21.510047608441983,23.395021210951473,9906174.661868878,-60439420.47752402,8.034724885419564e-09,39170.634765880626,AA,0,0,7796.263787064626,7665.124091472199,16930.55927734148,120000.00000000015,Lined Rock,135.20962596339754,17230.0,3506301.895230416,1576800.0,21708.41972115278,0,0.4,0,1
5,QLD1,Cell 1375,2022,4.863248064110639,69927250.5479633,60,0.8611717632230187,5242.078116373221,15.719104256939758,17.058134944453453,17.35089632789634,18.79042825335314,12537508.698288247,-53124833.72553075,7.86428344667911e-09,30599.856286842725,AA,0,0,9745.329733830782,9581.405114340248,16930.55927734148,120000.0,Lined Rock,135.20962596339757,17230.0,1784127.59356972,1576800.0,21704.92233252428,0,0.5,0,1
6,QLD1,Cell 1375,2022,4.443531138349268,76119105.57898389,60,0.8295320222298387,5242.078116373221,11.339813397529593,13.724226779942482,13.23130360916474,14.236232715449896,15395619.878143648,-46145882.543515496,-103020.10029481884,22074.836747190937,AA,0,0,11694.395680596941,11497.6861372083,16930.55927734148,120000.00000000004,Lined Rock,135.20962596339757,18360.0,65426.81429845486,1576800.0,21530.67054600291,0,0.6000000000000001,0,1
7,QLD1,Cell 1375,2022,4.02732915427582,82310960.61000443,60,0.7907668322965152,5242.07811637321,6.968785824355593,10.395014642501112,9.174509827317172,9.760166361759786,18897063.371305738,-39979022.71270684,-377193.1191942706,13565.90307141222,AA,0,0,13643.461627363096,13413.967160076349,16930.55927734148,120000.0,Lined Rock,135.20962596339757,21420.0,-1645356.3077534947,1576800.0,20912.339001986347,0,0.7000000000000001,0,1
8,QLD1,Cell 1375,2022,3.6142971322373834,88502815.641025,60,0.7441110914994774,5242.0781163732045,2.5567284588992085,7.072023824595576,5.140395123827137,5.314956600223234,23111226.66811884,-34591532.92460094,-718364.2550169834,4977.098066657126,AA,0,0,15592.527574129252,15330.248182944399,16930.55927734148,120000.00000000015,Lined Rock,135.20962596339754,24480.0,-3348998.8638957264,1576800.0,20653.89904252117,0,0.8,0,1
9,QLD1,Cell 1375,2022,3.2043091987070356,94694670.67204556,60,0.6905528431324554,5242.078116373219,-1.8941719755788538,3.752911610944195,1.1289291306662328,0.893480462521265,27949014.354355887,-29878932.15340195,-1110650.5013584788,-3687.321445793502,AA,0,0,17541.593520895407,17246.529205812447,16930.55927734148,120000.0,Lined Rock,135.20962596339757,27540.0,-5045784.393238592,1576800.0,21026.49172627475,0,0.9,0,1
10,QLD1,Cell 1375,2022,2.7969947977149343,100886525.70306611,60,0.6302723185229826,5242.078116373222,-6.385377679165479,0.4333756358919629,-2.862930517239068,-3.5075994331000167,33394431.30003244,-25818016.524536505,-1546239.739432046,-12430.201882108797,AA,0,0,19490.659467661564,19162.810228680497,16930.55927734148,120000.0,Lined Rock,135.20962596339757,30600.0,-6736547.599572446,1576800.0,21519.004667329133,0,1.0,0,1
11,QLD1,Cell 1375,2022,2.3942443722017384,107078380.73408666,60,0.5590246625471619,5242.078116373216,-10.951683758776857,-2.8782727088254756,-6.839310229604436,-7.885800988516748,39830923.65588395,-22797593.520687606,-2030849.4811472425,-21319.277717085613,AA,0,0,21439.72541442772,21079.091251548547,16930.55927734148,120000.0,Lined Rock,135.20962596339757,33660.0,-8417030.12514182,1576800.0,21775.545524540452,0,1.1,0,1
12,QLD1,Cell 1375,2022,1.9941015064511003,113270235.76510724,60,0.4818611081637912,5242.078116373208,-15.53884033803974,-6.183034024047404,-10.78915898891451,-12.229667288649402,46803640.81813624,-20387559.474653788,-2586840.835134871,-30248.94252471736,AA,0,0,23388.791361193882,22995.3722744166,16930.55927734148,120000.0,Lined Rock,135.20962596339757,36720.0,-10091638.936091768,1576800.0,21831.089802845916,0,1.2000000000000002,0,1
13,QLD1,Cell 1375,2022,1.5960567528001206,119462090.79612778,60,0.400271838809094,5242.078116373208,-20.130218500275102,-9.486284719060896,-14.707759228705616,-16.53547779923018,54175107.050939046,-18458475.004602026,-3228252.1286163456,-39186.8253472022,AA,0,0,25337.857307960036,24911.653297284647,16930.55927734148,120000.0,Lined Rock,135.20962596339757,39780.0,-11761521.599672075,1576800.0,21902.780791491554,0,1.3,0,1
14,QLD1,Cell 1375,2022,1.1993786507867665,125653945.82714835,60,0.31598854473281396,5242.078116373206,-24.7326959181206,-12.795196634800211,-18.61413036830544,-20.82754491875182,61789718.81228955,-16802221.787785042,-3900260.5434955847,-48146.3147206081,AA,0,0,27286.923254726193,26827.934320152697,16930.55927734148,120000.0,Lined Rock,135.20962596339757,42840.0,-13428325.782820662,1576800.0,22029.327860695794,0,1.4000000000000001,0,1
15,QLD1,Cell 1375,2022,0.8038704820125062,131845800.8581689,60,0.2291050198232466,5242.078116373208,-29.34898688267979,-16.095196791043087,-22.51173613042645,-25.1097910076286,69638988.40877879,-15401839.832301477,-4594130.449749531,-57132.694464949986,AA,0,0,29235.989201492346,28744.215343020747,16930.55927734148,120000.0,Lined Rock,135.20962596339757,45900.0,-15092494.60778153,1576800.0,21802.296659471296,0,1.5,0,1
16,SA1,Cell 266,2022,5.351682564224057,38116218.940156385,60,1.0,5446.041427475927,37.667553640865954,23.097136158611136,9.984529335635006,14.317473104385586,0.0,-90303166.36398077,0.0,73326.17108755239,AA,0,0,0.0,0.0,16296.48166794362,120000.00000000003,Lined Rock,135.2096259633976,16582.0,6879717.049464466,1576800.0,36471.260012424274,0,0.0,0,1
17,SA1,Cell 266,2022,5.132157038565608,43560514.19319183,60,0.9759876484648969,5446.041427475971,33.456443775829776,20.84772793717387,8.810384121244516,12.796423591722766,2168370.495149551,-82877973.3728631,4.253086771655035e-11,65128.54388361528,AA,0,0,1875.757522733252,1362.394032195215,16296.48166794362,119999.99999999994,Lined Rock,135.2096259633976,16582.0,5706752.127892404,1576800.0,36709.38722687503,0,0.1,0,1
18,SA1,Cell 266,2022,4.912762645297327,49004809.4462273,60,0.951232526494473,5446.04142747596,29.238794987995462,18.584151119749652,7.644315272374848,11.275348961313505,4403764.734211989,-75519645.7030088,1.106412739204643e-10,56918.18757663116,AA,0,0,3751.515045466504,2724.78806439043,16296.48166794362,120000.0,Lined Rock,135.20962596339757,16582.0,4534082.591395794,1576800.0,36195.607770929295,0,0.2,0,1
19,SA1,Cell 266,2022,4.693475000909192,54449104.69926277,60,0.9260975845468117,5446.04142747598,25.01786710788246,16.33394285658538,6.47610425186934,9.754285281836951,6673411.017157556,-68195639.14675952,-5.274003456179344e-12,48701.447970011184,AA,0,0,5627.272568199757,4087.1820965856455,16296.48166794362,120000.00000000004,Lined Rock,135.20962596339754,16582.0,3361653.514376633,1576800.0,36218.81274339281,0,0.30000000000000004,0,1
20,SA1,Cell 266,2022,4.474279717121791,59893399.95229823,60,0.9005630201881669,5446.0414274759605,20.793437867716555,14.071237826646511,5.3053037481872245,8.233213419700533,8979089.607815534,-60907613.28855142,-1.2993162101793132e-10,40477.89238248822,AA,0,0,7503.030090933008,5449.57612878086,16296.48166794362,120000.0,Lined Rock,135.20962596339757,16582.0,2189432.486207812,1576800.0,36264.00562031124,0,0.4,0,1
21,SA1,Cell 266,2022,4.255162044801186,65337695.20533368,60,0.8746470798470943,5446.041427475966,16.565624065997625,11.820840151072774,4.132589620590892,6.7121166125681455,11319134.468133274,-53653796.366923615,-1.1521095188982144e-10,32247.748181808707,AA,0,0,9378.78761366626,6811.970160976075,16296.48166794362,120000.00000000004,Lined Rock,135.20962596339754,16582.0,1017386.2834116269,1576800.0,36598.90895987912,0,0.5,0,1
22,SA1,Cell 266,2022,4.036131030617809,70781990.45836915,60,0.8484787153150152,5446.041427475943,12.335645303160696,9.552803953790205,2.95646903153322,5.191031799536408,13681923.396463728,-46422799.16249985,-1.7564971699357557e-10,24013.389523486152,AA,0,0,11254.545136399514,8174.364193171291,16296.48166794362,120000.00000000004,Lined Rock,135.20962596339754,16582.0,-154464.71574058867,1576800.0,37066.95124382475,0,0.6000000000000001,0,1
23,SA1,Cell 266,2022,3.8193433249630515,76226285.71140462,60,0.8205902265471793,5446.041427475956,8.253355669778387,7.326800766488106,1.804491745769048,3.731897699216932,16203093.969794152,-39740919.13829566,-373353.1998567248,16066.532370501922,AA,0,0,13130.302659132765,9536.758225366506,16296.48166794362,120000.0,Lined Rock,135.20962596339757,18944.0,-1321262.5021957648,1576800.0,36680.48022312447,0,0.7000000000000001,0,1
24,SA1,Cell 266,2022,3.6054489870577817,81670580.96444008,60,0.7897327438514966,5446.041427475935,4.324030485019091,5.115726842929658,0.6732747908221588,2.340766396616011,18992891.61889801,-33756573.43563445,-1177847.1362457331,8417.446010837164,AA,0,0,15006.060181866016,10899.15225756172,16296.48166794362,120000.0,Lined Rock,135.20962596339754,21650.0,-2481542.7711260933,1576800.0,36927.1649849076,0,0.8,0,1
25,SA1,Cell 266,2022,3.394187061669197,87114876.21747553,60,0.7562843727782259,5446.041427475947,0.5146080876846594,2.932487823716848,-0.43999754555764575,1.0038112198923874,22016994.402683493,-28348232.52878854,-2326613.255535953,1001.7704106928036,AA,0,0,16881.817704599267,12261.546289756936,16296.48166794362,120000.0,Lined Rock,135.20962596339754,24356.0,-3635893.3428331236,1576800.0,36821.61476374399,0,0.9,0,1
26,SA1,Cell 266,2022,3.1854005928632385,92559171.47051099,60,0.7195764768520138,5446.041427475946,-3.2045957201623883,0.7737143569306046,-1.5370114982992833,-0.28801431913973946,25336328.56742507,-23519764.653746657,-3760149.737572922,-6238.2796685827825,AA,0,0,18757.57522733252,13623.94032195215,16296.48166794362,120000.0000000001,Lined Rock,135.20962596339749,27062.0,-4784667.771769458,1576800.0,36886.872591620435,0,1.0,0,1
27,SA1,Cell 266,2022,2.984888678457417,98003466.72354648,60,0.6671407915212101,5446.041427475941,-6.8674920497956,-1.342541248149188,-2.6149327476881328,-1.5061386533700476,30080369.535810396,-20580851.821274582,-5650467.316434314,-13368.717856935435,AA,0,0,20633.332750065772,14986.334354147366,16296.48166794362,120000.0,Lined Rock,135.20962596339757,29768.0,-5914803.17587989,1576800.0,36882.26983722225,0,1.1,0,1
28,SA1,Cell 266,2022,2.786062896489861,103447761.97658193,60,0.611818361465996,5446.041427475939,-10.50651178306255,-3.4374058608632216,-3.6774709577380866,-2.70573688244213,35081860.93137123,-18016237.266432013,-7671844.170434478,-20452.67627102843,AA,0,0,22509.09027279903,16348.728386342582,16296.48166794362,120000.0,Lined Rock,135.20962596339754,32474.0,-7041140.446235095,1576800.0,36622.88856633386,0,1.2000000000000002,0,1
29,SA1,Cell 266,2022,2.588732742719838,108892057.22961739,60,0.5538456947828998,5446.041427475936,-14.125850331494181,-5.526052096850363,-4.732086466197775,-3.8890332918645187,40323651.20501081,-15794740.426562568,-9795605.657215402,-27498.321978642,AA,0,0,24384.847795532278,17711.122418537794,16296.48166794362,120000.0,Lined Rock,135.2096259633976,35181.0,-8164108.707244771,1576800.0,36549.439045595725,0,1.3,0,1
30,SA1,Cell 266,2022,2.392795814174436,114336352.48265284,60,0.4933389988277541,5446.0414274759305,-17.724485162488204,-7.606072053101296,-5.781537920068834,-5.056018915577155,45795396.68153759,-13906074.177209217,-12021730.34533234,-34503.6644496437,AA,0,0,26260.60531826553,19073.516450733012,16296.48166794362,120000.0,Lined Rock,135.20962596339757,37887.0,-9283938.6289199,1576800.0,36599.92238979738,0,1.4000000000000001,0,1
31,SA1,Cell 266,2022,2.198161065421594,119780647.7356883,60,0.430833310477707,5446.041427475936,-21.30076844811737,-9.6741411291015,-6.8211486953642515,-6.207833984386749,51448972.87872178,-12294922.37239733,-14342851.751096733,-41465.49591233515,AA,0,0,28136.36284099878,20435.910482928226,16296.48166794362,120000.0,Lined Rock,135.20962596339757,40593.0,-10400835.297599444,1576800.0,36314.23766154464,0,1.5,0,1
32,TAS1,Cell 20,2022,5.9666995022470815,39465075.5475456,60,1.0,5129.950458700839,37.67679974120121,14.005836819999276,7.499530576454116,6.87407402685552,0.0,-90325332.71289615,0.0,73344.17016287168,AA,0,0,0.0,0.0,17300.61820288683,120000.0,Lined Rock,135.20962596339766,17608.0,8060699.0148014575,1576800.0,5289.4840111797475,0,0.0,0,1
33,TAS1,Cell 20,2022,5.633655278590115,43700943.84620848,60,0.9717060350735215,5129.950458700865,33.66418145615588,12.675812043297071,6.9529475403429135,6.187007651600278,2555595.2064157464,-83852875.74843906,-5.041158601670759e-09,65532.93990131678,AA,0,0,1991.850041692322,0.0,17300.61820288683,120000.0,Lined Rock,135.20962596339757,17608.0,6787328.181421324,1576800.0,5516.60784285553,0,0.1,0,1
34,TAS1,Cell 20,2022,5.300759167917196,47936812.14487137,60,0.9428009691452669,5129.950458700857,29.64643939472626,11.349471468649833,6.409990267129293,5.499977116842036,5166279.196585183,-77435978.51188707,-6.4211178596451646e-09,57711.73535506712,AA,0,0,3983.700083384644,0.0,17300.61820288683,120000.0,Lined Rock,135.20962596339757,17608.0,5514290.983117254,1576800.0,5433.393928856521,0,0.2,0,1
35,TAS1,Cell 20,2022,4.967988140455372,52172680.44353427,60,0.9129109596597719,5129.950458700855,25.620082415352023,10.020383865836028,5.8691913708958,4.812940223133125,7865806.408208012,-71107840.94018055,-6.977131761232158e-09,49873.7604352186,AA,0,0,5975.550125076967,0.0,17300.61820288683,120000.0,Lined Rock,135.20962596339757,17608.0,4241535.543680692,1576800.0,6249.004157879891,0,0.30000000000000004,0,1
36,TAS1,Cell 20,2022,4.635396673118859,56408548.742197156,60,0.8825626332276977,5129.950458700859,21.58975557274948,8.700556090221328,5.326917241438184,4.125906407983001,10606614.724335866,-64821024.92523174,-7.290054782060906e-09,42028.05751495231,AA,0,0,7967.400166769288,0.0,17300.61820288683,120000.0,Lined Rock,135.20962596339757,17608.0,2969184.5762521145,1576800.0,6437.5276041310935,0,0.4,0,1
37,TAS1,Cell 20,2022,4.3029870378688315,60644417.04086006,60,0.8516481175772092,5129.950458700878,17.554424672497664,7.365603655183761,4.788866339414132,3.4388580609790833,13398413.370258193,-58585008.29152747,-7.3922876708820695e-09,34172.61336246212,AA,0,0,9959.25020846161,0.0,17300.61820288683,120000.0,Lined Rock,135.20962596339757,17608.0,1697243.1985863515,1576800.0,6984.26875072234,0,0.5,0,1
38,TAS1,Cell 20,2022,3.9707679473456166,64880285.33952294,60,0.8190954452442208,5129.950458700881,13.505403358916139,6.057942389390015,4.231294190360321,2.751921104709293,16338292.732994916,-52498536.04887315,-7.490172038160381e-09,26290.51853869008,AA,0,0,11951.100250153933,0.0,17300.61820288683,120000.0,Lined Rock,135.20962596339757,17608.0,425731.0365280733,1576800.0,5553.251903829721,0,0.6000000000000001,0,1
39,TAS1,Cell 20,2022,3.6388230866250737,69116153.63818583,60,0.7860891855548697,5129.9504587008705,9.453057341303955,4.73028565441965,3.6872781711897664,2.065104584616779,19319433.297816392,-46454907.539681554,-7.53581730350561e-09,18401.951624405032,AA,0,0,13942.950291846255,0.0,17300.61820288683,120000.0,Lined Rock,135.20962596339757,17608.0,-845163.403311843,1576800.0,5827.441291722689,0,0.7000000000000001,0,1
40,TAS1,Cell 20,2022,3.307074695711544,73352021.93684873,60,0.75153725067805,5129.950458700869,5.387432807970762,3.4100605786711484,3.143506927714456,1.3783285808670476,22440367.162346598,-40551604.71493803,-6.207443448147387e-09,10487.535866183083,AA,0,0,15934.800333538577,0.0,17300.61820288683,120000.00000000003,Lined Rock,135.20962596339757,17608.0,-2115615.2808779054,1576800.0,6825.100490313524,0,0.8,0,1
41,TAS1,Cell 20,2022,2.9754984014087076,77587890.23551163,60,0.7167020997192907,5129.950458700867,1.3191801384173412,2.097571417802226,2.5973292347766708,0.6915236751309773,25586874.060027573,-34673495.15124794,-6.111463335400913e-09,2568.004002785757,AA,0,0,17926.6503752309,0.0,17300.61820288683,120000.0,Lined Rock,135.20962596339757,17608.0,-3385679.498535768,1576800.0,7294.143764208226,0,0.9,0,1
42,TAS1,Cell 20,2022,2.644110987346363,81823758.5341745,60,0.6815241261816234,5129.950458700884,-2.7519707950924843,0.7853754657853809,2.0421744187030755,0.004738332236673873,28764501.61247754,-28826763.298067532,-1.024808682359435e-09,-5357.169814446703,AA,0,0,19918.50041692322,0.0,17300.61820288683,120000.0,Lined Rock,135.20962596339757,17608.0,-4655318.249960473,1576800.0,7198.464199064229,0,1.0,0,1
43,TAS1,Cell 20,2022,2.330810396047235,86059626.8328374,60,0.6023831969077057,5129.95045870087,-7.141205941973339,-0.5208158840977676,1.5137859031253105,-0.6700729196888446,35915340.091999434,-27110581.92728818,-151412.5058871015,-13901.54756704143,AA,0,0,21910.350458615543,0.0,17300.61820288683,120000.0,Lined Rock,135.20962596339757,19369.0,-5884215.141195122,1576800.0,7328.025992700572,0,1.1,0,1
44,TAS1,Cell 20,2022,2.0185253880223786,90295495.1315003,60,0.5209215703586216,5129.9504587008605,-11.54715341101559,-1.8220088071479925,0.988882118108836,-1.3442741358153893,43273849.88661824,-25610087.7420048,-317345.3986356185,-22478.458640110344,AA,0,0,23902.200500307867,0.0,17300.61820288683,120000.0,Lined Rock,135.20962596339757,21130.0,-7110824.358562814,1576800.0,6948.076704453033,0,1.2000000000000002,0,1
45,TAS1,Cell 20,2022,1.7071314667247472,94531363.43016317,60,0.4374539733254137,5129.950458700864,-15.967551801026614,-3.1209268086117024,0.46390006879134077,-2.017920034936412,50813509.579630405,-24298040.320564773,-490876.64041886776,-31083.50083933181,AA,0,0,25894.050542000186,0.0,17300.61820288683,120000.0,Lined Rock,135.20962596339757,22891.0,-8335426.339428377,1576800.0,6956.388498583823,0,1.3,0,1
46,TAS1,Cell 20,2022,1.3963938149444903,98767231.72882608,60,0.35214222474711376,5129.950458700856,-20.40268630456488,-4.4238491106796305,-0.06106587358135989,-2.691320230490159,58519700.54626034,-23155752.717619926,-667828.5323402511,-39717.22933955296,AA,0,0,27885.90058369251,0.0,17300.61820288683,120000.0,Lined Rock,135.20962596339757,24652.0,-9558550.026329663,1576800.0,7015.025151396847,0,1.4000000000000001,0,1
47,TAS1,Cell 20,2022,1.0861912499855801,103003100.02748896,60,0.2655652526257996,5129.950458700858,-24.84613475234123,-5.718302611948219,-0.5889696261312622,-3.364222359346847,66340246.24900194,-22134364.447181053,-851293.0069734547,-48367.142317890924,AA,0,0,29877.75062538483,0.0,17300.61820288683,120000.0,Lined Rock,135.20962596339757,26412.0,-10780468.391945373,1576800.0,6703.167988345966,0,1.5,0,1
48,NSW1,Cell 2127,2022,7.338806970960362,42166299.548346594,60,1.0,4595.774129746416,37.691484392137944,32.35398052780095,36.211321332114785,38.968268239758295,0.0,-90360537.29478061,0.0,73372.75628336187,AA,0,0,0.0,0.0,19311.50482597996,120000.00000000006,Lined Rock,135.20962596339757,19664.0,10742161.883702414,1576800.0,1102.8263822783838,0,0.0,0,1
49,NSW1,Cell 2127,2022,7.030850301085154,49358666.79792558,60,0.9682279289087994,4595.77412974646,33.31706974184649,29.182825755769375,32.348051354013236,34.73231703710465,2870848.1465983675,-83408962.123226,-1.5487140458958493e-08,64857.229097461146,AA,0,0,2224.337243673458,2304.8976476156286,19311.50482597996,120000.0,Lined Rock,135.20962596339757,19664.0,9149911.102379858,1576800.0,996.5137465762979,0,0.1,0,1
50,NSW1,Cell 2127,2022,6.7230723220185205,56551034.04750457,60,0.9357541402112823,4595.774129746467,28.936716068017493,26.005207854628523,28.478607130857075,30.496540230077372,5804939.197507925,-76521034.24866417,-1.2637912050195155e-08,56330.140612407384,AA,0,0,4448.674487346916,4609.795295231257,19311.50482597996,120000.0,Lined Rock,135.20962596339757,19664.0,7558062.834867248,1576800.0,1017.8056067591563,0,0.2,0,1
51,NSW1,Cell 2127,2022,6.415481954349216,63743401.29708356,60,0.9024934853931369,4595.774129746478,24.54950453510947,22.812604294576897,24.61095497249012,26.260755302366714,8809959.372687409,-69704016.66793986,-1.1404072353116135e-08,47789.70216167976,AA,0,0,6673.011731020374,6914.692942846887,19311.50482597996,120000.0,Lined Rock,135.20962596339757,19664.0,5966637.175427939,1576800.0,885.2952189995261,0,0.30000000000000004,0,1
52,NSW1,Cell 2127,2022,6.108073986516906,70935768.54666254,60,0.86859887564849,4595.774129746486,20.156665955659673,19.62508445879899,20.737393152667295,22.024851155959137,11872051.403582228,-62943794.49581246,-1.0336577815905912e-08,39238.30972701749,AA,0,0,8897.348974693832,9219.590590462514,19311.50482597996,120000.0,Lined Rock,135.20962596339757,19664.0,4375622.384650013,1576800.0,752.7848312400109,0,0.4,0,1
53,NSW1,Cell 2127,2022,5.800885159317316,78128135.79624152,60,0.8336671877280213,4595.774129746469,15.755089422774391,16.427672102122028,16.86830496700652,17.789261357948334,15027769.841261623,-56277927.648927465,-9.679695267550414e-09,30669.907409667478,AA,0,0,11121.68621836729,11524.488238078142,19311.50482597996,119999.99999999987,Lined Rock,135.2096259633976,19664.0,2785101.2238001944,1576800.0,620.2744434803296,0,0.5,0,1
54,NSW1,Cell 2127,2022,5.4951058241564406,85320503.04582052,60,0.7958573268394515,4595.7741297464545,11.366087560824207,13.23945894798845,13.023439431276719,13.592698409813428,18444149.80020187,-49963218.70107511,-86684.89376467874,22125.98378507112,AA,0,0,13346.023462040748,13829.385885693773,19311.50482597996,119999.99999999987,Lined Rock,135.2096259633976,22415.0,1197755.0444455822,1576800.0,631.1429529192133,0,0.6000000000000001,0,1
55,NSW1,Cell 2127,2022,5.191838538725757,92512870.2953995,60,0.7520441159099811,4595.77412974645,6.961805933574179,10.064021396195157,9.204647061005742,9.434505143216594,22403031.33531928,-44279983.84976643,-262490.97118615644,13552.315550691068,AA,0,0,15570.360705714207,16134.2835333094,19311.50482597996,119999.99999999975,Lined Rock,135.2096259633977,26150.0,-383932.5634596469,1576800.0,719.1938259648532,0,0.7000000000000001,0,1
56,NSW1,Cell 2127,2022,4.891236596232343,99705237.54497848,60,0.7018919186189273,4595.7741297464345,2.5172667587644186,6.873054739656635,5.4016338602518355,5.291901430091118,26934898.815749925,-39205884.367173225,-474091.2679877652,4900.279290394735,AA,0,0,17794.697949387664,18439.18118092503,19311.50482597996,119999.99999999975,Lined Rock,135.2096259633977,29886.0,-1959616.2960170393,1576800.0,813.0750998971744,0,0.8,0,1
57,NSW1,Cell 2127,2022,4.592974625133,106897604.79455751,60,0.646784354300113,4595.774129746459,-1.9365499332154998,3.7301947947530953,1.6242875159278958,1.184472259229644,31915116.514742453,-34661698.65937965,-766075.1152398818,-3769.817203326173,AA,0,0,20019.03519306112,20744.078828540656,19311.50482597996,120000.0,Lined Rock,135.20962596339757,33622.0,-3530029.0758684753,1576800.0,952.4862397295049,0,0.9,0,1
58,NSW1,Cell 2127,2022,4.297155197214823,114089972.04413645,60,0.5858473567553867,4595.7741297464545,-6.419859610247084,0.5480208643851087,-2.1324256459843673,-2.900861081115007,37422019.91716464,-30695434.98672042,-1110255.7225301678,-12497.326707947657,AA,0,0,22243.37243673458,23048.976476156284,19311.50482597996,119999.99999999958,Lined Rock,135.20962596339785,37357.0,-5094939.852736959,1576800.0,880.9775014708966,0,1.0,0,1
59,NSW1,Cell 2127,2022,4.005312953076781,121282339.29371548,60,0.5152356886148356,4595.774129746461,-10.955860837518713,-2.614385708845099,-5.868711608554442,-6.953299232640072,43803980.40678053,-27680506.53909372,-1529494.6678065662,-21327.40909703643,AA,0,0,24467.70968040804,25353.874123771915,19311.50482597996,120000.00000000013,Lined Rock,135.2096259633975,41093.0,-6650891.739056141,1576800.0,981.2501349232421,0,1.1,0,1
60,NSW1,Cell 2127,2022,3.715741565503834,128474706.54329446,60,0.43889473470843243,4595.774129746461,-15.514023258827361,-5.755035917202611,-9.574712984170045,-10.976979011246714,50703436.419056505,-25249759.205918606,-2016674.7423105638,-30200.631943850596,AA,0,0,26692.046924081496,27658.771771387546,19311.50482597996,120000.0,Lined Rock,135.20962596339757,44829.0,-8201728.358758407,1576800.0,907.0556979368348,0,1.2000000000000002,0,1
61,NSW1,Cell 2127,2022,3.427655642644006,135667073.79287344,60,0.3591849403083621,4595.774129746455,-20.092803089760157,-8.903442158413487,-13.273426256263695,-14.991631155631843,57906792.529598966,-23143845.461657465,-2526112.4197666035,-39113.99001473311,AA,0,0,28916.384167754954,29963.66941900317,19311.50482597996,120000.00000000003,Lined Rock,135.20962596339754,48564.0,-9749218.86308974,1576800.0,995.9590624273778,0,1.3,0,1
62,NSW1,Cell 2127,2022,3.1408144218209286,142859441.04245245,60,0.27623920973755156,4595.774129746449,-24.69622112978715,-12.04596358473171,-16.9713644734969,-19.002560113485618,65402556.679224126,-21338973.169012897,-3044365.7796250614,-48075.310465985654,AA,0,0,31140.721411428414,32268.5670666188,19311.50482597996,120000.00000000003,Lined Rock,135.20962596339754,52300.0,-11293905.587176014,1576800.0,1084.8624269178995,0,1.4000000000000001,0,1
63,NSW1,Cell 2127,2022,2.8549615187579964,150051808.2920314,60,0.1907399676088906,4595.774129746449,-29.3199221431904,-15.197816258969796,-20.665882360821396,-23.01137846681775,73129481.53706971,-19770155.704013627,-3567127.452664324,-57076.115105410645,AA,0,0,33365.058655101864,34573.464714234426,19311.50482597996,120000.0,Lined Rock,135.20962596339757,56036.0,-12836366.054913426,1576800.0,1173.7657914081356,0,1.5,0,1
64,VIC1,Cell 36,2022,5.29447518363528,38816614.062977724,60,1.0,5277.1997044438585,37.67256147114708,28.072537858610772,41.35572198217062,45.24923001004716,0.0,-90315171.99979427,0.0,73335.91966383296,AA,0,0,0.0,0.0,16817.880553390914,119999.99999999999,Lined Rock,135.20962596339757,17115.0,6644724.866697726,1576800.0,29017.10577059579,0,0.0,0,1
65,VIC1,Cell 36,2022,5.0813388427987665,44155167.02683726,60,0.9735900685716933,5277.199704443897,33.48726957112828,25.5267558087225,37.20776107189734,40.49887473242289,2385190.004635465,-83218893.39462051,-1.0746794010252358e-09,65188.55143179639,AA,0,0,1936.0386776236644,1143.393664131296,16817.880553390914,120000.0,Lined Rock,135.20962596339757,17115.0,5500184.9780611675,1576800.0,28873.931556184565,0,0.1,0,1
66,VIC1,Cell 36,2022,4.868273928282364,49493719.990696795,60,0.9469131870690887,5277.199704443878,29.29944435483662,22.98281909763696,33.067270358124816,35.74826373603648,4794407.010084704,-76146131.38854678,3.8064229546108663e-10,57036.25167741529,AA,0,0,3872.077355247329,2286.787328262592,16817.880553390914,120000.0,Lined Rock,135.20962596339757,17115.0,4355805.98231254,1576800.0,28421.706650283413,0,0.2,0,1
67,VIC1,Cell 36,2022,4.655286115124471,54832272.95455632,60,0.919676659690278,5277.19970444388,25.10685486786185,20.43603859841296,28.917190144275473,30.997785977052178,7254104.793390479,-69124116.09543703,4.3183567832727476e-10,48874.67747610439,AA,0,0,5808.116032870994,3430.180992393888,16817.880553390914,119999.99999999994,Lined Rock,135.20962596339763,17115.0,3211600.662881194,1576800.0,28164.619027068104,0,0.30000000000000004,0,1
68,VIC1,Cell 36,2022,4.442373410487074,60170825.91841585,60,0.8922682870110749,5277.199704443875,20.912827853126604,17.887620397559544,24.772015949353555,26.24737534854307,9729266.33450263,-62117698.54916554,-6.143863195973154e-11,40710.30488741979,AA,0,0,7744.154710494658,4573.574656525184,16817.880553390914,119999.99999999994,Lined Rock,135.20962596339763,17115.0,2067564.5307571571,1576800.0,28508.079966950296,0,0.4,0,1
69,VIC1,Cell 36,2022,4.229538079077402,65509378.88227539,60,0.8644676544689651,5277.199704443876,16.715391753188392,15.35228460231035,20.62717703510895,21.496972111432658,12239791.342885537,-55146659.22302004,-1.232281388041656e-09,32539.295946206734,AA,0,0,9680.193388118321,5716.96832065648,16817.880553390914,120000.0,Lined Rock,135.20962596339757,17115.0,923702.6873552332,1576800.0,28613.5007717811,0,0.5,0,1
70,VIC1,Cell 36,2022,4.0168046342475,70847931.8461349,60,0.8362116832061671,5277.199704443873,12.514157601518047,12.817993400563976,16.48484827681017,16.74677747579142,14791442.007553658,-48217161.91113562,-1.8040471339020314e-09,24360.893464288467,AA,0,0,11616.232065741988,6860.361984787776,16817.880553390914,119999.99999999971,Lined Rock,135.20962596339777,17115.0,-219929.64924814456,1576800.0,28787.62867331045,0,0.6000000000000001,0,1
71,VIC1,Cell 36,2022,3.804643981664851,76186484.80999443,60,0.8074845411950013,5277.199704443858,8.343771725083764,10.284538161337172,12.367998132211156,12.038766354599172,17387326.565577123,-41416094.65156837,-75239.3493887136,16242.542291496393,AA,0,0,13552.27074336565,8003.755648919072,16817.880553390914,119999.99999999971,Lined Rock,135.20962596339777,17313.0,-1362271.7304008543,1576800.0,28813.919472318747,0,0.7000000000000001,0,1
72,VIC1,Cell 36,2022,3.595105493178525,81525037.773854,60,0.7770620796132602,5277.199704443856,4.346777599031963,7.781290217099493,8.432567858171705,7.55700279719375,20138242.76633213,-35221637.716479085,-595647.0817212585,8461.727059448887,AA,0,0,15488.309420989315,9147.149313050368,16817.880553390914,120000.0,Lined Rock,135.20962596339757,19786.0,-2498707.1996291676,1576800.0,29149.109142609177,0,0.8,0,1
73,VIC1,Cell 36,2022,3.3888027071387046,86863590.73771353,60,0.7423045895674403,5277.199704443858,0.4643885632695637,5.322893467880084,4.6401694545658225,3.258289334483104,23280506.690873824,-29783887.22582747,-1486051.2967182405,904.009736498084,AA,0,0,17424.34809861298,10290.542977181663,16817.880553390914,119999.9999999998,Lined Rock,135.20962596339774,22259.0,-3627854.0179751185,1576800.0,29243.157935420244,0,0.9,0,1
74,VIC1,Cell 36,2022,3.185783278816879,92202143.70157306,60,0.7015471840338401,5277.199704443867,-3.368102228736583,2.9096076546573064,0.9463865589588367,-0.9175297737839851,26965541.733705617,-25134198.762436457,-2621827.2710030815,-6556.572338607214,AA,0,0,19360.386776236643,11433.93664131296,16817.880553390914,119999.99999999981,Lined Rock,135.2096259633977,24733.0,-4749604.838535733,1576800.0,29311.597992067414,0,1.0,0,1
75,VIC1,Cell 36,2022,2.991977399606755,97540696.6654326,60,0.6435985229196943,5277.199704443855,-7.147955913629127,0.5745203418439925,-2.567972772859526,-4.84947133798648,32207960.22700093,-22528660.97923181,-4235519.354588314,-13914.687511864699,AA,0,0,21296.42545386031,12577.330305444257,16817.880553390914,120000.0,Lined Rock,135.20962596339757,27206.0,-5850601.48161159,1576800.0,29270.54715007247,0,1.1,0,1
76,VIC1,Cell 36,2022,2.7997384873238853,102879249.62929213,60,0.5825866072800941,5277.199704443854,-10.913314909894675,-1.752315991048686,-6.032437712109396,-8.732298743601342,37723695.33886103,-20294469.188340805,-5961000.119666013,-21244.5863579283,AA,0,0,23232.464131483976,13720.723969575552,16817.880553390914,119999.99999999965,Lined Rock,135.2096259633978,29679.0,-6948068.419757602,1576800.0,29103.705385261237,0,1.2000000000000002,0,1
77,VIC1,Cell 36,2022,2.6087485608284213,108217802.59315164,60,0.5189270203376535,5277.19970444385,-14.673504428328625,-4.056175381605902,-9.46849886168999,-12.581183890727111,43478512.03397778,-18367106.010055076,-7755947.592355496,-28564.421953813053,AA,0,0,25168.502809107635,14864.117633706848,16817.880553390914,119999.99999999978,Lined Rock,135.20962596339777,32152.0,-8042721.928204201,1576800.0,29272.345365721958,0,1.3,0,1
78,VIC1,Cell 36,2022,2.418868740127919,113556355.5570112,60,0.4526870455285689,5277.199704443851,-18.437159999877316,-6.345362488720146,-12.878966869658063,-16.407222834988076,49466170.96181931,-16718184.928643033,-9597951.649018092,-35891.00479976117,AA,0,0,27104.5414867313,16007.511297838144,16817.880553390914,119999.99999999983,Lined Rock,135.20962596339768,34625.0,-9134874.844054388,1576800.0,29542.759018647597,0,1.4000000000000001,0,1
79,VIC1,Cell 36,2022,2.2298471258828174,118894908.5208707,60,0.3850171246322101,5277.199704443861,-22.20007225185711,-8.624257835991934,-16.27479818700724,-20.217269900448194,55583995.9355846,-15231348.87352556,-11470768.001535553,-43216.14065028184,AA,0,0,29040.580164354964,17150.904961969438,16817.880553390914,119999.9999999996,Lined Rock,135.20962596339785,37099.0,-10225094.588563317,1576800.0,29563.45682873301,0,1.5,0,1
