,Batch,Total_production,Total_CO2,Total_sell,Total_purchase,Total_grid_cost,Marginal_cost,EI_MEF,EI_GCO,EI_L,RECs,New_EI_GCO,New_RECs,Time,Year,EI_MEF>0,EI_GCO>0
0,1,4085.406273,95506.70797,0,-115488.9664,4233.851563,0.770527183,23.37753007,18.59286394,20.63612278,-93.77704069,18.59286394,0,1/01/2015,2015,23.37753007,18.59286394
1,2,4134.778332,125780.7633,0,-193054.3692,7609.203249,1.310095913,30.42019504,30.70919636,34.08397698,-156.7601478,30.70919636,0,2/01/2015,2015,30.42019504,30.70919636
2,3,3892.049359,91524.93249,0,-132467.9723,4997.69324,0.936797019,23.51587147,22.38585041,24.84593869,-107.5639935,22.38585041,0,3/01/2015,2015,23.51587147,22.38585041
3,4,3685.101194,13531.51929,12433.37184,-31026.67894,-145.736882,0.048457991,3.671953245,2.804763163,3.683240559,-12.76029145,2.804763163,0,4/01/2015,2015,3.671953245,2.804763163
4,5,2935.868445,13655.54929,19148.30927,-41604.51698,771.8819716,0.25145259,4.651281058,4.03764427,5.583707834,-14.63455852,4.03764427,0,5/01/2015,2015,4.651281058,4.03764427
5,6,2997.958801,47119.63764,13515.99326,-85258.26536,2448.580197,0.623153768,15.71723988,15.05294593,17.46917223,-55.71371821,15.05294593,0,6/01/2015,2015,15.71723988,15.05294593
6,7,2768.837597,57238.34938,1727.915011,-70212.92421,3058.439518,0.8163378,20.67233898,16.17315273,18.05597294,-55.28497944,16.17315273,0,7/01/2015,2015,20.67233898,16.17315273
7,8,4608.474078,-32295.94245,67558.23978,-15296.29501,343.7524774,0.125061334,-7.007947078,-9.691167685,-8.278492844,55.13764823,0,55.13764823,8/01/2015,2015,0,0
8,9,4803.593603,-14727.42996,27595.63665,-2504.268297,-161.7194259,0.052405139,-3.065919222,-4.310389273,-3.813124175,25.56217079,0,25.56217079,9/01/2015,2015,0,0
9,10,4537.617297,-4582.823994,18397.74474,-11246.04187,365.5025005,0.129060022,-1.009962651,-1.654045743,-1.150547247,9.265958736,0,9.265958736,10/01/2015,2015,0,0
10,11,4737.804189,11625.04851,12044.00401,-27595.28295,1030.681053,0.22100271,2.453678549,1.771775683,2.396138205,-10.36336575,1.771775683,0,11/01/2015,2015,2.453678549,1.771775683
11,12,4227.597652,45368.2476,17985.83737,-70842.14376,2827.181596,0.52382164,10.73144876,7.575405504,9.126957397,-39.53798336,7.575405504,0,12/01/2015,2015,10.73144876,7.575405504
12,13,3808.561167,-74918.97831,176612.2001,-728.8237607,-11197.33287,-1.898183094,-19.67120259,-37.43579632,-33.71217084,176.0203952,0,176.0203952,13/01/2015,2015,0,0
13,14,3942.953117,-62058.79544,114272.9256,-2642.635639,-6549.393724,-1.039790394,-15.73916646,-23.03424684,-20.66727887,112.1271054,0,112.1271054,14/01/2015,2015,0,0
14,15,4893.375592,-78807.88597,105231.7735,-7392.125652,-559.3681673,-0.001718999,-16.10501473,-16.42542783,-14.59584321,99.22936745,0,99.22936745,15/01/2015,2015,0,0
15,16,4583.541622,-30577.8457,44130.32418,-4196.756796,-2543.816221,-0.297475991,-6.671226798,-7.196459511,-6.360039155,40.72255766,0,40.72255766,16/01/2015,2015,0,0
16,17,4500.093745,-4589.754386,29643.93019,-20223.45804,415.7012849,0.136997409,-1.019924172,-2.379997225,-1.52817809,13.22248226,0,13.22248226,17/01/2015,2015,0,0
17,18,3298.294537,-12491.65921,15888.47002,0,-101.9777102,0.054249453,-3.787308583,-3.901913724,-3.516539529,15.88847002,0,15.88847002,18/01/2015,2015,0,0
18,19,2034.6282,37334.24397,5580.269322,-60398.9643,2242.728898,0.81478488,18.34941832,17.3032049,19.66828501,-43.46368969,17.3032049,0,19/01/2015,2015,18.34941832,17.3032049
19,20,2323.654763,53986.41897,0,-79370.76122,3192.98171,0.997228542,23.23340791,22.46621912,24.93513951,-64.44905811,22.46621912,0,20/01/2015,2015,23.23340791,22.46621912
20,21,3213.515295,67096.74299,0,-93407.70405,3721.408976,0.852214261,20.8795468,19.11804036,21.21901335,-75.84705569,19.11804036,0,21/01/2015,2015,20.8795468,19.11804036
21,22,2731.510243,54625.97531,5912.752693,-86815.15135,2983.025723,0.80793911,19.99845157,19.15084587,21.62128118,-64.5811502,19.15084587,0,22/01/2015,2015,19.99845157,19.15084587
22,23,4327.98133,35885.24066,18910.73586,-69523.08022,2517.046026,0.465318836,8.291449967,7.026144974,8.536776977,-37.54200527,7.026144974,0,23/01/2015,2015,8.291449967,7.026144974
23,24,3579.135977,32671.32265,11911.44939,-49350.69921,-8196.64468,-1.461992125,9.128270863,6.3732331,7.63610339,-28.16131836,6.3732331,0,24/01/2015,2015,9.128270863,6.3732331
24,25,2034.635791,48588.62695,0,-70514.38405,2874.846229,1.023291094,23.88074916,22.79460574,25.29961411,-57.25767985,22.79460574,0,25/01/2015,2015,23.88074916,22.79460574
25,26,4499.3749,-63555.44684,114376.19,0,-2283.01057,-0.265541051,-14.12539481,-20.59057447,-18.55693748,114.37619,0,114.37619,26/01/2015,2015,0,0
26,27,4689.484943,-128236.728,183890.1014,0,-6826.395294,-0.901967281,-27.34558902,-31.76275945,-28.62569679,183.8901014,0,183.8901014,27/01/2015,2015,0,0
27,28,4865.693554,-126584.532,157243.1488,0,-569.1091844,-0.003499081,-26.01572223,-26.17652532,-23.59118949,157.2431488,0,157.2431488,28/01/2015,2015,0,0
28,29,4893.375592,-119716.5683,160098.2772,0,-665.7896101,-0.016315015,-24.46502747,-26.50105272,-23.8836648,160.0982772,0,160.0982772,29/01/2015,2015,0,0
29,30,4893.375592,-61772.19811,75064.71087,0,-317.0899155,0.03151018,-12.62363719,-12.42545451,-11.19824912,75.06471087,0,75.06471087,30/01/2015,2015,0,0
30,31,4893.375592,-30669.85669,37532.35544,0,-184.1386087,0.049744845,-6.267627757,-6.212727253,-5.599124562,37.53235544,0,37.53235544,31/01/2015,2015,0,0
31,32,4893.375592,-102544.2717,142277.3842,0,-427.495343,0.016367749,-20.95573285,-23.55116199,-21.2251213,142.2773842,0,142.2773842,1/02/2015,2015,0,0
32,33,4689.484943,-123778.8676,149237.7642,0,-1541.976628,-0.145681729,-26.39498136,-25.77737012,-23.23145702,149.2377642,0,149.2377642,2/02/2015,2015,0,0
33,34,4893.375592,-60404.87668,86772.09936,-4901.625439,-203.008684,0.047156758,-12.34421424,-13.70454855,-12.21354152,82.7919795,0,82.7919795,3/02/2015,2015,0,0
34,35,4827.522927,-56518.08344,84674.16257,-3236.632705,-310.6631957,0.031810399,-11.70747075,-13.76632998,-12.31467933,82.04601682,0,82.04601682,4/02/2015,2015,0,0
35,36,4689.484943,-107976.2697,138951.8477,0,-6702.601769,-0.88425043,-23.02518743,-24.00071606,-21.63027497,138.9518477,0,138.9518477,5/02/2015,2015,0,0
36,37,4376.543047,-16167.98432,44228.85169,-21033.75515,752.3227701,0.190368364,-3.694236328,-5.024753143,-3.868902989,27.14944251,0,27.14944251,6/02/2015,2015,0,0
37,38,4364.096842,-75056.72805,100417.7312,-9496.682186,-2181.319875,-0.260458429,-17.19868527,-17.20681443,-15.20872891,92.7064253,0,92.7064253,7/02/2015,2015,0,0
38,39,4893.375592,-133434.248,176336.0117,0,-815.0868752,-0.036791576,-27.26834381,-29.18888337,-26.30603069,176.3360117,0,176.3360117,8/02/2015,2015,0,0
39,40,2964.887907,4513.398356,9494.217356,-17696.53157,-8912.591166,-1.942480929,1.522282966,1.331937937,2.019533136,-4.875366275,1.331937937,0,9/02/2015,2015,1.522282966,1.331937937
40,41,4372.125746,-24103.13585,39880.16266,-10257.36157,231.4782491,0.110532951,-5.512910022,-5.845316761,-4.946025356,31.55118507,0,31.55118507,10/02/2015,2015,0,0
41,42,4769.342245,-37910.63484,55974.91891,-9429.713521,110.860429,0.090600259,-7.948818285,-8.206073527,-7.124252819,48.31799153,0,48.31799153,11/02/2015,2015,0,0
42,43,3948.1631,36732.5653,589.6561723,-51577.49409,2016.77414,0.417827704,9.3037102,8.471262982,9.427452904,-41.29126903,8.471262982,0,12/02/2015,2015,9.3037102,8.471262982
43,44,3357.391854,35387.29354,0,-50938.02475,1976.216529,0.470044688,10.5401142,9.97886428,11.07548945,-41.3616761,9.97886428,0,13/02/2015,2015,10.5401142,9.97886428
44,45,2920.824384,89008.23325,0,-115592.6592,3955.000407,0.983771751,30.47366824,26.0295019,28.89000849,-93.86123931,26.0295019,0,14/02/2015,2015,30.47366824,26.0295019
45,46,3795.548646,70354.60209,0,-94320.01637,3860.539134,0.757632764,18.5360823,16.34445161,18.14062165,-76.58785329,16.34445161,0,15/02/2015,2015,18.5360823,16.34445161
46,47,3878.485836,21043.02532,28608.30589,-51274.40648,2066.11259,0.432524251,5.425577457,2.720513959,4.26616317,-13.02651217,2.720513959,0,16/02/2015,2015,5.425577457,2.720513959
47,48,3500,31825.71347,0,-62529.54744,2471.210853,0.548865935,9.093060992,11.75055255,13.04187704,-50.77399252,11.75055255,0,17/02/2015,2015,9.093060992,11.75055255
48,49,3817.060441,64910.03093,0,-112507.7801,4400.829448,0.848783087,17.00524054,19.38628385,21.5167354,-91.35631747,19.38628385,0,18/02/2015,2015,17.00524054,19.38628385
49,50,2101.632871,30387.16072,9920.566884,-67184.63307,2116.363538,0.750845069,14.45883396,17.20234689,19.89061405,-44.63335517,17.20234689,0,19/02/2015,2015,14.45883396,17.20234689
50,51,2943.018226,73922.65507,0,-117255.6735,4863.480579,1.184093004,25.11797393,26.20486712,29.08464544,-95.21160685,26.20486712,0,20/02/2015,2015,25.11797393,26.20486712
51,52,3545.678847,131388.5214,0,-166150.1012,6135.843608,1.236418172,37.05595657,30.82068322,34.20771567,-134.9138821,30.82068322,0,21/02/2015,2015,37.05595657,30.82068322
52,53,3918.08187,-48183.87758,90232.08335,-28899.72332,-22282.48563,-3.741839167,-12.29782306,-13.80268797,-11.42717899,66.76550801,0,66.76550801,22/02/2015,2015,0,0
53,54,4893.375592,-73146.45559,105090.5952,0,-432.8411885,0.01563455,-14.94805666,-17.39563631,-15.67754877,105.0905952,0,105.0905952,23/02/2015,2015,0,0
54,55,4893.375592,-55601.70828,61720.28402,-296.7851499,-509.1152717,0.005173334,-11.3626488,-10.17666181,-9.163235752,61.47929448,0,61.47929448,24/02/2015,2015,0,0
55,56,4106.39817,-55284.20897,69631.07814,-3627.282893,-1207.802895,-0.122400724,-13.46294409,-13.15396962,-11.73358465,66.68572443,0,66.68572443,25/02/2015,2015,0,0
56,57,3117.183106,-48785.50436,84196.45466,-22659.89177,-4574.449123,-0.909895651,-15.65050968,-17.09725173,-14.41098883,65.79662254,0,65.79662254,26/02/2015,2015,0,0
57,58,2919.812058,-36765.81544,50712.23308,0,-1403.292777,-0.247557485,-12.59184314,-14.06834001,-12.67887433,50.71223308,0,50.71223308,27/02/2015,2015,0,0
58,59,4239.371818,-84979.99983,127631.907,-5923.736372,-4280.886913,-0.602713253,-20.04542264,-23.4670817,-20.95757778,122.8218331,0,122.8218331,28/02/2015,2015,0,0
59,60,3672.349492,-58638.56648,80347.24508,0,-4914.219579,-0.823099147,-15.96758876,-17.72197027,-15.97165222,80.34724508,0,80.34724508,1/03/2015,2015,0,0
60,61,4182.720585,-69467.825,104729.6953,-27459.78781,-1587.72786,-0.179759826,-16.60828726,-15.96334256,-13.48572808,82.43234755,0,82.43234755,2/03/2015,2015,0,0
61,62,4859.447069,-97619.96697,118144.7154,0,-515.8284791,0.003758642,-20.08869849,-19.69302642,-17.74803615,118.1447154,0,118.1447154,3/03/2015,2015,0,0
62,63,4689.484943,-86217.27163,100962.009,0,-3070.398033,-0.364423486,-18.38523264,-17.4388506,-15.71649498,100.962009,0,100.962009,4/03/2015,2015,0,0
63,64,4491.333719,-23544.35217,54512.21077,-31029.07224,-14107.55842,-2.033095413,-5.24217385,-5.287170986,-3.816837536,29.31660411,0,29.31660411,5/03/2015,2015,0,0
64,65,4883.605682,-46997.47202,59078.64383,-2029.776296,-220.9247977,0.044638893,-9.62351899,-9.525477704,-8.527648629,57.43046548,0,57.43046548,6/03/2015,2015,0,0
65,66,4689.484943,-85973.87127,119310.9902,-1097.314976,-3463.715164,-0.420713512,-18.33332921,-20.45430942,-18.40201727,118.4199704,0,118.4199704,7/03/2015,2015,0,0
66,67,4586.585266,-118539.9015,161378.0991,0,-25119.19631,-3.600614872,-25.84491394,-28.49969045,-25.68490621,161.3780991,0,161.3780991,8/03/2015,2015,0,0
67,68,4267.31867,-103311.5114,142035.1565,0,-28152.69008,-4.352703749,-24.20993588,-26.96036684,-24.29761456,142.0351565,0,142.0351565,9/03/2015,2015,0,0
68,69,4893.375592,-112043.2313,141936.2678,-5650.267003,-1306.922095,-0.104248232,-22.89692038,-22.73524303,-20.33131909,137.348251,0,137.348251,10/03/2015,2015,0,0
69,70,4689.484943,-120346.9097,161621.4737,0,-2235.739572,-0.244970397,-25.66314022,-27.91636934,-25.15919706,161.6214737,0,161.6214737,11/03/2015,2015,0,0
70,71,4189.646847,-45955.25457,75766.36179,0,-2543.239129,-0.332402333,-10.96876569,-14.64819239,-13.20145734,75.76636179,0,75.76636179,12/03/2015,2015,0,0
71,72,4587.762552,-9359.178236,40820.31403,-16968.75629,-482.2557057,0.004451112,-2.040031089,-4.774389199,-3.795235031,27.04168392,0,27.04168392,13/03/2015,2015,0,0
72,73,3900.57034,10158.8857,39285.23073,-62273.24551,-947.3363687,-0.088000835,2.604461609,2.342560536,4.302255652,-11.28064462,2.342560536,0,14/03/2015,2015,2.604461609,2.342560536
73,74,1799.428772,29617.57779,0,-45467.03556,1904.374471,0.785283003,16.45943326,16.61892879,18.44526245,-36.91923288,16.61892879,0,15/03/2015,2015,16.45943326,16.61892879
74,75,3576.409022,103948.5884,0,-142252.9158,5008.210204,1.014829556,29.06507276,26.16104232,29.03600452,-115.5093676,26.16104232,0,16/03/2015,2015,29.06507276,26.16104232
75,76,2800.03053,83712.24996,0,-115608.8987,4330.251337,1.112920451,29.89690615,27.15623421,30.14056281,-93.87442575,27.15623421,0,17/03/2015,2015,29.89690615,27.15623421
76,77,3636.858593,50489.16327,13143.0734,-87291.31471,2231.77603,0.486848914,13.88263029,12.85927205,14.88323364,-57.73747415,12.85927205,0,18/03/2015,2015,13.88263029,12.85927205
77,78,4623.673971,-72373.12374,105159.6683,-8817.347275,-2995.526818,-0.359810217,-15.65273075,-17.16816241,-15.21082472,97.99998231,0,97.99998231,19/03/2015,2015,0,0
78,79,4890.029597,-68525.22135,102460.1391,0,-475.1933827,0.009781226,-14.01325288,-16.97182216,-15.29559281,102.4601391,0,102.4601391,20/03/2015,2015,0,0
79,80,4687.346358,-35892.67869,57014.69821,-9207.945553,-205.5394689,0.045570566,-7.657355773,-8.560420447,-7.445348984,49.53784643,0,49.53784643,21/03/2015,2015,0,0
80,81,2962.983147,-43009.97676,74088.39941,0,-4141.168835,-0.863010041,-14.51576827,-20.25377822,-18.25340506,74.08839941,0,74.08839941,22/03/2015,2015,0,0
81,82,2301.496767,-8648.981843,33494.44205,-10544.30767,-3268.431541,-0.878109406,-3.757981314,-8.774853089,-7.279435858,24.93246421,0,24.93246421,23/03/2015,2015,0,0
82,83,1975.285149,20095.57872,0,-39317.7534,1591.897186,0.615877541,10.17350773,13.09181754,14.53054006,-31.92601576,13.09181754,0,24/03/2015,2015,10.17350773,13.09181754
83,84,3335.328042,32948.58079,17308.54913,-71186.23525,145.7703184,0.104332176,9.878662722,9.834320776,11.79215669,-40.4946739,9.834320776,0,25/03/2015,2015,9.878662722,9.834320776
84,85,3987.571347,-18521.77421,52570.74221,-5009.911421,-1247.136011,-0.134903212,-4.644875939,-9.852408604,-8.706905395,48.50269414,0,48.50269414,26/03/2015,2015,0,0
85,86,2342.604169,57627.12629,0,-82016.08941,2099.189544,0.676404224,24.59960034,23.02720325,25.55777287,-66.5970646,23.02720325,0,27/03/2015,2015,24.59960034,23.02720325
86,87,3074.568206,88505.84821,3587.901865,-151961.3142,3666.051211,0.875254504,28.78643187,31.56273939,35.22855364,-119.8046852,31.56273939,0,28/03/2015,2015,28.78643187,31.56273939
87,88,2620.623671,105622.6306,0,-133224.6055,4833.674197,1.312902518,40.30438699,33.4365016,37.11099886,-108.1783797,33.4365016,0,29/03/2015,2015,40.30438699,33.4365016
88,89,3556.195724,122129.3822,0,-164137.0005,5615.629757,1.134806412,34.34270542,30.35721213,33.69331152,-133.2792444,30.35721213,0,30/03/2015,2015,34.34270542,30.35721213
89,90,4703.184747,26944.59281,14226.83181,-71907.97345,2413.277339,0.419372868,5.729010077,7.605820409,8.95291928,-44.16244264,7.605820409,0,31/03/2015,2015,5.729010077,7.605820409
90,91,4639.904645,504.4695668,27017.95103,-29312.56654,404.9302392,0.133571303,0.108724124,-0.561450992,0.361013739,3.216146997,0,3.216146997,1/04/2015,2015,0.108724124,0
91,92,4738.45499,41529.61907,0,-69184.11881,1966.839088,0.35357735,8.764379772,9.603083436,10.65841225,-56.17750448,9.603083436,0,2/04/2015,2015,8.764379772,9.603083436
92,93,4569.693632,37359.52588,0,-57909.95329,1480.542632,0.292444068,8.175499035,8.335030211,9.25100659,-47.02288207,8.335030211,0,3/04/2015,2015,8.175499035,8.335030211
93,94,4111.671949,48286.31088,0,-55805.90771,1983.408555,0.39874827,11.74371678,8.926943121,9.907967643,-45.31439706,8.926943121,0,4/04/2015,2015,11.74371678,8.926943121
94,95,3580.433816,61541.27254,1327.991134,-92875.90458,3872.827958,0.800949292,17.18821677,16.76072516,18.66532947,-74.08724339,16.76072516,0,5/04/2015,2015,17.18821677,16.76072516
95,96,1848.148272,29712.72444,2060.938415,-50500.93682,2134.509872,0.850130969,16.07702417,17.06903961,19.13331272,-38.94582229,17.06903961,0,6/04/2015,2015,16.07702417,17.06903961
96,97,4076.086208,-29878.49297,124563.9662,-34307.74244,-9100.321977,-1.423397809,-7.330191621,-19.21743562,-16.16429094,96.70607938,0,96.70607938,7/04/2015,2015,0,0
97,98,3794.061877,-69293.22221,115678.2434,-3633.532558,-6525.990095,-1.079398443,-18.26359834,-24.06643146,-21.55806668,112.727815,0,112.727815,8/04/2015,2015,0,0
98,99,4281.703643,-60290.8999,105058.2007,-5089.040444,-15013.61988,-2.27832844,-14.08105393,-19.09286248,-17.04403038,100.9258998,0,100.9258998,9/04/2015,2015,0,0
99,100,3228.566989,10701.07257,17411.76509,-48987.81462,-8368.88639,-1.664688937,3.314496061,5.611386034,7.139550221,-22.36634039,5.611386034,0,10/04/2015,2015,3.314496061,5.611386034
100,101,3036.890213,44522.85566,0,-132190.3968,2591.473588,0.647705596,14.66067343,28.62937468,31.77559374,-107.3386022,28.62937468,0,11/04/2015,2015,14.66067343,28.62937468
101,102,3093.487294,90429.74594,5942.072834,-158429.9356,4422.499656,1.034473983,29.23229913,32.1286137,35.98403008,-122.7030349,32.1286137,0,12/04/2015,2015,29.23229913,32.1286137
102,103,2923.344076,22567.74869,22347.62094,-61897.71838,1351.171376,0.385201743,7.719840054,7.734222789,9.876213809,-27.91332638,7.734222789,0,13/04/2015,2015,7.719840054,7.734222789
103,104,4395.603754,-40107.82717,67228.83035,-8769.290107,-1846.049302,-0.206863274,-9.124532012,-11.07643405,-9.708669562,60.10816678,0,60.10816678,14/04/2015,2015,0,0
104,105,4322.107674,-38023.36248,73703.79787,-36411.37887,-15830.67603,-2.383202244,-8.797412131,-8.271793964,-6.298655177,44.13775823,0,44.13775823,15/04/2015,2015,0,0
105,106,3331.764196,-4427.760743,60428.58264,-71948.37321,1654.615137,0.408300886,-1.328953816,-0.487810006,2.524022295,2.006503596,0,2.006503596,16/04/2015,2015,0,0
106,107,2099.713716,98485.29011,1021.790021,-115263.6373,4622.062124,1.552370507,46.90415143,35.71132056,39.71805674,-92.57228348,35.71132056,0,17/04/2015,2015,46.90415143,35.71132056
107,108,1901.397355,67182.96215,3137.448037,-103259.0437,3250.848671,1.222460117,35.33346776,34.3821901,38.43950063,-80.70889546,34.3821901,0,18/04/2015,2015,35.33346776,34.3821901
108,109,1839.615177,48127.64934,11216.65834,-78848.75954,-1464.260119,-0.459201351,26.16180272,23.25209827,26.83791398,-52.8085344,23.25209827,0,19/04/2015,2015,26.16180272,23.25209827
109,110,2303.161632,101882.1522,6523.200912,-123992.4575,1165.654655,0.414671584,44.23578042,33.11470865,37.23253988,-94.15867458,33.11470865,0,20/04/2015,2015,44.23578042,33.11470865
110,111,2653.823467,85994.83694,27409.4125,-121173.7516,-255.1904323,0.010463399,32.40412862,21.66563695,25.79220825,-70.98367377,21.66563695,0,21/04/2015,2015,32.40412862,21.66563695
111,112,2137.745391,53057.31419,8998.58802,-65777.99072,-2914.647404,-0.840047791,24.81928597,16.82831075,19.38910225,-44.41314045,16.82831075,0,22/04/2015,2015,24.81928597,16.82831075
112,113,2825.530558,15545.38493,62704.33002,-71477.93005,-3250.078916,-0.696982809,5.501757849,-1.337109292,2.266734651,4.664250818,0,4.664250818,23/04/2015,2015,5.501757849,0
113,114,3477.135458,55013.60128,7214.10129,-91932.44244,1760.073558,0.414721428,15.82152952,15.70901815,17.78601662,-67.43504197,15.70901815,0,24/04/2015,2015,15.82152952,15.70901815
114,115,3926.077635,33647.83274,25911.9132,-65264.9247,1000.946278,0.246106149,8.570343195,5.58761151,7.317149854,-27.08320566,5.58761151,0,25/04/2015,2015,8.570343195,5.58761151
115,116,3604.822355,56626.72026,9612.103862,-97208.87173,850.943286,0.233427468,15.70860217,15.57647214,17.73891589,-69.32149998,15.57647214,0,26/04/2015,2015,15.70860217,15.57647214
116,117,3664.924096,47268.29383,27961.03513,-81626.08555,-723.4824073,-0.057488054,12.89748235,8.469116883,10.68930373,-38.31934634,8.469116883,0,27/04/2015,2015,12.89748235,8.469116883
117,118,3931.096564,-52389.32799,127547.8117,-5520.25714,-6601.559038,-1.052058688,-13.32689929,-25.35754142,-22.6603731,123.0653629,0,123.0653629,28/04/2015,2015,0,0
118,119,3565.981039,-18530.52423,89571.29205,-24270.38785,-7619.38308,-1.359017698,-5.19647301,-15.86930117,-13.36789499,69.86373712,0,69.86373712,29/04/2015,2015,0,0
119,120,3267.335499,33411.58262,7506.471087,-59995.18628,1607.806815,0.405258395,10.22594179,10.21621206,11.72721996,-41.20962017,10.21621206,0,30/04/2015,2015,10.22594179,10.21621206
120,121,4350.351563,156587.5419,0,-211817.2643,8561.98193,1.395880971,35.99422704,32.0241822,35.54347291,-171.9956186,32.0241822,0,1/05/2015,2015,35.99422704,32.0241822
121,122,4525.753458,66706.9673,24782.83128,-118624.7677,2896.600558,0.504547751,14.73941696,12.80400919,15.13662073,-71.5404801,12.80400919,0,2/05/2015,2015,14.73941696,12.80400919
122,123,3494.379063,43718.78243,1984.079271,-60304.43848,2023.496937,0.4636389,12.51117341,10.89072776,12.18352716,-46.98312478,10.89072776,0,3/05/2015,2015,12.51117341,10.89072776
123,124,3627.897769,44624.0392,25901.4436,-78753.65734,1725.81838,0.394266816,12.30024715,8.494640188,10.63484102,-38.04652616,8.494640188,0,4/05/2015,2015,12.30024715,8.494640188
124,125,2271.105109,54163.98224,0,-102248.4324,4197.928311,1.315542122,23.84917459,29.6115044,32.8656544,-83.02572707,29.6115044,0,5/05/2015,2015,23.84917459,29.6115044
125,126,3301.17028,35139.84814,3175.897708,-77701.78417,1296.787937,0.338642103,10.64466391,14.70191969,16.48018506,-59.91795104,14.70191969,0,6/05/2015,2015,10.64466391,14.70191969
126,127,2696.567295,50704.25245,13379.32978,-77881.55369,1433.343074,0.431740668,18.8032587,14.97718913,17.46169048,-49.86049182,14.97718913,0,7/05/2015,2015,18.8032587,14.97718913
127,128,3780.883839,-76819.11188,144028.4276,-17124.3281,-6014.985967,-0.992714192,-20.31776567,-27.87708317,-24.50220545,130.1234731,0,130.1234731,8/05/2015,2015,0,0
128,129,4689.484943,-101487.2525,131032.0822,0,-2016.401999,-0.213579652,-21.6414497,-22.63275986,-20.39742556,131.0320822,0,131.0320822,9/05/2015,2015,0,0
129,130,3873.922344,-115223.8683,172555.1902,-2622.967916,-21011.8931,-3.565223119,-29.74346361,-35.63430377,-32.02194346,170.4253402,0,170.4253402,10/05/2015,2015,0,0
130,131,3888.068961,-43095.37411,92394.14875,-11117.10828,-2962.665059,-0.436401889,-11.08400457,-17.36782879,-15.26007901,83.36705682,0,83.36705682,11/05/2015,2015,0,0
131,132,3652.804056,-121481.403,195293.9038,-1548.796079,-29279.89724,-5.304685699,-33.25702698,-43.02705142,-38.71927607,194.0362814,0,194.0362814,12/05/2015,2015,0,0
132,133,4689.484943,-85233.67755,127638.9423,-947.5891,-2987.482783,-0.352556976,-18.17548805,-21.9137701,-19.72171548,126.8694999,0,126.8694999,13/05/2015,2015,0,0
133,134,4689.484943,-32765.66894,72048.64867,-2856.450755,-20996.08605,-2.929878594,-6.987050676,-12.04410747,-10.77097061,69.72921066,0,69.72921066,14/05/2015,2015,0,0
134,135,4619.685306,-19177.87993,49481.53526,-2258.362633,-1328.730955,-0.118036037,-4.151339032,-8.354394451,-7.462178423,47.6477448,0,47.6477448,15/05/2015,2015,0,0
135,136,4689.484943,-30454.19039,73754.08718,-4799.460925,-1943.995812,-0.203217159,-6.494143976,-12.06616715,-10.73398844,69.85692491,0,69.85692491,16/05/2015,2015,0,0
136,137,3058.359745,-109717.0224,185389.7483,-1251.527529,-23351.69755,-5.049407048,-35.87446592,-48.830927,-43.95195869,184.373508,0,184.373508,17/05/2015,2015,0,0
137,138,3997.704852,-74497.63541,129321.9825,-655.5907728,-16030.11664,-2.616161039,-18.63510143,-26.09487557,-23.49509768,128.7896428,0,128.7896428,18/05/2015,2015,0,0
138,139,4033.10479,-46584.54502,101246.4853,-11642.54228,-5817.127921,-0.893016677,-11.55054169,-18.43545458,-16.21849215,91.79274094,0,91.79274094,19/05/2015,2015,0,0
139,140,3394.748506,-60759.38836,141512.1923,-23097.56958,-8430.066462,-1.591622054,-17.89805291,-29.29028236,-25.4636461,122.7569658,0,122.7569658,20/05/2015,2015,0,0
140,141,3670.031694,-75132.66835,176907.999,-5207.661527,-23763.89814,-4.270718581,-20.47193992,-38.11146816,-34.15263322,172.6793778,0,172.6793778,21/05/2015,2015,0,0
141,142,3975.39746,-6382.065775,33204.17576,-27922.98062,-1778.320984,-0.225222563,-1.605390615,-2.145667104,-0.969782894,10.5307155,0,10.5307155,22/05/2015,2015,0,0
142,143,3466.141045,66697.65558,1971.131731,-143721.9111,3686.381889,0.788785669,19.24262594,26.81141865,29.85396947,-114.7310601,26.81141865,0,23/05/2015,2015,19.24262594,26.81141865
143,144,3533.858955,92240.93473,15675.83358,-150310.3,-4544.785668,-0.788133408,26.10204196,24.38259886,27.81185151,-106.3761301,24.38259886,0,24/05/2015,2015,26.10204196,24.38259886
144,145,2640.009722,44167.19154,30180.45322,-85766.98963,-147231.39,-37.35403392,16.72993519,12.10771955,15.37046294,-39.46234236,12.10771955,0,25/05/2015,2015,16.72993519,12.10771955
145,146,3037.6024,-6586.349971,91262.32428,-47629.87376,-9983.513498,-2.130800413,-2.168272573,-14.02269174,-10.48579922,52.58686679,0,52.58686679,26/05/2015,2015,0,0
146,147,2916.358179,10568.62528,35440.88655,-68985.23602,-2208.458184,-0.433232052,3.623911958,5.714610589,8.396559549,-20.5751251,5.714610589,0,27/05/2015,2015,3.623911958,5.714610589
147,148,2855.4935,79411.26851,4478.297954,-154226.5444,6436.770017,1.587866297,27.80999799,34.25343514,38.28277664,-120.7536561,34.25343514,0,28/05/2015,2015,27.80999799,34.25343514
148,149,1473.774054,7097.3081,46707.43275,-79073.99254,-5081.34621,-2.23899071,4.815736904,9.618520427,16.03202918,-17.50064919,9.618520427,0,29/05/2015,2015,4.815736904,9.618520427
149,150,3554.86161,-41160.65281,112694.9646,-22419.82751,-50998.28121,-9.553232579,-11.57869344,-21.53021995,-18.53823223,94.49006465,0,94.49006465,30/05/2015,2015,0,0
150,151,2356.710613,-60212.3249,138862.0675,-12155.40904,-32786.95387,-9.262025475,-25.54930782,-44.33442889,-39.24786531,128.9918754,0,128.9918754,31/05/2015,2015,0,0
151,152,1801.775887,-36872.94661,69541.00668,-34016.76686,-38329.80448,-14.2024144,-20.46477971,-18.84513372,-14.39285277,41.91939199,0,41.91939199,1/06/2015,2015,0,0
152,153,1117.549081,2295.330395,35155.60662,-39665.87887,-9290.358768,-5.504298682,2.053896723,-2.135923646,2.946178207,2.946912972,0,2.946912972,2/06/2015,2015,2.053896723,0
153,154,617.8703013,-44659.23417,88866.26407,-9596.55541,-142341.406,-154.5385892,-72.2793021,-106.2841624,-93.65539531,81.07386108,0,81.07386108,3/06/2015,2015,0,0
154,155,1971.002074,-89228.45563,167895.7839,-28709.38084,-80475.62655,-27.3275524,-45.27060463,-59.41792378,-51.55046541,144.5837667,0,144.5837667,4/06/2015,2015,0,0
155,156,4382.902328,-44319.84236,90972.75133,-32469.20975,-31704.72543,-4.779851334,-10.11198495,-11.94009723,-9.744133489,64.60775301,0,64.60775301,5/06/2015,2015,0,0
156,157,3897.765204,-41902.1851,86721.81988,-33206.66113,-2461.45294,-0.348827951,-10.75031022,-12.41839527,-10.02268322,59.75801105,0,59.75801105,6/06/2015,2015,0,0
157,158,3529.993796,-72806.08775,137831.4422,-13430.63915,-69566.68644,-13.15138339,-20.62499028,-29.12465974,-25.72599032,126.9257632,0,126.9257632,7/06/2015,2015,0,0
158,159,3513.257133,-101109.4333,198223.2541,-4866.407909,-40127.40657,-7.590577649,-28.77940029,-44.7903743,-40.17653487,194.2717308,0,194.2717308,8/06/2015,2015,0,0
159,160,4077.812994,-105363.1118,219076.9672,0,-59273.18987,-9.680392021,-25.83814215,-43.51654765,-39.21861702,219.0769672,0,219.0769672,9/06/2015,2015,0,0
160,161,3058.359745,-114510.3131,269950.6047,0,-329766.8296,-72.29059408,-37.44174087,-71.49583701,-64.43451977,269.9506047,0,269.9506047,10/06/2015,2015,0,0
161,162,2242.797146,-147041.7188,330697.0816,0,-93208.31549,-27.81691904,-65.5617558,-119.4332874,-107.6374071,330.6970816,0,330.6970816,11/06/2015,2015,0,0
162,163,3202.684814,-67420.69388,135501.4158,-7204.989567,-14959.66579,-3.059883617,-21.0513047,-32.79038905,-29.24308715,129.6509643,0,129.6509643,12/06/2015,2015,0,0
163,164,2503.302666,22508.64984,16969.7423,-58407.13734,1529.162118,0.48497172,8.99158146,9.855001332,12.08375591,-30.45685322,9.855001332,0,13/06/2015,2015,8.99158146,9.855001332
164,165,552.0971465,-38136.55504,107853.8471,-10731.49408,-90061.91868,-109.4061685,-69.07580537,-145.4513909,-128.4181926,99.13987389,0,99.13987389,14/06/2015,2015,0,0
165,166,1059.800255,-15891.37836,79968.04102,-30929.41771,-73098.81054,-46.21636875,-14.99469197,-41.92414222,-33.77824723,54.85335384,0,54.85335384,15/06/2015,2015,0,0
166,167,2579.135189,-22723.65914,73596.73251,-37526.21269,-17127.91662,-4.382015707,-8.810573106,-13.54392467,-10.20942197,43.12544781,0,43.12544781,16/06/2015,2015,0,0
167,168,3735.317209,-22276.76646,112270.223,-61086.81612,-7619.646476,-1.294055534,-5.96382187,-13.58943755,-10.00286855,62.66772833,0,62.66772833,17/06/2015,2015,0,0
168,169,4077.812994,-63866.44444,173618.9723,-4423.922724,-11249.65668,-1.776508435,-15.66193559,-33.77341368,-30.28887946,170.0267471,0,170.0267471,18/06/2015,2015,0,0
169,170,3687.720768,-32384.39676,82552.14628,-24753.60181,-4553.213993,-0.753655017,-8.781683538,-13.71749725,-11.44146754,62.45222161,0,62.45222161,19/06/2015,2015,0,0
170,171,2720.909438,60527.62981,9877.228158,-138415.0507,3749.438481,0.999838449,22.24536729,30.51839622,34.48575285,-102.515793,30.51839622,0,20/06/2015,2015,22.24536729,30.51839622
171,172,2832.67062,43064.9468,40369.66316,-97322.39027,-12998.93943,-3.004821692,15.20294894,11.05368734,14.67713559,-38.65611773,11.05368734,0,21/06/2015,2015,15.20294894,11.05368734
172,173,3718.101666,48003.27754,17204.58507,-95418.1132,1910.210202,0.419805061,12.91069526,13.13107922,15.35618998,-60.27492285,13.13107922,0,22/06/2015,2015,12.91069526,13.13107922
173,174,3915.727737,109915.4785,7561.427415,-170121.4425,6723.589952,1.227397915,28.07025562,27.01094816,30.30568491,-130.5771839,27.01094816,0,23/06/2015,2015,28.07025562,27.01094816
174,175,4079.124759,101658.3391,12431.42947,-147311.3369,7038.045712,1.232974049,24.92160576,21.2840155,24.13810271,-107.1853761,21.2840155,0,24/06/2015,2015,24.92160576,21.2840155
175,176,2496.532142,-26616.46213,46531.81005,-11251.76482,-3479.293316,-0.860335919,-10.6613737,-12.13293227,-10.31608309,37.39537702,0,37.39537702,25/06/2015,2015,0,0
176,177,3797.878435,34728.57072,6094.760039,-71647.48525,3972.226408,0.776950789,9.144202827,11.10810393,12.60005822,-52.08299799,11.10810393,0,26/06/2015,2015,9.144202827,11.10810393
177,178,3500,77201.04995,7008.693077,-119154.7117,4817.747617,0.998825046,22.05744284,20.76954159,23.39045531,-89.7449328,20.76954159,0,27/06/2015,2015,22.05744284,20.76954159
178,179,3072.309911,28908.69094,39204.14191,-75666.88228,-9872.461485,-2.081622629,9.409431917,5.862776669,8.663774567,-22.2373665,5.862776669,0,28/06/2015,2015,9.409431917,5.862776669
179,180,4171.266483,38041.45831,45844.96261,-104690.784,3865.439521,0.696934543,9.119882047,7.605076985,10.2984189,-39.16395399,7.605076985,0,29/06/2015,2015,9.119882047,7.605076985
180,181,4139.659163,21483.45993,50116.00855,-54932.40667,-891.9107684,-0.069600753,5.189668783,-1.078307231,0.849338192,5.510894332,0,5.510894332,30/06/2015,2015,5.189668783,0
181,182,2988.144097,4526.82423,41233.47003,-45941.07981,-2765.114101,-0.546048121,1.514928358,-1.065123906,1.150063393,3.929313224,0,3.929313224,1/07/2015,2015,1.514928358,0
182,183,2488.341206,-55861.77,98266.55168,-8114.211626,-5217.829879,-1.332322774,-22.44940118,-29.84278338,-26.44782319,91.67781184,0,91.67781184,2/07/2015,2015,0,0
183,184,2546.144432,-81002.28452,158070.867,0,-37430.99767,-9.791476793,-31.81370369,-50.28677896,-45.32018351,158.070867,0,158.070867,3/07/2015,2015,0,0
184,185,4176.139178,-7644.429081,58441.83248,-76544.61551,-1332.073029,-0.139075419,-1.830501512,0.720052679,3.1644136,-3.712395313,0.720052679,0,4/07/2015,2015,0,0.720052679
185,186,2599.29368,2425.252329,118342.2154,-53239.14796,-12083.0071,-3.044847828,0.933042829,-23.40664411,-18.28390521,75.11202727,0,75.11202727,5/07/2015,2015,0.933042829,0
186,187,604.0187503,-31002.73712,105734.0177,-11398.49936,-23544.8919,-26.08634162,-51.32744158,-129.3793169,-114.0112427,96.47843618,0,96.47843618,6/07/2015,2015,0,0
187,188,831.49419,-27069.83055,137024.0828,-4091.036521,-27359.49951,-22.00823333,-32.55564606,-130.2459498,-116.7069174,133.7021611,0,133.7021611,7/07/2015,2015,0,0
188,189,28.89321684,-5745.618905,20282.35426,0,-4060.504443,-94.243704,-198.8570167,-568.6008256,-512.4427194,20.28235426,0,20.28235426,8/07/2015,2015,0,0
189,190,686.9932717,388.3128462,100693.3287,-27204.26358,-17064.07355,-16.59532099,0.565235297,-92.67748404,-78.08958213,78.60346664,0,78.60346664,9/07/2015,2015,0.565235297,0
190,191,2905.40653,13855.2881,99348.90111,-76301.77491,-16078.54187,-3.639099073,4.768794987,-10.42449867,-5.790722213,37.39185989,0,37.39185989,10/07/2015,2015,4.768794987,0
191,192,3725.210928,91213.95823,5200.75538,-134177.7546,4580.50321,0.90023199,24.48558216,22.55946912,25.2745982,-103.7515813,22.55946912,0,11/07/2015,2015,24.48558216,22.55946912
192,193,1943.542213,76138.1365,6501.393097,-101194.6992,4632.768046,1.674780174,39.17493326,31.53605242,35.5670759,-75.66870262,31.53605242,0,12/07/2015,2015,39.17493326,31.53605242
193,194,3833.505935,-70036.28375,138518.7346,-14184.91293,-36344.81249,-6.287972178,-18.26951228,-26.83456758,-23.67641823,127.0005853,0,127.0005853,13/07/2015,2015,0,0
194,195,4281.703643,-98135.25932,175518.8968,0,-8852.794871,-1.312642294,-22.91967579,-33.20414448,-29.9247228,175.5188968,0,175.5188968,14/07/2015,2015,0,0
195,196,4197.208772,11993.48988,60409.09979,-80020.71977,2322.485275,0.446369411,2.857491856,0.881504155,3.410953173,-4.567724656,0.881504155,0,15/07/2015,2015,2.857491856,0.881504155
196,197,3525.167714,135248.5853,6019.879837,-187773.7985,7350.080708,1.474349044,38.36656758,33.65130107,37.63802785,-146.4524445,33.65130107,0,16/07/2015,2015,38.36656758,33.65130107
197,198,3516.077904,125293.0516,0,-184676.525,7434.625589,1.494104394,35.63432182,34.54572035,38.34211497,-149.9573383,34.54572035,0,17/07/2015,2015,35.63432182,34.54572035
198,199,3751.737381,8861.553851,101970.0586,-68120.31162,-10054.78412,-1.723680605,2.361986715,-10.07310809,-6.586365949,46.65636562,0,46.65636562,18/07/2015,2015,2.361986715,0
199,200,2215.155629,-102852.2074,196718.5671,0,-45809.70125,-13.80428033,-46.43114282,-71.93266121,-64.82820085,196.7185671,0,196.7185671,19/07/2015,2015,0,0
200,201,2999.609329,-84333.00021,139778.7184,-29518.88334,-29788.54569,-6.589972118,-28.11466127,-31.27260642,-26.83338754,115.8093851,0,115.8093851,20/07/2015,2015,0,0
201,202,2650.578446,612.1984738,75044.74635,-73686.33376,-8069.300364,-1.968190926,0.230967876,-4.648520827,-0.374122562,15.21144335,0,15.21144335,21/07/2015,2015,0.230967876,0
202,203,2013.514238,-26287.83794,92116.79148,-55877.99066,-38913.67042,-12.89563454,-13.05570005,-18.80420231,-13.13838467,46.74386307,0,46.74386307,22/07/2015,2015,0,0
203,204,1195.796921,-113725.541,294657.1464,0,-50590.38525,-28.31885024,-95.10439354,-199.5926603,-179.879805,294.6571464,0,294.6571464,23/07/2015,2015,0,0
204,205,4037.441162,-26174.24082,65588.49483,-70934.79954,-57.17707889,0.065495495,-6.482878579,-1.602857898,0.966652463,7.9894376,0,7.9894376,24/07/2015,2015,0,0
205,206,4032.811977,92108.30108,4674.250765,-131022.7721,5095.465114,0.922987772,22.83972117,20.42995186,22.8709945,-101.7162402,20.42995186,0,25/07/2015,2015,22.83972117,20.42995186
206,207,2862.622452,107718.6691,0,-136986.6919,7172.480597,1.756585836,37.62936639,31.47424731,34.93310305,-111.2331938,31.47424731,0,26/07/2015,2015,37.62936639,31.47424731
207,208,3625.82215,61009.54868,74116.54762,-116542.0676,-1279.018921,-0.161746847,16.8264041,4.583138516,8.541684706,-20.5156113,4.583138516,0,27/07/2015,2015,16.8264041,4.583138516
208,209,3774.540991,36525.73834,34205.94524,-98113.40016,3764.550656,0.744364585,9.676868905,9.755975627,12.35976565,-45.46213569,9.755975627,0,28/07/2015,2015,9.676868905,9.755975627
209,210,3347.882526,127993.9446,4246.963551,-176297.689,9373.164945,1.954012982,38.23131296,33.60765339,37.5153634,-138.9067599,33.60765339,0,29/07/2015,2015,38.23131296,33.60765339
210,211,2923.158641,111181.6732,2083.450342,-153631.6468,7410.60485,1.77643359,38.03477225,33.9902907,37.84610999,-122.6654469,33.9902907,0,30/07/2015,2015,38.03477225,33.9902907
211,212,3156.481695,100824.1239,345.140448,-148282.1082,5971.967749,1.344778327,31.94193208,30.80915838,34.21340496,-120.0599314,30.80915838,0,31/07/2015,2015,31.94193208,30.80915838
212,213,3617.783652,106854.6204,9326.41884,-166222.0663,5423.996268,1.081214385,29.53593434,28.13136106,31.6585605,-125.645899,28.13136106,0,1/08/2015,2015,29.53593434,28.13136106
213,214,4379.703994,-29454.21934,102397.7802,-40769.7098,-5665.145298,-0.793120527,-6.725162107,-12.81528353,-10.27203927,69.29277588,0,69.29277588,2/08/2015,2015,0,0
214,215,4689.484943,-65343.00152,106323.5304,-3158.334178,-3126.122309,-0.372398529,-13.93393994,-17.92195968,-16.05945944,103.758963,0,103.758963,3/08/2015,2015,0,0
215,216,4485.594293,-47879.36082,115462.2365,-5607.537148,-6941.81971,-0.963644848,-10.67402839,-20.02771905,-17.87810607,110.9089164,0,110.9089164,4/08/2015,2015,0,0
216,217,4893.375592,-51356.78243,97584.12413,0,-2839.413867,-0.314434012,-10.49516463,-16.15309086,-14.55772386,97.58412413,0,97.58412413,5/08/2015,2015,0,0
217,218,4689.484943,-52325.59486,109953.8588,-2338.416919,-4571.380967,-0.579238356,-11.15806864,-18.66401174,-16.75221768,108.0550642,0,108.0550642,6/08/2015,2015,0,0
218,219,3732.072658,-45878.59735,118766.0004,-14678.66803,-7532.92729,-1.279650984,-12.29306114,-23.18979685,-20.35966595,106.8469219,0,106.8469219,7/08/2015,2015,0,0
219,220,4458.773048,-26642.23085,101468.5058,-16654.90072,-8416.867394,-1.191919,-5.975238156,-15.97641945,-13.8858675,87.94472646,0,87.94472646,8/08/2015,2015,0,0
220,221,4485.594293,-51314.59915,120170.6952,-27653.21844,-4606.954266,-0.61429899,-11.43986634,-17.64541845,-15.05659087,97.71628187,0,97.71628187,9/08/2015,2015,0,0
221,222,4257.052617,47988.65372,28578.58115,-88453.42518,3052.059924,0.556169144,11.2727415,8.228447997,10.26734694,-43.2456001,8.228447997,0,10/08/2015,2015,11.2727415,8.228447997
222,223,3797.902825,149086.582,1914.176577,-191682.0005,10206.57606,1.87864042,39.25497542,32.78720075,36.47552817,-153.7316078,32.78720075,0,11/08/2015,2015,39.25497542,32.78720075
223,224,4290.439188,95222.92565,29033.97188,-142643.5881,4185.730182,0.729761614,22.19421404,16.38574059,19.33019354,-86.79262168,16.38574059,0,12/08/2015,2015,22.19421404,16.38574059
224,225,4893.375592,-81168.23634,135046.7666,0,-3879.702997,-0.457112744,-16.58737099,-22.35427853,-20.14644855,135.0467666,0,135.0467666,13/08/2015,2015,0,0
225,226,4893.375592,-70974.13143,111036.1728,0,-2410.190936,-0.255564817,-14.50412504,-18.37980721,-16.56451761,111.0361728,0,111.0361728,14/08/2015,2015,0,0
226,227,4859.446346,-21250.03721,47842.60979,-28300.09833,920.7286984,0.202162372,-4.372933807,-4.144293778,-2.935732253,24.86292995,0,24.86292995,15/08/2015,2015,0,0
227,228,4893.375592,-56248.88734,93737.44096,-18232.83484,-2113.622863,-0.214889629,-11.49490496,-13.06566926,-11.26387326,78.93237907,0,78.93237907,16/08/2015,2015,0,0
228,229,4408.607469,16381.86403,27410.38134,-96591.22647,306.8753904,0.121716937,3.715881749,9.374291742,11.45532173,-51.02169455,9.374291742,0,17/08/2015,2015,3.715881749,9.374291742
229,230,3239.512395,14346.79075,61411.62307,-52514.20538,-4573.10092,-0.872425067,4.428688334,-4.693228384,-2.004966835,18.7700883,0,18.7700883,18/08/2015,2015,4.428688334,0
230,231,3848.80882,92760.05435,1879.417634,-137428.2255,6070.317737,1.133519386,24.10097739,23.08947218,25.70941669,-109.7123014,23.08947218,0,19/08/2015,2015,24.10097739,23.08947218
231,232,3912.205558,52878.71802,11216.88674,-79928.7461,2308.783363,0.471073011,13.51634449,11.11522797,12.82132459,-53.6852551,11.11522797,0,20/08/2015,2015,13.51634449,11.11522797
232,233,4078.93397,-20346.14082,53938.94978,-18013.63371,-1318.620078,-0.141963531,-4.988102521,-7.806603977,-6.429493814,39.3118792,0,39.3118792,21/08/2015,2015,0,0
233,234,4744.226618,-50942.5913,68359.47216,-41998.33498,178.4483748,0.100244159,-10.73780732,-5.84879893,-4.056220685,34.25682416,0,34.25682416,22/08/2015,2015,0,0
234,235,4675.901063,-17951.87844,64292.59632,-45517.69456,-342.4037152,0.025854146,-3.839234021,-4.734724849,-2.931130942,27.33222834,0,27.33222834,23/08/2015,2015,0,0
235,236,4689.484943,-77523.89991,149398.6363,0,-5265.251795,-0.678542464,-16.53143167,-25.80515704,-23.25649955,149.3986363,0,149.3986363,24/08/2015,2015,0,0
236,237,3740.791892,-48958.60736,86007.5683,-5622.241107,-8607.498787,-1.469283935,-13.08776558,-17.63484091,-15.68686272,81.44230852,0,81.44230852,25/08/2015,2015,0,0
237,238,2767.044672,56707.49102,29878.25747,-98374.49047,1747.869635,0.498942151,20.49388345,14.63708979,18.07063348,-50.00182879,14.63708979,0,26/08/2015,2015,20.49388345,14.63708979
238,239,2982.241936,39605.66744,79221.29673,-92320.49578,-5833.631803,-1.237834174,13.28050114,-1.156248869,3.206451895,4.257054157,0,4.257054157,27/08/2015,2015,13.28050114,0
239,240,4534.30017,-10135.19096,59527.78829,-36383.29121,-838.0366261,-0.049041344,-2.235227176,-5.356392234,-3.726150063,29.98455582,0,29.98455582,28/08/2015,2015,0,0
240,241,3723.798265,-4065.218413,73673.76222,-64721.60265,502.1834779,0.165508633,-1.091685995,-4.59398004,-1.754949119,21.11982087,0,21.11982087,29/08/2015,2015,0,0
241,242,3643.761996,124078.9114,2214.062982,-187808.3866,7861.217827,1.522949983,34.05241931,33.40831294,37.18241104,-150.286347,33.40831294,0,30/08/2015,2015,34.05241931,33.40831294
242,243,4027.516336,124422.7524,3236.632264,-205331.9144,9368.157464,1.636099565,30.89317138,32.88111669,36.63040536,-163.4928823,32.88111669,0,31/08/2015,2015,30.89317138,32.88111669
243,244,4358.582856,141407.3753,3104.908618,-209301.9374,5704.645409,0.953409613,32.44342942,31.00711831,34.53503948,-166.8482646,31.00711831,0,1/09/2015,2015,32.44342942,31.00711831
244,245,4893.375592,99686.92753,16890.56478,-156150.1744,6566.374361,0.97559767,20.37181198,18.1922956,20.77492584,-109.9033769,18.1922956,0,2/09/2015,2015,20.37181198,18.1922956
245,246,4481.594897,62532.37294,31302.09435,-118225.7038,4192.745884,0.702884375,13.95315158,11.69331781,14.15885111,-64.6971771,11.69331781,0,3/09/2015,2015,13.95315158,11.69331781
246,247,4115.900345,153372.3741,6930.327524,-215847.0447,9555.163176,1.633070083,37.26338378,33.12843886,37.05366767,-168.3374728,33.12843886,0,4/09/2015,2015,37.26338378,33.12843886
247,248,4113.924103,146207.0267,1535.998416,-200494.7849,9554.428314,1.633698662,35.53955373,31.75198859,35.30447098,-161.2657669,31.75198859,0,5/09/2015,2015,35.53955373,31.75198859
248,249,4658.168574,2518.39415,72010.2051,-67672.75847,-2411.469604,-0.272440405,0.540640406,-2.96651768,-0.679738397,17.05992522,0,17.05992522,6/09/2015,2015,0.540640406,0
249,250,4893.375592,-67711.8773,95795.32574,-14287.68338,-2232.473083,-0.231190288,-13.8374576,-13.93657966,-12.15941384,84.19372683,0,84.19372683,7/09/2015,2015,0,0
250,251,4468.545993,-51954.77251,92340.73006,-12534.29175,-4907.492371,-0.66206728,-11.62677358,-14.89342106,-13.03750707,82.16288516,0,82.16288516,8/09/2015,2015,0,0
251,252,4689.484943,7454.01807,56789.3118,-92067.79939,2012.50873,0.363022462,1.589517433,3.103856956,5.491710979,-17.96974131,3.103856956,0,9/09/2015,2015,1.589517433,3.103856956
252,253,4707.893904,117505.0779,0,-220773.2432,8498.262553,1.286482678,24.95916015,30.84329861,34.23281637,-179.2678735,30.84329861,0,10/09/2015,2015,24.95916015,30.84329861
253,254,4498.16122,120251.3387,0,-237617.6597,8750.442443,1.380595748,26.73344346,34.74439432,38.56262216,-192.9455396,34.74439432,0,11/09/2015,2015,26.73344346,34.74439432
254,255,4584.38793,81908.31684,11766.27632,-153364.9588,2307.928782,0.412874001,17.86679445,19.92425559,22.54762026,-112.7660702,19.92425559,0,12/09/2015,2015,17.86679445,19.92425559
255,256,3990.66482,-27943.33805,74508.42135,-41163.01551,-3015.146082,-0.432080415,-7.002176156,-8.33898216,-6.099772185,41.08405276,0,41.08405276,13/09/2015,2015,0,0
256,257,3966.107228,-17186.67725,40894.19696,-21610.11895,-2022.90316,-0.267313773,-4.333386936,-4.768124264,-3.549419152,23.34678038,0,23.34678038,14/09/2015,2015,0,0
257,258,3017.193663,80111.1127,2827.473884,-153037.2564,5956.927667,1.400051846,26.55153154,32.60162304,36.3427587,-121.4387783,32.60162304,0,15/09/2015,2015,26.55153154,32.60162304
258,259,2791.390036,82808.66247,13866.3746,-137113.9918,5072.72646,1.294648404,29.66574409,28.28370463,32.23152602,-97.47018677,28.28370463,0,16/09/2015,2015,29.66574409,28.28370463
259,260,3283.915928,51425.18829,14983.99281,-111962.4319,2187.808148,0.522127042,15.65971524,18.72852348,21.5578785,-75.92950192,18.72852348,0,17/09/2015,2015,15.65971524,18.72852348
260,261,3528.028144,64455.86238,15361.65778,-129340.2844,4659.36281,0.961356063,18.26965652,20.58564901,23.58382474,-89.66265315,20.58564901,0,18/09/2015,2015,18.26965652,20.58564901
261,262,2832.661706,43298.38624,18386.30042,-137112.6669,-1348.090764,-0.244402384,15.28540671,26.57883211,30.59675193,-92.94918508,26.57883211,0,19/09/2015,2015,15.28540671,26.57883211
262,263,2591.285124,52541.11772,21058.87118,-109146.5344,1709.416643,0.517737652,20.27608511,21.120861,24.81548384,-67.56811472,21.120861,0,20/09/2015,2015,20.27608511,21.120861
263,264,4536.194269,3811.870433,48523.97779,-47697.38246,-4851.254909,-0.642754925,0.840323453,-1.748800679,-0.133022211,9.793703231,0,9.793703231,21/09/2015,2015,0.840323453,0
264,265,4281.703643,-52086.49287,116568.4511,-9562.403289,-9543.449692,-1.42089984,-12.16489912,-20.58317642,-18.24376963,108.8037796,0,108.8037796,22/09/2015,2015,0,0
265,266,4893.375592,-30063.77787,72604.09454,-8586.807486,-1748.728703,-0.164843315,-6.143770758,-10.86399369,-9.550180376,65.63160687,0,65.63160687,23/09/2015,2015,0,0
266,267,4584.668696,44733.14148,0,-88766.89667,4181.026745,0.687052561,9.757115388,12.73456539,14.13402775,-72.0787201,12.73456539,0,24/09/2015,2015,9.757115388,12.73456539
267,268,4483.278701,98655.61953,10438.76277,-166179.8784,4460.648178,0.74275318,22.00523905,22.4934559,25.35889958,-124.4992985,22.4934559,0,25/09/2015,2015,22.00523905,22.4934559
268,269,3858.674258,65794.82976,9012.382878,-131232.0079,5849.078947,1.092332917,17.05114901,20.47695162,23.12201556,-97.54800753,20.47695162,0,26/09/2015,2015,17.05114901,20.47695162
269,270,3465.646822,39919.94398,21177.89963,-89535.05236,3852.19201,0.820997471,11.51875711,12.04245501,14.39867478,-51.52456288,12.04245501,0,27/09/2015,2015,11.51875711,12.04245501
270,271,3328.115317,103018.8272,7896.398648,-145822.8561,6897.304631,1.465896369,30.95410388,26.89646166,30.25325277,-110.5117605,26.89646166,0,28/09/2015,2015,30.95410388,26.89646166
271,272,3500,69859.25345,12453.75928,-120784.5205,6767.974647,1.372789961,19.9597867,19.81567138,22.59470163,-85.62327138,19.81567138,0,29/09/2015,2015,19.9597867,19.81567138
272,273,3606.394932,117600.8665,9914.313834,-185494.0149,6078.294115,1.206155101,32.60898175,31.60289747,35.54052848,-140.7068263,31.60289747,0,30/09/2015,2015,32.60898175,31.60289747
273,274,2983.62152,75206.15872,6617.860547,-132327.1875,4362.058898,1.056209007,25.20633338,27.37403863,30.75718823,-100.8318157,27.37403863,0,1/10/2015,2015,25.20633338,27.37403863
274,275,3088.469001,587.5495149,18509.55331,-26594.4531,-197.0468345,0.032180662,0.190239732,0.809127602,1.910971698,-3.085142613,0.809127602,0,2/10/2015,2015,0.190239732,0.809127602
275,276,3684.589664,64364.03065,0,-161212.3246,5569.347867,1.089446031,17.46843923,28.77730761,31.93978373,-130.9044076,28.77730761,0,3/10/2015,2015,17.46843923,28.77730761
276,277,4451.920492,68457.60618,3533.168724,-159503.9958,-3376.589335,-0.434031404,15.37709541,22.92204042,25.57518805,-125.9840759,22.92204042,0,4/10/2015,2015,15.37709541,22.92204042
277,278,4052.319722,51622.64442,3948.347932,-157910.8531,5047.985227,0.911042016,12.73903541,24.84082486,27.73538035,-124.2752648,24.84082486,0,5/10/2015,2015,12.73903541,24.84082486
278,279,4571.150604,77594.42468,9746.933946,-143461.5862,5510.159166,0.884007123,16.97481256,18.9148303,21.35385695,-106.743874,18.9148303,0,6/10/2015,2015,16.97481256,18.9148303
279,280,3836.399341,96349.30845,0,-190891.8786,6924.750738,1.28641813,25.11451491,32.72688666,36.32340093,-155.0042055,32.72688666,0,7/10/2015,2015,25.11451491,32.72688666
280,281,2904.323121,54623.82517,1282.215728,-155399.9884,4550.051242,1.126441433,18.80776446,34.83465215,38.73741639,-124.9025749,34.83465215,0,8/10/2015,2015,18.80776446,34.83465215
281,282,4667.199851,34527.8048,37532.35544,-105344.2805,2990.921082,0.505092914,7.397970068,8.331726408,10.60651073,-48.00720031,8.331726408,0,9/10/2015,2015,7.397970068,8.331726408
282,283,4570.954225,-10588.61976,23912.51297,-64702.40884,929.6844473,0.211503072,-2.31650094,5.072667914,6.514312443,-28.625843,5.072667914,0,10/10/2015,2015,0,5.072667914
283,284,3333.461826,79381.46606,5987.750698,-136408.2703,5113.678106,1.104559932,23.81352186,25.45952945,28.56099284,-104.7757648,25.45952945,0,11/10/2015,2015,23.81352186,25.45952945
284,285,2957.953264,64079.25294,6076.254776,-101937.4519,5627.724151,1.351895115,21.66337573,21.00254093,23.65780242,-76.69695617,21.00254093,0,12/10/2015,2015,21.66337573,21.00254093
285,286,4112.02968,97107.70154,9033.928989,-150242.0545,5318.916472,0.943121798,23.61551572,22.25171721,25.0683822,-112.9626193,22.25171721,0,13/10/2015,2015,23.61551572,22.25171721
286,287,3411.275917,4440.183691,46685.6631,-48499.26272,-1559.358102,-0.231791092,1.301619628,-1.734380971,0.388103382,7.304261775,0,7.304261775,14/10/2015,2015,1.301619628,0
287,288,2492.572566,-66773.5187,96736.65666,-91952.36001,-9796.642374,-2.562807965,-26.78899688,-7.172423349,-1.401177484,22.07134033,0,22.07134033,15/10/2015,2015,0,0
288,289,3178.420277,73069.87129,3702.215684,-126347.9834,3692.579325,0.854708453,22.98936734,25.20207964,28.16852482,-98.89234685,25.20207964,0,16/10/2015,2015,22.98936734,25.20207964
289,290,2565.713654,29671.96488,15079.15074,-114121.0362,296.0050897,0.152429192,11.56479985,24.49438415,28.17951891,-77.58713069,24.49438415,0,17/10/2015,2015,11.56479985,24.49438415
290,291,3565.954495,-94756.53201,169834.5107,-16966.71482,-33617.25035,-6.252033342,-26.57255782,-35.44818257,-31.2941433,156.0575383,0,156.0575383,18/10/2015,2015,0,0
291,292,3670.031694,-114081.8425,191326.6733,-4312.631625,-18203.6212,-3.253907338,-31.08470227,-41.45416552,-37.19865707,187.8248164,0,187.8248164,19/10/2015,2015,0,0
292,293,4077.812994,-46396.77318,120595.1731,-39798.22661,-55197.25019,-9.009559398,-11.37785702,-17.53538005,-14.4640696,88.27901312,0,88.27901312,20/10/2015,2015,0,0
293,294,4280.230068,-55274.5728,118463.3058,-7845.508092,-6044.563215,-0.872788733,-12.91392563,-21.21267517,-18.86604015,112.0927532,0,112.0927532,21/10/2015,2015,0,0
294,295,3369.120944,-106226.4804,188627.7677,-8274.523747,-19499.00002,-3.80927053,-31.52943517,-43.7343077,-39.07780998,181.9088544,0,181.9088544,22/10/2015,2015,0,0
295,296,2729.012559,-376.646591,54716.76679,-62523.14476,-3611.328125,-0.813127152,-0.138015705,-1.171800516,2.088175044,3.947973242,0,3.947973242,23/10/2015,2015,0,0
296,297,2613.906923,16068.79486,22904.54,-74914.69467,-581.0056593,-0.074177723,6.147424271,11.752605,14.52515871,-37.92619207,11.752605,0,24/10/2015,2015,6.147424271,11.752605
297,298,1194.973645,25083.72991,11419.22845,-46131.84298,787.1511568,0.517092902,20.99103191,17.65081666,21.20566317,-26.03982806,17.65081666,0,25/10/2015,2015,20.99103191,17.65081666
298,299,2595.271552,60144.49932,18954.5541,-93574.71473,3618.591263,1.010772882,23.17464593,17.79882052,20.9892168,-57.02811426,17.79882052,0,26/10/2015,2015,23.17464593,17.79882052
299,300,2835.221622,-9577.49036,70756.02989,-47713.76274,-9113.833496,-2.082385768,-3.378039404,-9.14570063,-5.932818402,32.01245454,0,32.01245454,27/10/2015,2015,0,0
300,301,2508.716397,-31160.52169,105373.1697,-44376.90454,-19385.75543,-5.111147835,-12.42090247,-22.38781946,-17.74902639,69.33912318,0,69.33912318,28/10/2015,2015,0,0
301,302,3165.565077,54501.40776,8782.8901,-74803.142,4634.580311,1.057591262,17.21696014,13.29474535,15.22470166,-51.9572612,13.29474535,0,29/10/2015,2015,17.21696014,13.29474535
302,303,2795.177026,81526.76121,3218.636128,-117937.3155,4436.070369,1.140130547,29.16694021,26.81856468,29.96040506,-92.54646402,26.81856468,0,30/10/2015,2015,29.16694021,26.81856468
303,304,2755.452665,53407.81197,2679.918567,-129476.1726,3021.453878,0.810930405,19.38259098,30.11785877,33.59203613,-102.4547336,30.11785877,0,31/10/2015,2015,19.38259098,30.11785877
304,305,3637.178231,41037.84966,19317.16937,-84684.87436,4004.067285,0.813840197,11.28288114,11.011841,13.1196278,-49.44694861,11.011841,0,1/11/2015,2015,11.28288114,11.011841
305,306,3391.894118,49627.07821,0,-98584.42937,6969.220333,1.453972609,14.63108118,19.11644309,21.21724056,-80.05055665,19.11644309,0,2/11/2015,2015,14.63108118,19.11644309
306,307,4103.767879,76040.91561,1057.247886,-131699.891,8288.9349,1.430594108,18.52953624,20.89915513,23.23940639,-105.8830636,20.89915513,0,3/11/2015,2015,18.52953624,20.89915513
307,308,4395.204653,-51063.60103,88157.12388,-14214.87129,-24027.48184,-3.593959243,-11.61802579,-14.11944837,-12.28107646,76.61464839,0,76.61464839,4/11/2015,2015,0,0
308,309,4314.465352,32500.71927,26608.89193,-89222.94433,4674.599118,0.802161905,7.532965644,8.606051839,10.59418828,-45.84013886,8.606051839,0,5/11/2015,2015,7.532965644,8.606051839
309,310,4194.189701,85611.64825,0,-184340.8729,6896.729645,1.178592814,20.41196378,28.90777184,32.0845853,-149.6847888,28.90777184,0,6/11/2015,2015,20.41196378,28.90777184
310,311,3808.54895,99844.83812,6124.480305,-173426.4076,6348.432501,1.193718181,26.21597869,28.64744269,32.0674379,-134.6977627,28.64744269,0,7/11/2015,2015,26.21597869,28.64744269
311,312,661.3110169,-81988.45303,108410.3204,-12535.60339,-17007.1286,-17.18492759,-123.978659,-120.3177332,-105.8330221,98.23141048,0,98.23141048,8/11/2015,2015,0,0
312,313,1144.340395,-10627.18308,57198.87206,-31283.79172,-7298.278975,-4.205346852,-9.286732446,-22.50651204,-16.53180184,31.79643319,0,31.79643319,9/11/2015,2015,0,0
313,314,2074.753179,42666.92166,15811.20439,-68885.76475,-4519.279484,-1.386896051,20.56481806,15.66474025,18.6742353,-40.12403659,15.66474025,0,10/11/2015,2015,20.56481806,15.66474025
314,315,5.369990928,-13627.76847,31280.05025,0,-33963.4933,-4244.679062,-2537.763778,-4718.227841,-4252.230029,31.28005025,0,31.28005025,11/11/2015,2015,0,0
315,316,2912.251297,87903.02996,8453.891607,-133633.9208,7621.988069,1.831520201,30.18387529,27.8293464,31.37827473,-100.0568521,27.8293464,0,12/11/2015,2015,30.18387529,27.8293464
316,317,4575.028259,77187.23002,1655.491514,-201150.5101,6675.192823,1.054227871,16.87142147,28.62490852,31.83179542,-161.6787227,28.62490852,0,13/11/2015,2015,16.87142147,28.62490852
317,318,4090.229734,70270.09665,4094.87958,-197024.8,5540.638337,0.984129673,17.17998773,30.87119972,34.43299058,-155.889258,30.87119972,0,14/11/2015,2015,17.17998773,30.87119972
318,319,3408.036664,23585.19157,51964.60234,-112569.8459,-21632.52295,-4.185069127,6.920462979,9.374344913,12.98161733,-39.44211255,9.374344913,0,15/11/2015,2015,6.920462979,9.374344913
319,320,2933.229611,17387.25707,61922.38489,-61855.24737,-5732.229505,-1.236569296,5.927683604,-3.229784134,-0.016708677,11.69592402,0,11.69592402,16/11/2015,2015,5.927683604,0
320,321,3545.004339,59719.26231,9244.972579,-98888.09133,4333.028821,0.895329894,16.84603363,16.23474674,18.45963233,-71.05215758,16.23474674,0,17/11/2015,2015,16.84603363,16.23474674
321,322,3449.750006,65308.73348,12199.86713,-161626.4367,7131.456798,1.462408539,18.93143949,27.95073481,31.62008713,-119.0407995,27.95073481,0,18/11/2015,2015,18.93143949,27.95073481
322,323,2206.812582,37084.1185,16948.21545,-103836.7767,2585.210528,0.861220197,16.80438058,24.72682578,28.7422005,-67.36724724,24.72682578,0,19/11/2015,2015,16.80438058,24.72682578
323,324,2665.263759,35552.51634,12785.86034,-112312.9038,4224.361478,1.138737846,13.33921126,23.83024793,27.25986929,-78.41221752,23.83024793,0,20/11/2015,2015,13.33921126,23.83024793
324,325,3278.999979,100632.6561,9093.011372,-152919.2783,7656.800004,1.642182672,30.69004474,28.42718179,32.01987664,-115.0774426,28.42718179,0,21/11/2015,2015,30.69004474,28.42718179
325,326,4583.30453,147265.8455,0,-219734.6259,12183.56226,1.859059377,32.13093185,31.5326763,34.99795308,-178.4245162,31.5326763,0,22/11/2015,2015,32.13093185,31.5326763
326,327,4120.421879,110715.1041,0,-176832.5681,10936.8936,1.856418811,26.86984667,28.22679816,31.32877616,-143.5880453,28.22679816,0,23/11/2015,2015,26.86984667,28.22679816
327,328,2777.512071,36082.63766,6484.266267,-84756.60645,5393.000614,1.37813151,12.9909922,18.17952838,20.5719388,-62.33809817,18.17952838,0,24/11/2015,2015,12.9909922,18.17952838
328,329,1147.692285,23758.91477,3779.904883,-34297.72962,2265.447222,1.399775287,20.7014677,16.98763686,19.41113689,-24.06985157,16.98763686,0,25/11/2015,2015,20.7014677,16.98763686
329,330,2681.047543,46809.96133,11480.80546,-74256.03357,2956.762114,0.815159983,17.45957898,14.74805102,17.09254154,-48.81509379,14.74805102,0,26/11/2015,2015,17.45957898,14.74805102
330,331,3147.08896,91925.76583,0,-136386.3086,9103.038201,2.01629295,29.20977672,28.50380274,31.6362221,-110.7456826,28.50380274,0,27/11/2015,2015,29.20977672,28.50380274
331,332,4884.171576,-13591.51016,42210.25158,-35489.79066,349.556448,0.123033047,-2.78276673,-2.221043733,-1.00445621,13.39254156,0,13.39254156,28/11/2015,2015,0,0
332,333,4281.703643,-51545.39195,116988.5386,-9131.202621,-6203.016421,-0.89729949,-12.03852397,-20.72888483,-18.38890821,109.5740021,0,109.5740021,29/11/2015,2015,0,0
333,334,3171.155981,-16864.08303,44650.21643,-16154.33876,-6543.976109,-1.309961919,-5.317960748,-8.054363698,-6.559750078,31.53289335,0,31.53289335,30/11/2015,2015,0,0
334,335,3380.86561,36555.88449,16600.56346,-84111.60216,4829.428295,1.033697392,10.81258136,12.38600743,14.57705332,-51.6980575,12.38600743,0,1/12/2015,2015,10.81258136,12.38600743
335,336,2950.087853,24964.71429,27670.82601,-65716.01177,1774.945542,0.478797676,8.462362996,7.053812369,9.414291025,-25.69057554,7.053812369,0,2/12/2015,2015,8.462362996,7.053812369
336,337,2874.778033,59686.66629,3094.185816,-77488.43957,4365.030432,1.094052808,20.76218254,16.85674699,18.8911299,-59.82642712,16.85674699,0,3/12/2015,2015,20.76218254,16.85674699
337,338,3427.258838,94424.04256,2666.416557,-136082.5363,5517.67513,1.155495476,27.5508933,25.48520916,28.41739477,-107.8326029,25.48520916,0,4/12/2015,2015,27.5508933,25.48520916
338,339,4644.561287,115335.341,0,-182414.3146,7527.180844,1.162680604,24.83234344,25.83183548,28.67061956,-148.1204235,25.83183548,0,5/12/2015,2015,24.83234344,25.83183548
339,340,3525.844487,67416.74222,11565.15754,-98155.94226,4417.597487,0.915885223,19.12073617,15.65337012,17.92798096,-68.13746758,15.65337012,0,6/12/2015,2015,19.12073617,15.65337012
340,341,3803.964734,10951.75069,21818.47107,-39759.92102,-344.4728134,0.014223988,2.87903581,2.228709853,3.443054649,-10.4665848,2.228709853,0,7/12/2015,2015,2.87903581,2.228709853
341,342,3012.957491,43614.86884,0,-66708.65294,4618.828956,1.103851291,14.47576641,14.56230808,16.16262984,-54.16742618,14.56230808,0,8/12/2015,2015,14.47576641,14.56230808
342,343,1989.513306,28940.61717,27561.1065,-50283.73999,-55527.91442,-18.65674537,14.54658136,5.4023892,8.33747751,-13.26929037,5.4023892,0,9/12/2015,2015,14.54658136,5.4023892
343,344,1695.293837,18432.74661,36202.46638,-62577.43739,-656.9914915,-0.185092898,10.87289188,6.980757017,11.35716323,-14.61041278,6.980757017,0,10/12/2015,2015,10.87289188,6.980757017
344,345,2559.741888,12363.81413,56250.78694,-54613.20123,-9024.039202,-2.291020643,4.830101889,-3.767154319,-0.467014887,11.90486754,0,11.90486754,11/12/2015,2015,4.830101889,0
345,346,2830.204507,56212.34661,30959.13845,-87479.45189,962.3265888,0.30320145,19.86158473,11.46916517,14.57839132,-40.07417648,11.46916517,0,12/12/2015,2015,19.86158473,11.46916517
346,347,3014.915082,-162130.0662,261534.2551,0,-25295.72499,-5.556003255,-53.77599759,-70.26491323,-63.32516872,261.5342551,0,261.5342551,13/12/2015,2015,0,0
347,348,4281.703643,-58210.57512,94984.66382,-8007.696281,-4490.449596,-0.628861082,-13.59519013,-16.73884081,-14.82895398,88.48241444,0,88.48241444,14/12/2015,2015,0,0
348,349,3195.922438,17047.41929,36850.90866,-75873.33991,2960.801659,0.69676578,5.334115462,6.274926097,8.913349859,-24.75824334,6.274926097,0,15/12/2015,2015,5.334115462,6.274926097
349,350,1479.382758,9574.790326,59340.96336,-54334.78549,-6004.12604,-2.648848693,6.472152168,-8.333952212,-2.470293658,15.22111754,0,15.22111754,16/12/2015,2015,6.472152168,0
350,351,3500,-2425.438669,47236.43292,-26006.15393,-5409.379354,-0.962273126,-0.692982477,-6.044783743,-4.428029618,26.11943593,0,26.11943593,17/12/2015,2015,0,0
351,352,2986.616449,-10831.25349,75887.66999,-40365.33508,-6961.631896,-1.489391093,-3.626596744,-11.6921356,-8.682502399,43.11101791,0,43.11101791,18/12/2015,2015,0,0
352,353,2167.609265,40945.31719,12913.63758,-93043.23011,3835.230413,1.26247423,18.88962086,23.40659255,26.98576884,-62.63746527,23.40659255,0,19/12/2015,2015,18.88962086,23.40659255
353,354,1143.650998,15100.24809,33721.20807,-46507.45452,-49516.14908,-28.98309103,13.20354559,2.863377427,8.161545721,-4.042845005,2.863377427,0,20/12/2015,2015,13.20354559,2.863377427
354,355,804.0019135,-66787.53412,96923.91029,0,-21926.08245,-18.22780666,-83.06887459,-97.64699066,-88.00284343,96.92391029,0,96.92391029,21/12/2015,2015,0,0
355,356,2608.202513,-95172.02056,138055.9215,-11214.21606,-11826.57108,-2.96820542,-36.48950574,-40.04653847,-35.50124829,128.9499781,0,128.9499781,22/12/2015,2015,0,0
356,357,2126.257227,-49561.40853,70556.92484,-12589.55592,-20817.1054,-6.495800326,-23.3092252,-22.98438109,-19.90172157,60.33420543,0,60.33420543,23/12/2015,2015,0,0
357,358,1928.825042,33543.4412,3089.781058,-55546.33689,3827.770381,1.40688514,17.39060852,17.64349451,19.85316704,-42.01384449,17.64349451,0,24/12/2015,2015,17.39060852,17.64349451
358,359,2317.518173,63182.877,0,-72035.59748,4288.789348,1.31701059,27.26316356,20.44396188,22.69064674,-58.49290515,20.44396188,0,25/12/2015,2015,27.26316356,20.44396188
359,360,2555.753322,74235.02786,4066.278445,-110383.1011,5286.284884,1.463178653,29.04624136,27.11822269,30.36728149,-85.56479967,27.11822269,0,26/12/2015,2015,29.04624136,27.11822269
360,361,2512.972243,28834.28239,20311.24381,-72928.52317,1088.262138,0.365642794,11.47417464,12.54070389,15.28493362,-38.90671701,12.54070389,0,27/12/2015,2015,11.47417464,12.54070389
361,362,3609.671587,59432.60754,3605.341483,-107612.9976,3884.054385,0.797156531,16.46482405,18.79918783,21.03393262,-83.77641253,18.79918783,0,28/12/2015,2015,16.46482405,18.79918783
362,363,2810.979259,101581.1324,0,-107890.2396,6390.043589,1.600667557,36.1372757,25.24442975,28.01866101,-87.6068746,25.24442975,0,29/12/2015,2015,36.1372757,25.24442975
363,364,3402.227081,95780.82292,4662.923375,-156634.9369,6385.636979,1.334663832,28.15238979,29.1705875,32.60792628,-122.5246454,29.1705875,0,30/12/2015,2015,28.15238979,29.1705875
364,365,2413.502485,67661.34641,9131.264924,-117343.979,5543.937416,1.616644722,28.03450456,28.91364632,32.73055724,-86.15204599,28.91364632,0,31/12/2015,2015,28.03450456,28.91364632
